path,sha256,size_bytes,kind,status,antenna,port,point_count,declared_frequency_unit,raw_frequency_min,raw_frequency_max,source_sha256_at_17f0a758,provenance_note,validation_flags
Results/Corrupt_Artifacts/ANT1481H_P2.jpg.nul,c45def2ddb7d711e9ba501bac07e065ae54816177a29535b4120b2d8715d484b,47411,corrupt_smith_chart_bytes,quarantined_corrupt,ANT1481H,P2,,,,,c45def2ddb7d711e9ba501bac07e065ae54816177a29535b4120b2d8715d484b,Moved from Results/Smith_Charts/ANT1481H_P2.jpg and renamed .nul; all legacy bytes preserved from 17f0a758.,all_NUL_bytes;bytes_preserved_from_17f0a758;excluded_from_canonical_dataset;invalid_original_format
Results/Corrupt_Artifacts/ANT1481H_P2.s1p.nul,913127fb4076378ce8f372101db3c72e51b8477660c14f272251956233b4a089,8167,corrupt_touchstone_bytes,quarantined_corrupt,ANT1481H,P2,,,,,913127fb4076378ce8f372101db3c72e51b8477660c14f272251956233b4a089,Moved from Results/Touchstone_Files/ANT1481H_P2.s1p and renamed .nul; all legacy bytes preserved from 17f0a758.,all_NUL_bytes;bytes_preserved_from_17f0a758;excluded_from_canonical_dataset;invalid_original_format
Results/S11_Plots/S11_ANT1342H_P1.png,d31fd3df30273e66029603419b78733669c854b69f29388596faf2ab2b36ceaf,31067,s11_plot_png,regenerated_valid,ANT1342H,P1,,,,,f4607e057b24cd35a02c1a7df61f6b3066cac812c52f16b2bf3b7a5b1618e28d,Regenerated from the current ANT1342H Touchstone file with tools/render_s1p_plots.py; replaces the stale pre-retest plot at 17f0a758.,valid_png_container;S11_magnitude_label_dB;regenerated_from_current_touchstone;replaces_stale_pre_retest_plot
Results/S11_Plots/S11_ANT1342H_P2.png,1821d660ce45a005709e9cb05b9a3d88959125d1ba3c841064fc484ddeabfa1c,30429,s11_plot_png,regenerated_valid,ANT1342H,P2,,,,,b50647e73b2b5ecab027685642004304757a16bb517f9797eca58c9d613851b2,Regenerated from the current ANT1342H Touchstone file with tools/render_s1p_plots.py; replaces the stale pre-retest plot at 17f0a758.,valid_png_container;S11_magnitude_label_dB;regenerated_from_current_touchstone;replaces_stale_pre_retest_plot
Results/S11_Plots/S11_ANT1343H_P1.png,689e4f4096564d049f10997011d47a9a98434842fdb1dfd30d6b8d633c92bcf2,27993,s11_plot_png,reference_plot_valid,ANT1343H,P1,,,,,689e4f4096564d049f10997011d47a9a98434842fdb1dfd30d6b8d633c92bcf2,Preserved from 17f0a758.,valid_png_container;legacy_axis_label_dBm;unchanged_from_17f0a758
Results/S11_Plots/S11_ANT1343H_P2.png,af2c9b49b950b9baff75a45ce92e53bf921d9ff9c80f58f5c8545329e8a1652e,25709,s11_plot_png,reference_plot_valid,ANT1343H,P2,,,,,af2c9b49b950b9baff75a45ce92e53bf921d9ff9c80f58f5c8545329e8a1652e,Preserved from 17f0a758.,valid_png_container;legacy_axis_label_dBm;unchanged_from_17f0a758
Results/S11_Plots/S11_ANT1344H_P1.png,31fe6df4b0a3b876b5961ba089930089f96562abed804775a2993f46eca75891,28142,s11_plot_png,reference_plot_valid,ANT1344H,P1,,,,,31fe6df4b0a3b876b5961ba089930089f96562abed804775a2993f46eca75891,Preserved from 17f0a758.,valid_png_container;legacy_axis_label_dBm;unchanged_from_17f0a758
Results/S11_Plots/S11_ANT1344H_P2.png,bdf7f0a117f32c6a9947abfa206f850a3538c037c86516806e8fdd01929ba789,27211,s11_plot_png,reference_plot_valid,ANT1344H,P2,,,,,bdf7f0a117f32c6a9947abfa206f850a3538c037c86516806e8fdd01929ba789,Preserved from 17f0a758.,valid_png_container;legacy_axis_label_dBm;unchanged_from_17f0a758
Results/S11_Plots/S11_ANT1345H_P1.png,2fcca0572bc4745ed8a13bde239faf2ad810c16091b5c967e5f9c65fa14aec74,28017,s11_plot_png,reference_plot_valid,ANT1345H,P1,,,,,2fcca0572bc4745ed8a13bde239faf2ad810c16091b5c967e5f9c65fa14aec74,Preserved from 17f0a758.,valid_png_container;legacy_axis_label_dBm;unchanged_from_17f0a758
Results/S11_Plots/S11_ANT1345H_P2.png,6301bac7ee350a51ca992a3aff01e1e67fb9b97984156dd447389d26891718bf,27494,s11_plot_png,reference_plot_valid,ANT1345H,P2,,,,,6301bac7ee350a51ca992a3aff01e1e67fb9b97984156dd447389d26891718bf,Preserved from 17f0a758.,valid_png_container;legacy_axis_label_dBm;unchanged_from_17f0a758
Results/S11_Plots/S11_ANT1346H_P1.png,ff1284541b3a08ee66bbdc06ddb16dd4d71141ece5ab00b0aa3e0f944dca29dc,28263,s11_plot_png,reference_plot_valid,ANT1346H,P1,,,,,ff1284541b3a08ee66bbdc06ddb16dd4d71141ece5ab00b0aa3e0f944dca29dc,Preserved from 17f0a758.,valid_png_container;legacy_axis_label_dBm;unchanged_from_17f0a758
Results/S11_Plots/S11_ANT1346H_P2.png,607826d1dd144291b22f1f5ccf74f99172d6b053353f82f66cca4715d0829347,28514,s11_plot_png,reference_plot_valid,ANT1346H,P2,,,,,607826d1dd144291b22f1f5ccf74f99172d6b053353f82f66cca4715d0829347,Preserved from 17f0a758.,valid_png_container;legacy_axis_label_dBm;unchanged_from_17f0a758
Results/S11_Plots/S11_ANT1347H_P1.png,0bec148d9e1689b803620964ae66a3561ee9c30cb42bee54db8003cd994756a2,26132,s11_plot_png,reference_plot_valid,ANT1347H,P1,,,,,0bec148d9e1689b803620964ae66a3561ee9c30cb42bee54db8003cd994756a2,Preserved from 17f0a758.,valid_png_container;legacy_axis_label_dBm;unchanged_from_17f0a758
Results/S11_Plots/S11_ANT1347H_P2.png,609b43040550538cd4a6d8a6be04bbc8a0592d16b59e569d4ecb61c8f56cc687,27888,s11_plot_png,reference_plot_valid,ANT1347H,P2,,,,,609b43040550538cd4a6d8a6be04bbc8a0592d16b59e569d4ecb61c8f56cc687,Preserved from 17f0a758.,valid_png_container;legacy_axis_label_dBm;unchanged_from_17f0a758
Results/S11_Plots/S11_ANT1348H_P1.png,aa3b472477e9853dfdd98083587118c64a4f0db2c6e9bd83685995014ef9f689,28552,s11_plot_png,reference_plot_valid,ANT1348H,P1,,,,,aa3b472477e9853dfdd98083587118c64a4f0db2c6e9bd83685995014ef9f689,Preserved from 17f0a758.,valid_png_container;legacy_axis_label_dBm;unchanged_from_17f0a758
Results/S11_Plots/S11_ANT1348H_P2.png,4009eff4d934250ab721b0dfe7e048fe6199dae42023c459b254cbd21589cabf,25651,s11_plot_png,reference_plot_valid,ANT1348H,P2,,,,,4009eff4d934250ab721b0dfe7e048fe6199dae42023c459b254cbd21589cabf,Preserved from 17f0a758.,valid_png_container;legacy_axis_label_dBm;unchanged_from_17f0a758
Results/S11_Plots/S11_ANT1349H_P1.png,e1d54096fae642d369d23e9b13fbb84017dfb3779daf2cfdb3e6946aa5153cf6,28896,s11_plot_png,reference_plot_valid,ANT1349H,P1,,,,,e1d54096fae642d369d23e9b13fbb84017dfb3779daf2cfdb3e6946aa5153cf6,Preserved from 17f0a758.,valid_png_container;legacy_axis_label_dBm;unchanged_from_17f0a758
Results/S11_Plots/S11_ANT1349H_P2.png,a05ae2f95709b69c5b5c80b55b0ec23d1c6f56400564c2df1fddc8646f2061ee,27940,s11_plot_png,reference_plot_valid,ANT1349H,P2,,,,,a05ae2f95709b69c5b5c80b55b0ec23d1c6f56400564c2df1fddc8646f2061ee,Preserved from 17f0a758.,valid_png_container;legacy_axis_label_dBm;unchanged_from_17f0a758
Results/S11_Plots/S11_ANT1350H_P1.png,d7ff1cee4d83e55c299c04e005b1c919f4c41f8488c1564da6ec6c9355561915,27830,s11_plot_png,reference_plot_valid,ANT1350H,P1,,,,,d7ff1cee4d83e55c299c04e005b1c919f4c41f8488c1564da6ec6c9355561915,Preserved from 17f0a758.,valid_png_container;legacy_axis_label_dBm;unchanged_from_17f0a758
Results/S11_Plots/S11_ANT1350H_P2.png,5aa940d0a068a8850c4d3587010749cef4c4b2bfa2b1cec98836c568564a5e76,24865,s11_plot_png,reference_plot_valid,ANT1350H,P2,,,,,5aa940d0a068a8850c4d3587010749cef4c4b2bfa2b1cec98836c568564a5e76,Preserved from 17f0a758.,valid_png_container;legacy_axis_label_dBm;unchanged_from_17f0a758
Results/S11_Plots/S11_ANT1351H_Covered_P1.png,ff7ce9dec8325ffd2a8eda862cca05e2cacf9f2e9d59f407f48cd6b2be43365c,29439,s11_plot_png,reference_plot_valid,ANT1351H,P1,,,,,ff7ce9dec8325ffd2a8eda862cca05e2cacf9f2e9d59f407f48cd6b2be43365c,Preserved from 17f0a758.,valid_png_container;legacy_axis_label_dBm;unchanged_from_17f0a758
Results/S11_Plots/S11_ANT1351H_Covered_P2.png,b1d49d0cfb3b36b0d1dcaff5ecdc4979bbaeea9a79d76dc0bfb0c5c4ff54b7b5,28577,s11_plot_png,reference_plot_valid,ANT1351H,P2,,,,,b1d49d0cfb3b36b0d1dcaff5ecdc4979bbaeea9a79d76dc0bfb0c5c4ff54b7b5,Preserved from 17f0a758.,valid_png_container;legacy_axis_label_dBm;unchanged_from_17f0a758
Results/S11_Plots/S11_ANT1351H_P1.png,af61be213aa79a71e5ba9dc1cb20937f086c03cb55bac218af1c6f8aa235a547,27582,s11_plot_png,reference_plot_valid,ANT1351H,P1,,,,,af61be213aa79a71e5ba9dc1cb20937f086c03cb55bac218af1c6f8aa235a547,Preserved from 17f0a758.,valid_png_container;legacy_axis_label_dBm;unchanged_from_17f0a758
Results/S11_Plots/S11_ANT1351H_P2.png,b1f38b444c018ef26ffdbeb27cc211c3ea2302e4e59cc81861d45b0af5782e73,24820,s11_plot_png,reference_plot_valid,ANT1351H,P2,,,,,b1f38b444c018ef26ffdbeb27cc211c3ea2302e4e59cc81861d45b0af5782e73,Preserved from 17f0a758.,valid_png_container;legacy_axis_label_dBm;unchanged_from_17f0a758
Results/S11_Plots/S11_ANT1352H_P1.png,a96b03beb5c77e7630e5516ce993c4831c28252e53de9d78620905db510020e8,29505,s11_plot_png,reference_plot_valid,ANT1352H,P1,,,,,a96b03beb5c77e7630e5516ce993c4831c28252e53de9d78620905db510020e8,Preserved from 17f0a758.,valid_png_container;legacy_axis_label_dBm;unchanged_from_17f0a758
Results/S11_Plots/S11_ANT1352H_P2.png,7b1cd758f7095ef9550e84d16b31c9de0b59ea4d4b308ea0c6a6b4f8276d4e54,28657,s11_plot_png,reference_plot_valid,ANT1352H,P2,,,,,7b1cd758f7095ef9550e84d16b31c9de0b59ea4d4b308ea0c6a6b4f8276d4e54,Preserved from 17f0a758.,valid_png_container;legacy_axis_label_dBm;unchanged_from_17f0a758
Results/S11_Plots/S11_ANT1353H_P1.png,bda8bd3c0f97d15a3b89df2beb453c7778d57b47d59fce95f6c9a9420dd40675,29485,s11_plot_png,reference_plot_valid,ANT1353H,P1,,,,,bda8bd3c0f97d15a3b89df2beb453c7778d57b47d59fce95f6c9a9420dd40675,Preserved from 17f0a758.,valid_png_container;legacy_axis_label_dBm;unchanged_from_17f0a758
Results/S11_Plots/S11_ANT1353H_P2.png,3474d7e1fe425b04466170892da84dea681b5dc0f31812629d3ab8fb10e1cbfb,28671,s11_plot_png,reference_plot_valid,ANT1353H,P2,,,,,3474d7e1fe425b04466170892da84dea681b5dc0f31812629d3ab8fb10e1cbfb,Preserved from 17f0a758.,valid_png_container;legacy_axis_label_dBm;unchanged_from_17f0a758
Results/S11_Plots/S11_ANT1354H_P1.png,9ed7b0315c41ec3823f9aae54c616948fb319c729f8b5a4eaafbd38df8dcb186,29477,s11_plot_png,reference_plot_valid,ANT1354H,P1,,,,,9ed7b0315c41ec3823f9aae54c616948fb319c729f8b5a4eaafbd38df8dcb186,Preserved from 17f0a758.,valid_png_container;legacy_axis_label_dBm;unchanged_from_17f0a758
Results/S11_Plots/S11_ANT1354H_P2.png,91ba54e3a368d06c0e9534e8f07a6c9e093bea26dc5633eeb121a51bd5a496e7,28583,s11_plot_png,reference_plot_valid,ANT1354H,P2,,,,,91ba54e3a368d06c0e9534e8f07a6c9e093bea26dc5633eeb121a51bd5a496e7,Preserved from 17f0a758.,valid_png_container;legacy_axis_label_dBm;unchanged_from_17f0a758
Results/S11_Plots/S11_ANT1355H_P1.png,a89b2b6bd4687262917420222c958e8cddbd213d6dd5dba5579eebeafb86cf1e,29911,s11_plot_png,reference_plot_valid,ANT1355H,P1,,,,,a89b2b6bd4687262917420222c958e8cddbd213d6dd5dba5579eebeafb86cf1e,Preserved from 17f0a758.,valid_png_container;legacy_axis_label_dBm;unchanged_from_17f0a758
Results/S11_Plots/S11_ANT1355H_P2.png,53c9ca7918be59f456f7bf27a944e45b8deb540fc01c584e21dc480ca100af82,29699,s11_plot_png,reference_plot_valid,ANT1355H,P2,,,,,53c9ca7918be59f456f7bf27a944e45b8deb540fc01c584e21dc480ca100af82,Preserved from 17f0a758.,valid_png_container;legacy_axis_label_dBm;unchanged_from_17f0a758
Results/S11_Plots/S11_ANT1356H_P1.png,a8e2d6e9e5df997c440644dfa313e089901445fd711fdee079b680671824d0fa,29560,s11_plot_png,reference_plot_valid,ANT1356H,P1,,,,,a8e2d6e9e5df997c440644dfa313e089901445fd711fdee079b680671824d0fa,Preserved from 17f0a758.,valid_png_container;legacy_axis_label_dBm;unchanged_from_17f0a758
Results/S11_Plots/S11_ANT1356H_P2.png,41eb9c61f87d3a8f332687233f7ed89ef4da1a5386fd58ee1f1220b419ae1ec2,28665,s11_plot_png,reference_plot_valid,ANT1356H,P2,,,,,41eb9c61f87d3a8f332687233f7ed89ef4da1a5386fd58ee1f1220b419ae1ec2,Preserved from 17f0a758.,valid_png_container;legacy_axis_label_dBm;unchanged_from_17f0a758
Results/S11_Plots/S11_ANT1357H_P1.png,ee1743f5b55b6b9a7460e70353777bc4e992a5898b38dc234d6854a1cefcee31,29386,s11_plot_png,reference_plot_valid,ANT1357H,P1,,,,,ee1743f5b55b6b9a7460e70353777bc4e992a5898b38dc234d6854a1cefcee31,Preserved from 17f0a758.,valid_png_container;legacy_axis_label_dBm;unchanged_from_17f0a758
Results/S11_Plots/S11_ANT1357H_P2.png,f04049baceff7fe69bdee1c09040ccfe7215266425a8b0f7834b24fab540ca01,28689,s11_plot_png,reference_plot_valid,ANT1357H,P2,,,,,f04049baceff7fe69bdee1c09040ccfe7215266425a8b0f7834b24fab540ca01,Preserved from 17f0a758.,valid_png_container;legacy_axis_label_dBm;unchanged_from_17f0a758
Results/S11_Plots/S11_ANT1358H_P1.png,0d5306412795d24500104002823e8114e1719c62cd695537383c7bbc3c5742c4,30181,s11_plot_png,reference_plot_valid,ANT1358H,P1,,,,,0d5306412795d24500104002823e8114e1719c62cd695537383c7bbc3c5742c4,Preserved from 17f0a758.,valid_png_container;legacy_axis_label_dBm;unchanged_from_17f0a758
Results/S11_Plots/S11_ANT1358H_P2.png,4d3f9bdf04bafef9ab348bbd573d715f20710f50d53f2c270ccfedc26fccb126,29177,s11_plot_png,reference_plot_valid,ANT1358H,P2,,,,,4d3f9bdf04bafef9ab348bbd573d715f20710f50d53f2c270ccfedc26fccb126,Preserved from 17f0a758.,valid_png_container;legacy_axis_label_dBm;unchanged_from_17f0a758
Results/S11_Plots/S11_ANT1359H_P1.png,1d86dcdbf1a23e8f7bfb229ae923128b17544489d027a22fb85883b9195eb452,29652,s11_plot_png,reference_plot_valid,ANT1359H,P1,,,,,1d86dcdbf1a23e8f7bfb229ae923128b17544489d027a22fb85883b9195eb452,Preserved from 17f0a758.,valid_png_container;legacy_axis_label_dBm;unchanged_from_17f0a758
Results/S11_Plots/S11_ANT1359H_P2.png,d0d2001a58f5b5279a800d3a2ab523e9090f33dd61182d77bcf3ca2e7662b3cb,28872,s11_plot_png,reference_plot_valid,ANT1359H,P2,,,,,d0d2001a58f5b5279a800d3a2ab523e9090f33dd61182d77bcf3ca2e7662b3cb,Preserved from 17f0a758.,valid_png_container;legacy_axis_label_dBm;unchanged_from_17f0a758
Results/S11_Plots/S11_ANT1360H_P1.png,9a24d5eff63af49e89bf4eb9ce1bde5e00326376c507acdc1800eb367a9b1c31,29747,s11_plot_png,reference_plot_valid,ANT1360H,P1,,,,,9a24d5eff63af49e89bf4eb9ce1bde5e00326376c507acdc1800eb367a9b1c31,Preserved from 17f0a758.,valid_png_container;legacy_axis_label_dBm;unchanged_from_17f0a758
Results/S11_Plots/S11_ANT1360H_P2.png,b4987c98e8d5bd6c864f941f439a68d787b824bf2d98d2c4c2157996dbb69b50,28616,s11_plot_png,reference_plot_valid,ANT1360H,P2,,,,,b4987c98e8d5bd6c864f941f439a68d787b824bf2d98d2c4c2157996dbb69b50,Preserved from 17f0a758.,valid_png_container;legacy_axis_label_dBm;unchanged_from_17f0a758
Results/S11_Plots/S11_ANT1361H_P1.png,30c2b0e8f86d6cfdcfe6d82c560d0ae20f204ac5130d79bb790c42d9e3e090c7,29941,s11_plot_png,reference_plot_valid,ANT1361H,P1,,,,,30c2b0e8f86d6cfdcfe6d82c560d0ae20f204ac5130d79bb790c42d9e3e090c7,Preserved from 17f0a758.,valid_png_container;legacy_axis_label_dBm;unchanged_from_17f0a758
Results/S11_Plots/S11_ANT1361H_P2.png,2f9f6f5c12da352410ec4fddbd25c78caee6dd574eee05d4b712099fa8941d2c,28875,s11_plot_png,reference_plot_valid,ANT1361H,P2,,,,,2f9f6f5c12da352410ec4fddbd25c78caee6dd574eee05d4b712099fa8941d2c,Preserved from 17f0a758.,valid_png_container;legacy_axis_label_dBm;unchanged_from_17f0a758
Results/S11_Plots/S11_ANT1362H_P1.png,6780c0ce1ec7ff69c25afcdf99155e19b01f8375e641a7986077620bcb6e79f1,29758,s11_plot_png,reference_plot_valid,ANT1362H,P1,,,,,6780c0ce1ec7ff69c25afcdf99155e19b01f8375e641a7986077620bcb6e79f1,Preserved from 17f0a758.,valid_png_container;legacy_axis_label_dBm;unchanged_from_17f0a758
Results/S11_Plots/S11_ANT1362H_P2.png,596e723dbf1c2cc5fe98742aa70d304c50cc25dc1dccd834f8206af28a4c26e0,29255,s11_plot_png,reference_plot_valid,ANT1362H,P2,,,,,596e723dbf1c2cc5fe98742aa70d304c50cc25dc1dccd834f8206af28a4c26e0,Preserved from 17f0a758.,valid_png_container;legacy_axis_label_dBm;unchanged_from_17f0a758
Results/S11_Plots/S11_ANT1363H_P1.png,6c8a515bd04c6e13735718b53bf82d24b9a88b6c78b16b0b8396a36218e66a76,30002,s11_plot_png,reference_plot_valid,ANT1363H,P1,,,,,6c8a515bd04c6e13735718b53bf82d24b9a88b6c78b16b0b8396a36218e66a76,Preserved from 17f0a758.,valid_png_container;legacy_axis_label_dBm;unchanged_from_17f0a758
Results/S11_Plots/S11_ANT1363H_P2.png,5540a402349bbf0c8bb447c74c198b13ed4ce84e157fd447548a2ef72a65034a,29011,s11_plot_png,reference_plot_valid,ANT1363H,P2,,,,,5540a402349bbf0c8bb447c74c198b13ed4ce84e157fd447548a2ef72a65034a,Preserved from 17f0a758.,valid_png_container;legacy_axis_label_dBm;unchanged_from_17f0a758
Results/S11_Plots/S11_ANT1364H_P1.png,3dc95114fc3c8f89d18bb91732767ee7072210f3803a84a976e7c10c7dc2d05d,29932,s11_plot_png,reference_plot_valid,ANT1364H,P1,,,,,3dc95114fc3c8f89d18bb91732767ee7072210f3803a84a976e7c10c7dc2d05d,Preserved from 17f0a758.,valid_png_container;legacy_axis_label_dBm;unchanged_from_17f0a758
Results/S11_Plots/S11_ANT1364H_P2.png,60a140cf5bb003e188668da827c9e1e52f19276b86618c4b02e02092276f99f4,28845,s11_plot_png,reference_plot_valid,ANT1364H,P2,,,,,60a140cf5bb003e188668da827c9e1e52f19276b86618c4b02e02092276f99f4,Preserved from 17f0a758.,valid_png_container;legacy_axis_label_dBm;unchanged_from_17f0a758
Results/S11_Plots/S11_ANT1365H_P1.png,c51178cb3bb6246a93416da27d17b496e632c77c41bfe366115d95392631347f,26559,s11_plot_png,reference_plot_valid,ANT1365H,P1,,,,,c51178cb3bb6246a93416da27d17b496e632c77c41bfe366115d95392631347f,Preserved from 17f0a758.,valid_png_container;legacy_axis_label_dBm;unchanged_from_17f0a758
Results/S11_Plots/S11_ANT1365H_P2.png,70822f8749e778296de197fa0b8bdd857918d269cabf35b036e28a2b0d1d9d32,27930,s11_plot_png,reference_plot_valid,ANT1365H,P2,,,,,70822f8749e778296de197fa0b8bdd857918d269cabf35b036e28a2b0d1d9d32,Preserved from 17f0a758.,valid_png_container;legacy_axis_label_dBm;unchanged_from_17f0a758
Results/S11_Plots/S11_ANT1366H_P1.png,aa2e0ba11bf9b74ae4c9662dd5ef50afcd62b70487298b5898f52ec93aacbe00,29768,s11_plot_png,reference_plot_valid,ANT1366H,P1,,,,,aa2e0ba11bf9b74ae4c9662dd5ef50afcd62b70487298b5898f52ec93aacbe00,Preserved from 17f0a758.,valid_png_container;legacy_axis_label_dBm;unchanged_from_17f0a758
Results/S11_Plots/S11_ANT1366H_P2.png,61dde7c56d0d83a3f70e877f0b7fa0cd754c779f4a7bab02f36780d7b307bbee,28937,s11_plot_png,reference_plot_valid,ANT1366H,P2,,,,,61dde7c56d0d83a3f70e877f0b7fa0cd754c779f4a7bab02f36780d7b307bbee,Preserved from 17f0a758.,valid_png_container;legacy_axis_label_dBm;unchanged_from_17f0a758
Results/S11_Plots/S11_ANT1367H_P1.png,de50da008826a6a0312e0d720af75e9e9d5752c9a7e18811aa2635167567318b,29612,s11_plot_png,reference_plot_valid,ANT1367H,P1,,,,,de50da008826a6a0312e0d720af75e9e9d5752c9a7e18811aa2635167567318b,Preserved from 17f0a758.,valid_png_container;legacy_axis_label_dBm;unchanged_from_17f0a758
Results/S11_Plots/S11_ANT1367H_P2.png,c2311450dc495851b9495f2e2ec6dae1ba1ab7a7709d0a2a10679e5f8540ec69,29081,s11_plot_png,reference_plot_valid,ANT1367H,P2,,,,,c2311450dc495851b9495f2e2ec6dae1ba1ab7a7709d0a2a10679e5f8540ec69,Preserved from 17f0a758.,valid_png_container;legacy_axis_label_dBm;unchanged_from_17f0a758
Results/S11_Plots/S11_ANT1368H_P1.png,164dc85cec557241485146f2cab942ec8208d4b0faff32f4618af8d3aa5c10d5,30212,s11_plot_png,reference_plot_valid,ANT1368H,P1,,,,,164dc85cec557241485146f2cab942ec8208d4b0faff32f4618af8d3aa5c10d5,Preserved from 17f0a758.,valid_png_container;legacy_axis_label_dBm;unchanged_from_17f0a758
Results/S11_Plots/S11_ANT1368H_P2.png,a5b1f8830340992ba92ab76faecc1bc9cb789b6d9b33cad527f0cb79d59892c9,28703,s11_plot_png,reference_plot_valid,ANT1368H,P2,,,,,a5b1f8830340992ba92ab76faecc1bc9cb789b6d9b33cad527f0cb79d59892c9,Preserved from 17f0a758.,valid_png_container;legacy_axis_label_dBm;unchanged_from_17f0a758
Results/S11_Plots/S11_ANT1369H_P1.png,3868564ab4d1cc4a9765b11b87078ab1c33b3579e968ccd05a63bbabf2385fe6,27092,s11_plot_png,reference_plot_valid,ANT1369H,P1,,,,,3868564ab4d1cc4a9765b11b87078ab1c33b3579e968ccd05a63bbabf2385fe6,Preserved from 17f0a758.,valid_png_container;legacy_axis_label_dBm;unchanged_from_17f0a758
Results/S11_Plots/S11_ANT1369H_P2.png,b1298cd1b7cb1005ffda804d5b4fd2ffab057e1c0133a4b72549394bc6ba6f47,29546,s11_plot_png,reference_plot_valid,ANT1369H,P2,,,,,b1298cd1b7cb1005ffda804d5b4fd2ffab057e1c0133a4b72549394bc6ba6f47,Preserved from 17f0a758.,valid_png_container;legacy_axis_label_dBm;unchanged_from_17f0a758
Results/S11_Plots/S11_ANT1370H_P1.png,da43d7134805a1a2f400ae918fe37606ff931fd5d0f81843213e2748d49caa96,29401,s11_plot_png,reference_plot_valid,ANT1370H,P1,,,,,da43d7134805a1a2f400ae918fe37606ff931fd5d0f81843213e2748d49caa96,Preserved from 17f0a758.,valid_png_container;legacy_axis_label_dBm;unchanged_from_17f0a758
Results/S11_Plots/S11_ANT1370H_P2.png,9315a46574e1b36c254f6a62e3f95e7c5e9205a1699f5b61bb39d41c44b39b00,28847,s11_plot_png,reference_plot_valid,ANT1370H,P2,,,,,9315a46574e1b36c254f6a62e3f95e7c5e9205a1699f5b61bb39d41c44b39b00,Preserved from 17f0a758.,valid_png_container;legacy_axis_label_dBm;unchanged_from_17f0a758
Results/S11_Plots/S11_ANT1371H_P1.png,5a597e4718e91e4a5357e432f8342d6ea26549a73d61adb6e36a85790ee837eb,27159,s11_plot_png,reference_plot_valid,ANT1371H,P1,,,,,5a597e4718e91e4a5357e432f8342d6ea26549a73d61adb6e36a85790ee837eb,Preserved from 17f0a758.,valid_png_container;legacy_axis_label_dBm;unchanged_from_17f0a758
Results/S11_Plots/S11_ANT1371H_P2.png,ecc58d788a23149354c2f881ad712a2b7c1f2b04d67216cc1a90afc0a5fc0c7a,28638,s11_plot_png,reference_plot_valid,ANT1371H,P2,,,,,ecc58d788a23149354c2f881ad712a2b7c1f2b04d67216cc1a90afc0a5fc0c7a,Preserved from 17f0a758.,valid_png_container;legacy_axis_label_dBm;unchanged_from_17f0a758
Results/S11_Plots/S11_ANT1372H_P1.png,6438eb48e92359dfc853fa3941f1c17b31db318188b3ea16893e98fa1c0ac95a,29912,s11_plot_png,reference_plot_valid,ANT1372H,P1,,,,,6438eb48e92359dfc853fa3941f1c17b31db318188b3ea16893e98fa1c0ac95a,Preserved from 17f0a758.,valid_png_container;legacy_axis_label_dBm;unchanged_from_17f0a758
Results/S11_Plots/S11_ANT1372H_P2.png,b1fef798ff190257e1ab27827e1448be3912e2c8c46a16a5bcf334fda79be8d1,29151,s11_plot_png,reference_plot_valid,ANT1372H,P2,,,,,b1fef798ff190257e1ab27827e1448be3912e2c8c46a16a5bcf334fda79be8d1,Preserved from 17f0a758.,valid_png_container;legacy_axis_label_dBm;unchanged_from_17f0a758
Results/S11_Plots/S11_ANT1373H_P1.png,6af38abbfd91341e2b2f3bb372d3cc507d03c225872e7064e603dedcb1903a89,29554,s11_plot_png,reference_plot_valid,ANT1373H,P1,,,,,6af38abbfd91341e2b2f3bb372d3cc507d03c225872e7064e603dedcb1903a89,Preserved from 17f0a758.,valid_png_container;legacy_axis_label_dBm;unchanged_from_17f0a758
Results/S11_Plots/S11_ANT1373H_P2.png,6f121e6a966b6ab765e113932e90ac3e9a1d026399ba81ed01204733c430e46c,28670,s11_plot_png,reference_plot_valid,ANT1373H,P2,,,,,6f121e6a966b6ab765e113932e90ac3e9a1d026399ba81ed01204733c430e46c,Preserved from 17f0a758.,valid_png_container;legacy_axis_label_dBm;unchanged_from_17f0a758
Results/S11_Plots/S11_ANT1374H_P1.png,09968623086b700ae9072f2f01aef73dfda91eea38aa817c7566432bd81e0fd2,29834,s11_plot_png,reference_plot_valid,ANT1374H,P1,,,,,09968623086b700ae9072f2f01aef73dfda91eea38aa817c7566432bd81e0fd2,Preserved from 17f0a758.,valid_png_container;legacy_axis_label_dBm;unchanged_from_17f0a758
Results/S11_Plots/S11_ANT1374H_P2.png,7a429713783b7ad0f041efa360a57ceff5c0ff4eb528070513997cef924f9cb4,29153,s11_plot_png,reference_plot_valid,ANT1374H,P2,,,,,7a429713783b7ad0f041efa360a57ceff5c0ff4eb528070513997cef924f9cb4,Preserved from 17f0a758.,valid_png_container;legacy_axis_label_dBm;unchanged_from_17f0a758
Results/S11_Plots/S11_ANT1375H_P1.png,038505c80e1c16f62470639b836ca4a0608860c44d7f0841ea26033c7d3699fd,27350,s11_plot_png,reference_plot_valid,ANT1375H,P1,,,,,038505c80e1c16f62470639b836ca4a0608860c44d7f0841ea26033c7d3699fd,Preserved from 17f0a758.,valid_png_container;legacy_axis_label_dBm;unchanged_from_17f0a758
Results/S11_Plots/S11_ANT1375H_P2.png,7da491f9f4c9427ce81388fc52ac8eb08c4f750267cb494a04bbdba732e214ac,29160,s11_plot_png,reference_plot_valid,ANT1375H,P2,,,,,7da491f9f4c9427ce81388fc52ac8eb08c4f750267cb494a04bbdba732e214ac,Preserved from 17f0a758.,valid_png_container;legacy_axis_label_dBm;unchanged_from_17f0a758
Results/S11_Plots/S11_ANT1376H_P1.png,0f334862f59789815508f26d9486a7b65e7135b24c9db769a6d72950a0f161a4,26997,s11_plot_png,reference_plot_valid,ANT1376H,P1,,,,,0f334862f59789815508f26d9486a7b65e7135b24c9db769a6d72950a0f161a4,Preserved from 17f0a758.,valid_png_container;legacy_axis_label_dBm;unchanged_from_17f0a758
Results/S11_Plots/S11_ANT1376H_P2.png,ea7a7797856bd971cdafb91c6c7361e4dced6d6266e767df38b870febee05334,29025,s11_plot_png,reference_plot_valid,ANT1376H,P2,,,,,ea7a7797856bd971cdafb91c6c7361e4dced6d6266e767df38b870febee05334,Preserved from 17f0a758.,valid_png_container;legacy_axis_label_dBm;unchanged_from_17f0a758
Results/S11_Plots/S11_ANT1377H_P1.png,59de624b323e7430f3c84674d9570a740fe0bdfee202ea16e064614051f260cf,26908,s11_plot_png,reference_plot_valid,ANT1377H,P1,,,,,59de624b323e7430f3c84674d9570a740fe0bdfee202ea16e064614051f260cf,Preserved from 17f0a758.,valid_png_container;legacy_axis_label_dBm;unchanged_from_17f0a758
Results/S11_Plots/S11_ANT1377H_P2.png,5d67d4bdb5c0d8662c7281584d046398e0c1f5b4d429c195ac152904cef7a156,28945,s11_plot_png,reference_plot_valid,ANT1377H,P2,,,,,5d67d4bdb5c0d8662c7281584d046398e0c1f5b4d429c195ac152904cef7a156,Preserved from 17f0a758.,valid_png_container;legacy_axis_label_dBm;unchanged_from_17f0a758
Results/S11_Plots/S11_ANT1378H_P1.png,ae3fafde9e45d4ff956015c700f0eb4d36284489de3dc944d2d321721d81869e,26879,s11_plot_png,reference_plot_valid,ANT1378H,P1,,,,,ae3fafde9e45d4ff956015c700f0eb4d36284489de3dc944d2d321721d81869e,Preserved from 17f0a758.,valid_png_container;legacy_axis_label_dBm;unchanged_from_17f0a758
Results/S11_Plots/S11_ANT1378H_P2.png,888afe5f62d9b518593e3004e551ceaf652502ba6eab7a800ca988612fdbf288,29053,s11_plot_png,reference_plot_valid,ANT1378H,P2,,,,,888afe5f62d9b518593e3004e551ceaf652502ba6eab7a800ca988612fdbf288,Preserved from 17f0a758.,valid_png_container;legacy_axis_label_dBm;unchanged_from_17f0a758
Results/S11_Plots/S11_ANT1379H_P1.png,11f3168d89ada636bb30f069dc9a27534a8d7a2aeef6cdca4565305e6a5300b6,29769,s11_plot_png,reference_plot_valid,ANT1379H,P1,,,,,11f3168d89ada636bb30f069dc9a27534a8d7a2aeef6cdca4565305e6a5300b6,Preserved from 17f0a758.,valid_png_container;legacy_axis_label_dBm;unchanged_from_17f0a758
Results/S11_Plots/S11_ANT1379H_P2.png,e8995bdaaa08da061d94ee0de233a1419b4ba714860a7a95db6fed7e5b0f6978,26772,s11_plot_png,reference_plot_valid,ANT1379H,P2,,,,,e8995bdaaa08da061d94ee0de233a1419b4ba714860a7a95db6fed7e5b0f6978,Preserved from 17f0a758.,valid_png_container;legacy_axis_label_dBm;unchanged_from_17f0a758
Results/S11_Plots/S11_ANT1380H_P1.png,379200ed74c5b3900ec24af5e77c97d0ae3613d9a1bd2bf1090b309e05dddcb6,27532,s11_plot_png,reference_plot_valid,ANT1380H,P1,,,,,379200ed74c5b3900ec24af5e77c97d0ae3613d9a1bd2bf1090b309e05dddcb6,Preserved from 17f0a758.,valid_png_container;legacy_axis_label_dBm;unchanged_from_17f0a758
Results/S11_Plots/S11_ANT1380H_P2.png,2a9a17fc5f18ff30ee05c65695c964ef798f4b6ddc6facc415c97f43ba463111,29805,s11_plot_png,reference_plot_valid,ANT1380H,P2,,,,,2a9a17fc5f18ff30ee05c65695c964ef798f4b6ddc6facc415c97f43ba463111,Preserved from 17f0a758.,valid_png_container;legacy_axis_label_dBm;unchanged_from_17f0a758
Results/S11_Plots/S11_ANT1381H_P1.png,8ca473f9c9cd68fbdd09190e812f8ebdcc995db54a341a66ac5ffa5f82d8a844,29330,s11_plot_png,reference_plot_valid,ANT1381H,P1,,,,,8ca473f9c9cd68fbdd09190e812f8ebdcc995db54a341a66ac5ffa5f82d8a844,Preserved from 17f0a758.,valid_png_container;legacy_axis_label_dBm;unchanged_from_17f0a758
Results/S11_Plots/S11_ANT1381H_P2.png,76d76d53192cca12866c22d62bd73e68c9ea74ea1bfaafeef3fbadf9d645a63b,28620,s11_plot_png,reference_plot_valid,ANT1381H,P2,,,,,76d76d53192cca12866c22d62bd73e68c9ea74ea1bfaafeef3fbadf9d645a63b,Preserved from 17f0a758.,valid_png_container;legacy_axis_label_dBm;unchanged_from_17f0a758
Results/S11_Plots/S11_ANT1382H_P1.png,7aa6ef324423d6c303c7680b64082c5c0bd8222a826bb54c3dc035817bc5e9d8,29769,s11_plot_png,reference_plot_valid,ANT1382H,P1,,,,,7aa6ef324423d6c303c7680b64082c5c0bd8222a826bb54c3dc035817bc5e9d8,Preserved from 17f0a758.,valid_png_container;legacy_axis_label_dBm;unchanged_from_17f0a758
Results/S11_Plots/S11_ANT1382H_P2.png,976a888c1d7168b0ae77245a84d05862f58366d29ca536a7e931f7640277150a,28643,s11_plot_png,reference_plot_valid,ANT1382H,P2,,,,,976a888c1d7168b0ae77245a84d05862f58366d29ca536a7e931f7640277150a,Preserved from 17f0a758.,valid_png_container;legacy_axis_label_dBm;unchanged_from_17f0a758
Results/S11_Plots/S11_ANT1383H_P1.png,7a8294b3bb5421d267d7a27d4cfcc13c5ddc488b4626017a59d91f5e21a326c1,27350,s11_plot_png,reference_plot_valid,ANT1383H,P1,,,,,7a8294b3bb5421d267d7a27d4cfcc13c5ddc488b4626017a59d91f5e21a326c1,Preserved from 17f0a758.,valid_png_container;legacy_axis_label_dBm;unchanged_from_17f0a758
Results/S11_Plots/S11_ANT1383H_P2.png,01dbcbcc507ca38f2e3bd2a2a2678ed3875afe2e844a2893c49d0196739868c2,29144,s11_plot_png,reference_plot_valid,ANT1383H,P2,,,,,01dbcbcc507ca38f2e3bd2a2a2678ed3875afe2e844a2893c49d0196739868c2,Preserved from 17f0a758.,valid_png_container;legacy_axis_label_dBm;unchanged_from_17f0a758
Results/S11_Plots/S11_ANT1384H_P1.png,18ca8f691d670e54c1bf96e732b97922206344c984961205a4120f2730b0aed0,27093,s11_plot_png,reference_plot_valid,ANT1384H,P1,,,,,18ca8f691d670e54c1bf96e732b97922206344c984961205a4120f2730b0aed0,Preserved from 17f0a758.,valid_png_container;legacy_axis_label_dBm;unchanged_from_17f0a758
Results/S11_Plots/S11_ANT1384H_P2.png,90cd7d34c8f9a73e5ff758d7eb2939b9ce9c9f75d69ff6942e49486f43e6c89b,29658,s11_plot_png,reference_plot_valid,ANT1384H,P2,,,,,90cd7d34c8f9a73e5ff758d7eb2939b9ce9c9f75d69ff6942e49486f43e6c89b,Preserved from 17f0a758.,valid_png_container;legacy_axis_label_dBm;unchanged_from_17f0a758
Results/S11_Plots/S11_ANT1385H_P1.png,359ed4c379033fac31cb6450d8563c21cb7cd7aae5af456560b5c7449b9d3a85,27048,s11_plot_png,reference_plot_valid,ANT1385H,P1,,,,,359ed4c379033fac31cb6450d8563c21cb7cd7aae5af456560b5c7449b9d3a85,Preserved from 17f0a758.,valid_png_container;legacy_axis_label_dBm;unchanged_from_17f0a758
Results/S11_Plots/S11_ANT1385H_P2.png,37ca58614d492cc45f23c2527fae3e27627f8bd9dada084c0348baff7c69c062,29131,s11_plot_png,reference_plot_valid,ANT1385H,P2,,,,,37ca58614d492cc45f23c2527fae3e27627f8bd9dada084c0348baff7c69c062,Preserved from 17f0a758.,valid_png_container;legacy_axis_label_dBm;unchanged_from_17f0a758
Results/S11_Plots/S11_ANT1386H_P1.png,846c439982a787df9b7e5b39a552aeaf78d4c727399536c7bed4d1f3ff9d3b04,29310,s11_plot_png,reference_plot_valid,ANT1386H,P1,,,,,846c439982a787df9b7e5b39a552aeaf78d4c727399536c7bed4d1f3ff9d3b04,Preserved from 17f0a758.,valid_png_container;legacy_axis_label_dBm;unchanged_from_17f0a758
Results/S11_Plots/S11_ANT1386H_P2.png,85010a8ae5df913a21fc6a69f64bb23c9a695d92dfdd499d7a3549586326fdea,29060,s11_plot_png,reference_plot_valid,ANT1386H,P2,,,,,85010a8ae5df913a21fc6a69f64bb23c9a695d92dfdd499d7a3549586326fdea,Preserved from 17f0a758.,valid_png_container;legacy_axis_label_dBm;unchanged_from_17f0a758
Results/S11_Plots/S11_ANT1387H_P1.png,8d019b1952ba44668e4db73a652efd52710e7a87173b170cf53a297347b0fa44,29882,s11_plot_png,reference_plot_valid,ANT1387H,P1,,,,,8d019b1952ba44668e4db73a652efd52710e7a87173b170cf53a297347b0fa44,Preserved from 17f0a758.,valid_png_container;legacy_axis_label_dBm;unchanged_from_17f0a758
Results/S11_Plots/S11_ANT1387H_P2.png,904eb5134d906ffb1db6c9046e1b3266380127bde4dac141127cc1637fb1aaa2,29068,s11_plot_png,reference_plot_valid,ANT1387H,P2,,,,,904eb5134d906ffb1db6c9046e1b3266380127bde4dac141127cc1637fb1aaa2,Preserved from 17f0a758.,valid_png_container;legacy_axis_label_dBm;unchanged_from_17f0a758
Results/S11_Plots/S11_ANT1388H_P1.png,9636b76bfba1c2a581fcf639d9efd9d532e1ac4cf61226c3d129b0fee38ce594,30314,s11_plot_png,reference_plot_valid,ANT1388H,P1,,,,,9636b76bfba1c2a581fcf639d9efd9d532e1ac4cf61226c3d129b0fee38ce594,Preserved from 17f0a758.,valid_png_container;legacy_axis_label_dBm;unchanged_from_17f0a758
Results/S11_Plots/S11_ANT1388H_P2.png,be88c0ba521400fc4ad02edf4144f72dddf78db5fa2f70b4475e890ebb755c3f,28875,s11_plot_png,reference_plot_valid,ANT1388H,P2,,,,,be88c0ba521400fc4ad02edf4144f72dddf78db5fa2f70b4475e890ebb755c3f,Preserved from 17f0a758.,valid_png_container;legacy_axis_label_dBm;unchanged_from_17f0a758
Results/S11_Plots/S11_ANT1389H_P1.png,9ab7607fb533cae75a928654ea62ffa24239ffd6bf77518c5530feb6e7efed46,29319,s11_plot_png,reference_plot_valid,ANT1389H,P1,,,,,9ab7607fb533cae75a928654ea62ffa24239ffd6bf77518c5530feb6e7efed46,Preserved from 17f0a758.,valid_png_container;legacy_axis_label_dBm;unchanged_from_17f0a758
Results/S11_Plots/S11_ANT1389H_P2.png,180e6c037f46fa548439bdad52215b797a5e6387a24a4e1832eaaa4f8008f1dd,29097,s11_plot_png,reference_plot_valid,ANT1389H,P2,,,,,180e6c037f46fa548439bdad52215b797a5e6387a24a4e1832eaaa4f8008f1dd,Preserved from 17f0a758.,valid_png_container;legacy_axis_label_dBm;unchanged_from_17f0a758
Results/S11_Plots/S11_ANT1390H_P1.png,c0d5865c29564bbe2a0d9b8c0473947a5b6013578e8832f96923ffcb91033d88,27195,s11_plot_png,reference_plot_valid,ANT1390H,P1,,,,,c0d5865c29564bbe2a0d9b8c0473947a5b6013578e8832f96923ffcb91033d88,Preserved from 17f0a758.,valid_png_container;legacy_axis_label_dBm;unchanged_from_17f0a758
Results/S11_Plots/S11_ANT1390H_P2.png,32c3ec31bf31048d8ac0e0c25db947a4e7e20d2d792baac10d4d14763be6107e,30145,s11_plot_png,reference_plot_valid,ANT1390H,P2,,,,,32c3ec31bf31048d8ac0e0c25db947a4e7e20d2d792baac10d4d14763be6107e,Preserved from 17f0a758.,valid_png_container;legacy_axis_label_dBm;unchanged_from_17f0a758
Results/S11_Plots/S11_ANT1391H_P1.png,686ea6603cdbc5a57807c0551923ca3643953a243f17b16ad1a1fc8edddffdf0,27438,s11_plot_png,reference_plot_valid,ANT1391H,P1,,,,,686ea6603cdbc5a57807c0551923ca3643953a243f17b16ad1a1fc8edddffdf0,Preserved from 17f0a758.,valid_png_container;legacy_axis_label_dBm;unchanged_from_17f0a758
Results/S11_Plots/S11_ANT1391H_P2.png,d132e48d384a2f7c09a404268b3d40c9f39d551e42d7404d6e650c8d5d22c35f,26611,s11_plot_png,reference_plot_valid,ANT1391H,P2,,,,,d132e48d384a2f7c09a404268b3d40c9f39d551e42d7404d6e650c8d5d22c35f,Preserved from 17f0a758.,valid_png_container;legacy_axis_label_dBm;unchanged_from_17f0a758
Results/S11_Plots/S11_ANT1392H_P1.png,03e96fc88c46a013ed23a0abc93a7b87488f104a7f9316f27729eb80b7477b10,29829,s11_plot_png,reference_plot_valid,ANT1392H,P1,,,,,03e96fc88c46a013ed23a0abc93a7b87488f104a7f9316f27729eb80b7477b10,Preserved from 17f0a758.,valid_png_container;legacy_axis_label_dBm;unchanged_from_17f0a758
Results/S11_Plots/S11_ANT1392H_P2.png,789e1260d0e3526b838ecfb821679e5eeee95e50cdeefe5942213ef8cb6e9f68,29452,s11_plot_png,reference_plot_valid,ANT1392H,P2,,,,,789e1260d0e3526b838ecfb821679e5eeee95e50cdeefe5942213ef8cb6e9f68,Preserved from 17f0a758.,valid_png_container;legacy_axis_label_dBm;unchanged_from_17f0a758
Results/S11_Plots/S11_ANT1393H_P1.png,75aaf383ccc57aa54ea9d6645da369dc1c1d83391e40da561b19c5adde441d0a,27535,s11_plot_png,reference_plot_valid,ANT1393H,P1,,,,,75aaf383ccc57aa54ea9d6645da369dc1c1d83391e40da561b19c5adde441d0a,Preserved from 17f0a758.,valid_png_container;legacy_axis_label_dBm;unchanged_from_17f0a758
Results/S11_Plots/S11_ANT1393H_P2.png,2d47b27cdf84ffc746f71b59a78e9ddbf2c37d3fd68a11f79ae7df9d3b8f3308,29503,s11_plot_png,reference_plot_valid,ANT1393H,P2,,,,,2d47b27cdf84ffc746f71b59a78e9ddbf2c37d3fd68a11f79ae7df9d3b8f3308,Preserved from 17f0a758.,valid_png_container;legacy_axis_label_dBm;unchanged_from_17f0a758
Results/S11_Plots/S11_ANT1394H_P1.png,0eb94ccce1f3405c871319e8a90133b3fa4039705ff56f934e1cafb3894c233a,27352,s11_plot_png,reference_plot_valid,ANT1394H,P1,,,,,0eb94ccce1f3405c871319e8a90133b3fa4039705ff56f934e1cafb3894c233a,Preserved from 17f0a758.,valid_png_container;legacy_axis_label_dBm;unchanged_from_17f0a758
Results/S11_Plots/S11_ANT1394H_P2.png,3f9a416246595f32845c9c3827b01af6aa4137c3d1c0b3df9f4e72e7c83bc4f4,29592,s11_plot_png,reference_plot_valid,ANT1394H,P2,,,,,3f9a416246595f32845c9c3827b01af6aa4137c3d1c0b3df9f4e72e7c83bc4f4,Preserved from 17f0a758.,valid_png_container;legacy_axis_label_dBm;unchanged_from_17f0a758
Results/S11_Plots/S11_ANT1395H_P1.png,9232eb6e5d5de194cc07c3465f37403cecba2651385eff6f753fa978e1e9649e,29893,s11_plot_png,reference_plot_valid,ANT1395H,P1,,,,,9232eb6e5d5de194cc07c3465f37403cecba2651385eff6f753fa978e1e9649e,Preserved from 17f0a758.,valid_png_container;legacy_axis_label_dBm;unchanged_from_17f0a758
Results/S11_Plots/S11_ANT1395H_P2.png,8e6a82a6908b1eaecfaacb4fd54a75d6c938fd163a6702acd7b6fb42a5cb15cd,26883,s11_plot_png,reference_plot_valid,ANT1395H,P2,,,,,8e6a82a6908b1eaecfaacb4fd54a75d6c938fd163a6702acd7b6fb42a5cb15cd,Preserved from 17f0a758.,valid_png_container;legacy_axis_label_dBm;unchanged_from_17f0a758
Results/S11_Plots/S11_ANT1396H_P1.png,0ca1a75e28c6cbf0109d964184b8dc151e18b3d3d07c613ed7d5640bb6fe0cd2,29513,s11_plot_png,reference_plot_valid,ANT1396H,P1,,,,,0ca1a75e28c6cbf0109d964184b8dc151e18b3d3d07c613ed7d5640bb6fe0cd2,Preserved from 17f0a758.,valid_png_container;legacy_axis_label_dBm;unchanged_from_17f0a758
Results/S11_Plots/S11_ANT1396H_P2.png,7de96e722627a2a1c949729e438c310608cf55966fe667daf36696d7d3453c19,29570,s11_plot_png,reference_plot_valid,ANT1396H,P2,,,,,7de96e722627a2a1c949729e438c310608cf55966fe667daf36696d7d3453c19,Preserved from 17f0a758.,valid_png_container;legacy_axis_label_dBm;unchanged_from_17f0a758
Results/S11_Plots/S11_ANT1397H_P1.png,90e7787f34e8469fa1a36014f7a3ed070343c1351233b3019c0396093199f1f1,29484,s11_plot_png,reference_plot_valid,ANT1397H,P1,,,,,90e7787f34e8469fa1a36014f7a3ed070343c1351233b3019c0396093199f1f1,Preserved from 17f0a758.,valid_png_container;legacy_axis_label_dBm;unchanged_from_17f0a758
Results/S11_Plots/S11_ANT1397H_P2.png,67f432890677a7a276e1f131a2a96b7037fcae6bd97144c636295901ea756a6d,29667,s11_plot_png,reference_plot_valid,ANT1397H,P2,,,,,67f432890677a7a276e1f131a2a96b7037fcae6bd97144c636295901ea756a6d,Preserved from 17f0a758.,valid_png_container;legacy_axis_label_dBm;unchanged_from_17f0a758
Results/S11_Plots/S11_ANT1398H_P1.png,042f189577e9c8e08d1cdff3b574b0533c123fa06d260fa79b4557bd9afeb08c,27610,s11_plot_png,reference_plot_valid,ANT1398H,P1,,,,,042f189577e9c8e08d1cdff3b574b0533c123fa06d260fa79b4557bd9afeb08c,Preserved from 17f0a758.,valid_png_container;legacy_axis_label_dBm;unchanged_from_17f0a758
Results/S11_Plots/S11_ANT1398H_P2.png,32f3cb74cbe75766db3b1be64e6355e3a796bcc59093333d83599d70b6622c2d,29876,s11_plot_png,reference_plot_valid,ANT1398H,P2,,,,,32f3cb74cbe75766db3b1be64e6355e3a796bcc59093333d83599d70b6622c2d,Preserved from 17f0a758.,valid_png_container;legacy_axis_label_dBm;unchanged_from_17f0a758
Results/S11_Plots/S11_ANT1399H_P1.png,f4f5d235afdb4100d8732e47fdcb871d4ab2b89507eb5d4dd2bfe861a01fdcfc,26646,s11_plot_png,reference_plot_valid,ANT1399H,P1,,,,,f4f5d235afdb4100d8732e47fdcb871d4ab2b89507eb5d4dd2bfe861a01fdcfc,Preserved from 17f0a758.,valid_png_container;legacy_axis_label_dBm;unchanged_from_17f0a758
Results/S11_Plots/S11_ANT1399H_P2.png,d9f0da3658b479d488e81a3a7faf950e92bf6e43240299e102ebdd9945641fd7,30038,s11_plot_png,reference_plot_valid,ANT1399H,P2,,,,,d9f0da3658b479d488e81a3a7faf950e92bf6e43240299e102ebdd9945641fd7,Preserved from 17f0a758.,valid_png_container;legacy_axis_label_dBm;unchanged_from_17f0a758
Results/S11_Plots/S11_ANT1400H_P1.png,f9ec9dbefe343988ce5673c439ebe347f8a2f1cd204eee912b5dd7b64e7014d3,27221,s11_plot_png,reference_plot_valid,ANT1400H,P1,,,,,f9ec9dbefe343988ce5673c439ebe347f8a2f1cd204eee912b5dd7b64e7014d3,Preserved from 17f0a758.,valid_png_container;legacy_axis_label_dBm;unchanged_from_17f0a758
Results/S11_Plots/S11_ANT1400H_P2.png,91b33d6c89c44f88b9946534aa032ccadf4ce57ef49e5b9c33335200fac7e558,27356,s11_plot_png,reference_plot_valid,ANT1400H,P2,,,,,91b33d6c89c44f88b9946534aa032ccadf4ce57ef49e5b9c33335200fac7e558,Preserved from 17f0a758.,valid_png_container;legacy_axis_label_dBm;unchanged_from_17f0a758
Results/S11_Plots/S11_ANT1401H_P1.png,e5eb3a907d75b10379b0844dc7ec92d67148870105ef873d6b8346092b96f919,27055,s11_plot_png,reference_plot_valid,ANT1401H,P1,,,,,e5eb3a907d75b10379b0844dc7ec92d67148870105ef873d6b8346092b96f919,Preserved from 17f0a758.,valid_png_container;legacy_axis_label_dBm;unchanged_from_17f0a758
Results/S11_Plots/S11_ANT1401H_P2.png,24fe674bc8f5cbf55a68a6a23365eb7b6450e3146dc338acf1529717f5904f0a,29096,s11_plot_png,reference_plot_valid,ANT1401H,P2,,,,,24fe674bc8f5cbf55a68a6a23365eb7b6450e3146dc338acf1529717f5904f0a,Preserved from 17f0a758.,valid_png_container;legacy_axis_label_dBm;unchanged_from_17f0a758
Results/S11_Plots/S11_ANT1402H_P1.png,eff3e2c85d0bfa794accd509c5db360237aafaa140b6bf01362a99dcf0e46121,29508,s11_plot_png,reference_plot_valid,ANT1402H,P1,,,,,eff3e2c85d0bfa794accd509c5db360237aafaa140b6bf01362a99dcf0e46121,Preserved from 17f0a758.,valid_png_container;legacy_axis_label_dBm;unchanged_from_17f0a758
Results/S11_Plots/S11_ANT1402H_P2.png,266480678f3f0fc1f8dbe6d1172a0f639abfa52f1d32be6c7b46bfa5c4948f55,29209,s11_plot_png,reference_plot_valid,ANT1402H,P2,,,,,266480678f3f0fc1f8dbe6d1172a0f639abfa52f1d32be6c7b46bfa5c4948f55,Preserved from 17f0a758.,valid_png_container;legacy_axis_label_dBm;unchanged_from_17f0a758
Results/S11_Plots/S11_ANT1403H_P1.png,b19e629c73bed926f1c5eaa53256d79326e46b88afb3ef0645116469ac98fd04,29129,s11_plot_png,reference_plot_valid,ANT1403H,P1,,,,,b19e629c73bed926f1c5eaa53256d79326e46b88afb3ef0645116469ac98fd04,Preserved from 17f0a758.,valid_png_container;legacy_axis_label_dBm;unchanged_from_17f0a758
Results/S11_Plots/S11_ANT1403H_P2.png,69f478c7e7c26b2ae4af83f3cc5ccb791c733854fd586fd3bf6a3d75e275beff,29531,s11_plot_png,reference_plot_valid,ANT1403H,P2,,,,,69f478c7e7c26b2ae4af83f3cc5ccb791c733854fd586fd3bf6a3d75e275beff,Preserved from 17f0a758.,valid_png_container;legacy_axis_label_dBm;unchanged_from_17f0a758
Results/S11_Plots/S11_ANT1404H_P1.png,0e4b64238636d45dcc170d8dab63443335e1b84a78346c8415dfba6af0d372fe,29639,s11_plot_png,reference_plot_valid,ANT1404H,P1,,,,,0e4b64238636d45dcc170d8dab63443335e1b84a78346c8415dfba6af0d372fe,Preserved from 17f0a758.,valid_png_container;legacy_axis_label_dBm;unchanged_from_17f0a758
Results/S11_Plots/S11_ANT1404H_P2.png,1cf652e21e9aa3c16b23ced29314728e2af7aeb87bd97465ae75f1506bac72e6,29033,s11_plot_png,reference_plot_valid,ANT1404H,P2,,,,,1cf652e21e9aa3c16b23ced29314728e2af7aeb87bd97465ae75f1506bac72e6,Preserved from 17f0a758.,valid_png_container;legacy_axis_label_dBm;unchanged_from_17f0a758
Results/S11_Plots/S11_ANT1405H_P1.png,502ae0b2f7c33b1459b6fb29453a77826e3828f44240c972586a36ced4f3ecd8,29404,s11_plot_png,reference_plot_valid,ANT1405H,P1,,,,,502ae0b2f7c33b1459b6fb29453a77826e3828f44240c972586a36ced4f3ecd8,Preserved from 17f0a758.,valid_png_container;legacy_axis_label_dBm;unchanged_from_17f0a758
Results/S11_Plots/S11_ANT1405H_P2.png,6b91a4c253da93894f3393b633853359490916c8bab7e579da906e6c1b0b89b3,29840,s11_plot_png,reference_plot_valid,ANT1405H,P2,,,,,6b91a4c253da93894f3393b633853359490916c8bab7e579da906e6c1b0b89b3,Preserved from 17f0a758.,valid_png_container;legacy_axis_label_dBm;unchanged_from_17f0a758
Results/S11_Plots/S11_ANT1406H_P1.png,e8b1225a80a2ba97cbf93bc8439daeb2cd7f8535c8b49f3e7be7a517c58d2c86,29523,s11_plot_png,reference_plot_valid,ANT1406H,P1,,,,,e8b1225a80a2ba97cbf93bc8439daeb2cd7f8535c8b49f3e7be7a517c58d2c86,Preserved from 17f0a758.,valid_png_container;legacy_axis_label_dBm;unchanged_from_17f0a758
Results/S11_Plots/S11_ANT1406H_P2.png,d5e9e94fe1d9a51376fc9b732df7ad26ce1ff535a4b24cc1b3ee0f9d3d15ffa4,27137,s11_plot_png,reference_plot_valid,ANT1406H,P2,,,,,d5e9e94fe1d9a51376fc9b732df7ad26ce1ff535a4b24cc1b3ee0f9d3d15ffa4,Preserved from 17f0a758.,valid_png_container;legacy_axis_label_dBm;unchanged_from_17f0a758
Results/S11_Plots/S11_ANT1407H_P1.png,4c525da513eae3861fc6946c0351e6f7dbce922e4b8100a8109e19d1831cb24d,26743,s11_plot_png,reference_plot_valid,ANT1407H,P1,,,,,4c525da513eae3861fc6946c0351e6f7dbce922e4b8100a8109e19d1831cb24d,Preserved from 17f0a758.,valid_png_container;legacy_axis_label_dBm;unchanged_from_17f0a758
Results/S11_Plots/S11_ANT1407H_P2.png,c8bb8ddd4ee4932ceb497eaf14e48b7f848cfbc3bd43a67274ca800543b888f6,28954,s11_plot_png,reference_plot_valid,ANT1407H,P2,,,,,c8bb8ddd4ee4932ceb497eaf14e48b7f848cfbc3bd43a67274ca800543b888f6,Preserved from 17f0a758.,valid_png_container;legacy_axis_label_dBm;unchanged_from_17f0a758
Results/S11_Plots/S11_ANT1408H_P1.png,860da8565a5a7d9a9d9339db18631d20d3135025f70941d0b552e40ed3d509cd,29254,s11_plot_png,reference_plot_valid,ANT1408H,P1,,,,,860da8565a5a7d9a9d9339db18631d20d3135025f70941d0b552e40ed3d509cd,Preserved from 17f0a758.,valid_png_container;legacy_axis_label_dBm;unchanged_from_17f0a758
Results/S11_Plots/S11_ANT1408H_P2.png,28eafa01be111683bf34189d03a540708f7a8ca673921bd3513e30464fe80544,29119,s11_plot_png,reference_plot_valid,ANT1408H,P2,,,,,28eafa01be111683bf34189d03a540708f7a8ca673921bd3513e30464fe80544,Preserved from 17f0a758.,valid_png_container;legacy_axis_label_dBm;unchanged_from_17f0a758
Results/S11_Plots/S11_ANT1409H_P1.png,7158bed42827654079accfe22abfb75989a4563d2268798b10cf6dc607abdef5,26953,s11_plot_png,reference_plot_valid,ANT1409H,P1,,,,,7158bed42827654079accfe22abfb75989a4563d2268798b10cf6dc607abdef5,Preserved from 17f0a758.,valid_png_container;legacy_axis_label_dBm;unchanged_from_17f0a758
Results/S11_Plots/S11_ANT1409H_P2.png,a2bfa9bc8770a5e20998763d56226544e1950a43a494e79ce6ee0973d4c847a3,28843,s11_plot_png,reference_plot_valid,ANT1409H,P2,,,,,a2bfa9bc8770a5e20998763d56226544e1950a43a494e79ce6ee0973d4c847a3,Preserved from 17f0a758.,valid_png_container;legacy_axis_label_dBm;unchanged_from_17f0a758
Results/S11_Plots/S11_ANT1410H_P1.png,692d2f87a2d97c590aa58dac44b4c830f25b5c57f8c583212d67b8cbd5b4f6fa,28928,s11_plot_png,reference_plot_valid,ANT1410H,P1,,,,,692d2f87a2d97c590aa58dac44b4c830f25b5c57f8c583212d67b8cbd5b4f6fa,Preserved from 17f0a758.,valid_png_container;legacy_axis_label_dBm;unchanged_from_17f0a758
Results/S11_Plots/S11_ANT1410H_P2.png,faaeb4da23395114dcebf80caaffa6e33000f3bf89f0e3f44acac37c753cf191,30336,s11_plot_png,reference_plot_valid,ANT1410H,P2,,,,,faaeb4da23395114dcebf80caaffa6e33000f3bf89f0e3f44acac37c753cf191,Preserved from 17f0a758.,valid_png_container;legacy_axis_label_dBm;unchanged_from_17f0a758
Results/S11_Plots/S11_ANT1411H_P1.png,1967d852a52251b55dc478e39e1469486fff1a0ad7ebe8ee6f84d1aa5676bf57,28938,s11_plot_png,reference_plot_valid,ANT1411H,P1,,,,,1967d852a52251b55dc478e39e1469486fff1a0ad7ebe8ee6f84d1aa5676bf57,Preserved from 17f0a758.,valid_png_container;legacy_axis_label_dBm;unchanged_from_17f0a758
Results/S11_Plots/S11_ANT1411H_P2.png,eff82f38550f58f8aa7848ad4b98b417fab6c835243f7b61df94df8f4a300a62,28706,s11_plot_png,reference_plot_valid,ANT1411H,P2,,,,,eff82f38550f58f8aa7848ad4b98b417fab6c835243f7b61df94df8f4a300a62,Preserved from 17f0a758.,valid_png_container;legacy_axis_label_dBm;unchanged_from_17f0a758
Results/S11_Plots/S11_ANT1412H_P1.png,c3dda58003cdc166a498142c259511dbee4e0de333e050e77b22f89430b0f53a,27563,s11_plot_png,reference_plot_valid,ANT1412H,P1,,,,,c3dda58003cdc166a498142c259511dbee4e0de333e050e77b22f89430b0f53a,Preserved from 17f0a758.,valid_png_container;legacy_axis_label_dBm;unchanged_from_17f0a758
Results/S11_Plots/S11_ANT1412H_P2.png,a93ef5a38dd71da526deab494b7f84f4e4a409e6281db4da0d2ee1f74a749a64,26657,s11_plot_png,reference_plot_valid,ANT1412H,P2,,,,,a93ef5a38dd71da526deab494b7f84f4e4a409e6281db4da0d2ee1f74a749a64,Preserved from 17f0a758.,valid_png_container;legacy_axis_label_dBm;unchanged_from_17f0a758
Results/S11_Plots/S11_ANT1413H_P1.png,920cc856cd86d8d54dc0c25e9b92531f0caabb78131b285fdd6307fadd4d2638,29040,s11_plot_png,reference_plot_valid,ANT1413H,P1,,,,,920cc856cd86d8d54dc0c25e9b92531f0caabb78131b285fdd6307fadd4d2638,Preserved from 17f0a758.,valid_png_container;legacy_axis_label_dBm;unchanged_from_17f0a758
Results/S11_Plots/S11_ANT1413H_P2.png,c34189d110bfdb471d6a8edddc4c0df2711e3dd4b6066552a76afc21d330586b,30124,s11_plot_png,reference_plot_valid,ANT1413H,P2,,,,,c34189d110bfdb471d6a8edddc4c0df2711e3dd4b6066552a76afc21d330586b,Preserved from 17f0a758.,valid_png_container;legacy_axis_label_dBm;unchanged_from_17f0a758
Results/S11_Plots/S11_ANT1414H_P1.png,0383ae98f590911d1287825e4377646d183fe54e3cea6c6209a30b2b4be1c4b2,29307,s11_plot_png,reference_plot_valid,ANT1414H,P1,,,,,0383ae98f590911d1287825e4377646d183fe54e3cea6c6209a30b2b4be1c4b2,Preserved from 17f0a758.,valid_png_container;legacy_axis_label_dBm;unchanged_from_17f0a758
Results/S11_Plots/S11_ANT1414H_P2.png,8cb7df0301ad5b3f6ea706d0d4054135da200fdfe3d875274fb89155561f3926,29172,s11_plot_png,reference_plot_valid,ANT1414H,P2,,,,,8cb7df0301ad5b3f6ea706d0d4054135da200fdfe3d875274fb89155561f3926,Preserved from 17f0a758.,valid_png_container;legacy_axis_label_dBm;unchanged_from_17f0a758
Results/S11_Plots/S11_ANT1415H_P1.png,d426113c25f5d86d707ad153a5258731de89df0094ae5957bb883cb54c910591,29530,s11_plot_png,reference_plot_valid,ANT1415H,P1,,,,,d426113c25f5d86d707ad153a5258731de89df0094ae5957bb883cb54c910591,Preserved from 17f0a758.,valid_png_container;legacy_axis_label_dBm;unchanged_from_17f0a758
Results/S11_Plots/S11_ANT1415H_P2.png,d2cfa398b16ccfa7daa017c6fa2b3b75fdfa0c850e7ce3cbcdc1d1ceed13c6eb,29404,s11_plot_png,reference_plot_valid,ANT1415H,P2,,,,,d2cfa398b16ccfa7daa017c6fa2b3b75fdfa0c850e7ce3cbcdc1d1ceed13c6eb,Preserved from 17f0a758.,valid_png_container;legacy_axis_label_dBm;unchanged_from_17f0a758
Results/S11_Plots/S11_ANT1416H_P1.png,1286fd30d30cc3c2b6a30cc4183b3f34de6db50dcf2821395cf9257593f9ac39,27582,s11_plot_png,reference_plot_valid,ANT1416H,P1,,,,,1286fd30d30cc3c2b6a30cc4183b3f34de6db50dcf2821395cf9257593f9ac39,Preserved from 17f0a758.,valid_png_container;legacy_axis_label_dBm;unchanged_from_17f0a758
Results/S11_Plots/S11_ANT1416H_P2.png,0219c6e12189b5ed1dfe99500cda69618926808844966c813aec9f3145c3d4df,27829,s11_plot_png,reference_plot_valid,ANT1416H,P2,,,,,0219c6e12189b5ed1dfe99500cda69618926808844966c813aec9f3145c3d4df,Preserved from 17f0a758.,valid_png_container;legacy_axis_label_dBm;unchanged_from_17f0a758
Results/S11_Plots/S11_ANT1417H_P1.png,10de829d301df60b10502a9cb2374e9e34ec53d1f51c4316b6ff580ae8797fca,27076,s11_plot_png,reference_plot_valid,ANT1417H,P1,,,,,10de829d301df60b10502a9cb2374e9e34ec53d1f51c4316b6ff580ae8797fca,Preserved from 17f0a758.,valid_png_container;legacy_axis_label_dBm;unchanged_from_17f0a758
Results/S11_Plots/S11_ANT1417H_P2.png,04c0daa10c5e955cc4fe6e0c3dc463601120e9897ac2de14666e95925a7d51bb,26542,s11_plot_png,reference_plot_valid,ANT1417H,P2,,,,,04c0daa10c5e955cc4fe6e0c3dc463601120e9897ac2de14666e95925a7d51bb,Preserved from 17f0a758.,valid_png_container;legacy_axis_label_dBm;unchanged_from_17f0a758
Results/S11_Plots/S11_ANT1418H_P1.png,1c82bcde3d2faa51050d0ab61f296cbadbd4c97f1c3540e2c2313f85b7342ee7,27137,s11_plot_png,reference_plot_valid,ANT1418H,P1,,,,,1c82bcde3d2faa51050d0ab61f296cbadbd4c97f1c3540e2c2313f85b7342ee7,Preserved from 17f0a758.,valid_png_container;legacy_axis_label_dBm;unchanged_from_17f0a758
Results/S11_Plots/S11_ANT1418H_P2.png,a1f7cbade5159fa8f012f0eb4579736f7767213a9f4695d6e83539b61b3dca20,27262,s11_plot_png,reference_plot_valid,ANT1418H,P2,,,,,a1f7cbade5159fa8f012f0eb4579736f7767213a9f4695d6e83539b61b3dca20,Preserved from 17f0a758.,valid_png_container;legacy_axis_label_dBm;unchanged_from_17f0a758
Results/S11_Plots/S11_ANT1419H_P1.png,9f9aa1bf7c696fb60ffa11daa16815b7cdcbbe0c7325bfc52b8bded7ed47dd1a,27782,s11_plot_png,reference_plot_valid,ANT1419H,P1,,,,,9f9aa1bf7c696fb60ffa11daa16815b7cdcbbe0c7325bfc52b8bded7ed47dd1a,Preserved from 17f0a758.,valid_png_container;legacy_axis_label_dBm;unchanged_from_17f0a758
Results/S11_Plots/S11_ANT1419H_P2.png,cda5323670ff3f2931900aa5e08712fe028428f9f1abc6f80f6176f26369d5a9,26834,s11_plot_png,reference_plot_valid,ANT1419H,P2,,,,,cda5323670ff3f2931900aa5e08712fe028428f9f1abc6f80f6176f26369d5a9,Preserved from 17f0a758.,valid_png_container;legacy_axis_label_dBm;unchanged_from_17f0a758
Results/S11_Plots/S11_ANT1420H_P1.png,9a5787264bc80bc46b60e018c8fa11a4d92343db131797f41bb3d9ab268a3105,27399,s11_plot_png,reference_plot_valid,ANT1420H,P1,,,,,9a5787264bc80bc46b60e018c8fa11a4d92343db131797f41bb3d9ab268a3105,Preserved from 17f0a758.,valid_png_container;legacy_axis_label_dBm;unchanged_from_17f0a758
Results/S11_Plots/S11_ANT1420H_P2.png,5165fde55ea7ceb1ff68b99382eab984f29b03dcc8ad7db71c249d112fe50db9,24958,s11_plot_png,reference_plot_valid,ANT1420H,P2,,,,,5165fde55ea7ceb1ff68b99382eab984f29b03dcc8ad7db71c249d112fe50db9,Preserved from 17f0a758.,valid_png_container;legacy_axis_label_dBm;unchanged_from_17f0a758
Results/S11_Plots/S11_ANT1421H_P1.png,f3f977744ff6195f6b39bf2f4e6d63db297ed982a0fd75fa22e284b03b9f54dd,27506,s11_plot_png,reference_plot_valid,ANT1421H,P1,,,,,f3f977744ff6195f6b39bf2f4e6d63db297ed982a0fd75fa22e284b03b9f54dd,Preserved from 17f0a758.,valid_png_container;legacy_axis_label_dBm;unchanged_from_17f0a758
Results/S11_Plots/S11_ANT1421H_P2.png,2d92c0bb252e9ce46b452eae6d363def71139ae6479a92fc9eca9ca24ba324ae,26794,s11_plot_png,reference_plot_valid,ANT1421H,P2,,,,,2d92c0bb252e9ce46b452eae6d363def71139ae6479a92fc9eca9ca24ba324ae,Preserved from 17f0a758.,valid_png_container;legacy_axis_label_dBm;unchanged_from_17f0a758
Results/S11_Plots/S11_ANT1422H_P1.png,ecc5665878d701373a2fb8c12ad23244c8fad10c997ef7726db424ed596c2110,25231,s11_plot_png,reference_plot_valid,ANT1422H,P1,,,,,ecc5665878d701373a2fb8c12ad23244c8fad10c997ef7726db424ed596c2110,Preserved from 17f0a758.,valid_png_container;legacy_axis_label_dBm;unchanged_from_17f0a758
Results/S11_Plots/S11_ANT1422H_P2.png,2ddd70102ae00f31d00eb7bfb5e7fb171d5006d71963d35dbaf023fa9b235a8f,25032,s11_plot_png,reference_plot_valid,ANT1422H,P2,,,,,2ddd70102ae00f31d00eb7bfb5e7fb171d5006d71963d35dbaf023fa9b235a8f,Preserved from 17f0a758.,valid_png_container;legacy_axis_label_dBm;unchanged_from_17f0a758
Results/S11_Plots/S11_ANT1423H_P1.png,c39b2018c97ad7bbe71e85f9b28d7243db97a78e5519c4fdc9bc9dedacfcb7a8,25555,s11_plot_png,reference_plot_valid,ANT1423H,P1,,,,,c39b2018c97ad7bbe71e85f9b28d7243db97a78e5519c4fdc9bc9dedacfcb7a8,Preserved from 17f0a758.,valid_png_container;legacy_axis_label_dBm;unchanged_from_17f0a758
Results/S11_Plots/S11_ANT1423H_P2.png,b80ca160fd1e278b97915d4d92e5a00e2985f0cf19362e8b9f2ccc47cd8075b3,24781,s11_plot_png,reference_plot_valid,ANT1423H,P2,,,,,b80ca160fd1e278b97915d4d92e5a00e2985f0cf19362e8b9f2ccc47cd8075b3,Preserved from 17f0a758.,valid_png_container;legacy_axis_label_dBm;unchanged_from_17f0a758
Results/S11_Plots/S11_ANT1424H_P1.png,c54c46261b44e05109d16677bd0c3bd9a90a2ca030bc23b71e801654044255c2,27790,s11_plot_png,reference_plot_valid,ANT1424H,P1,,,,,c54c46261b44e05109d16677bd0c3bd9a90a2ca030bc23b71e801654044255c2,Preserved from 17f0a758.,valid_png_container;legacy_axis_label_dBm;unchanged_from_17f0a758
Results/S11_Plots/S11_ANT1424H_P2.png,e09619301bf4a5e2105d2b4cbd69ad258d7051b8011e91e963eb6af085174cfe,24948,s11_plot_png,reference_plot_valid,ANT1424H,P2,,,,,e09619301bf4a5e2105d2b4cbd69ad258d7051b8011e91e963eb6af085174cfe,Preserved from 17f0a758.,valid_png_container;legacy_axis_label_dBm;unchanged_from_17f0a758
Results/S11_Plots/S11_ANT1425H_P1.png,317b30f2aec82180eede3a666dd5d13cadb6f8974fb59536d3c8f81d2b01dcdb,27521,s11_plot_png,reference_plot_valid,ANT1425H,P1,,,,,317b30f2aec82180eede3a666dd5d13cadb6f8974fb59536d3c8f81d2b01dcdb,Preserved from 17f0a758.,valid_png_container;legacy_axis_label_dBm;unchanged_from_17f0a758
Results/S11_Plots/S11_ANT1425H_P2.png,65f56c1493612e6a16b4a8861a7a262fb78a89906c11cbe62d53b50eef017ee7,27297,s11_plot_png,reference_plot_valid,ANT1425H,P2,,,,,65f56c1493612e6a16b4a8861a7a262fb78a89906c11cbe62d53b50eef017ee7,Preserved from 17f0a758.,valid_png_container;legacy_axis_label_dBm;unchanged_from_17f0a758
Results/S11_Plots/S11_ANT1426H_P1.png,daa46dce84a2bbf3655291d567df65946c7b815eddb4a40a56a382dc08764705,27564,s11_plot_png,reference_plot_valid,ANT1426H,P1,,,,,daa46dce84a2bbf3655291d567df65946c7b815eddb4a40a56a382dc08764705,Preserved from 17f0a758.,valid_png_container;legacy_axis_label_dBm;unchanged_from_17f0a758
Results/S11_Plots/S11_ANT1426H_P2.png,c9157d05c3163d3824d73f37a9ac0cbb8807346d22e7f694e949b9bb7fde770f,24865,s11_plot_png,reference_plot_valid,ANT1426H,P2,,,,,c9157d05c3163d3824d73f37a9ac0cbb8807346d22e7f694e949b9bb7fde770f,Preserved from 17f0a758.,valid_png_container;legacy_axis_label_dBm;unchanged_from_17f0a758
Results/S11_Plots/S11_ANT1427H_P1.png,bac400fdc1be3019d5afdefa75250298716c61a01fd5ba73772200ee87f6f0f6,26313,s11_plot_png,reference_plot_valid,ANT1427H,P1,,,,,bac400fdc1be3019d5afdefa75250298716c61a01fd5ba73772200ee87f6f0f6,Preserved from 17f0a758.,valid_png_container;legacy_axis_label_dBm;unchanged_from_17f0a758
Results/S11_Plots/S11_ANT1427H_P2.png,dc71f7ce3e9a07a2554f5733a3589057780e6f75b76d3b20bc50830811644298,28223,s11_plot_png,reference_plot_valid,ANT1427H,P2,,,,,dc71f7ce3e9a07a2554f5733a3589057780e6f75b76d3b20bc50830811644298,Preserved from 17f0a758.,valid_png_container;legacy_axis_label_dBm;unchanged_from_17f0a758
Results/S11_Plots/S11_ANT1428H_P1.png,13216b1cad378795b2881c57844c8f0c430c1f77e86c4d68faff32c0415faf34,28746,s11_plot_png,reference_plot_valid,ANT1428H,P1,,,,,13216b1cad378795b2881c57844c8f0c430c1f77e86c4d68faff32c0415faf34,Preserved from 17f0a758.,valid_png_container;legacy_axis_label_dBm;unchanged_from_17f0a758
Results/S11_Plots/S11_ANT1428H_P2.png,989de91c08a8f17471c2261763f20b403acaf523c9d34b7cc62cf44d6be10bb6,25265,s11_plot_png,reference_plot_valid,ANT1428H,P2,,,,,989de91c08a8f17471c2261763f20b403acaf523c9d34b7cc62cf44d6be10bb6,Preserved from 17f0a758.,valid_png_container;legacy_axis_label_dBm;unchanged_from_17f0a758
Results/S11_Plots/S11_ANT1429H_P1.png,c32ffa86507dc4338d047f9e2546d33487063c7d887db9919776f600be41cb21,28717,s11_plot_png,reference_plot_valid,ANT1429H,P1,,,,,c32ffa86507dc4338d047f9e2546d33487063c7d887db9919776f600be41cb21,Preserved from 17f0a758.,valid_png_container;legacy_axis_label_dBm;unchanged_from_17f0a758
Results/S11_Plots/S11_ANT1429H_P2.png,d0c406ebca6579f9d53a387b878abd3dbdcc3f1795e9484c91860dc8745e8bd1,25449,s11_plot_png,reference_plot_valid,ANT1429H,P2,,,,,d0c406ebca6579f9d53a387b878abd3dbdcc3f1795e9484c91860dc8745e8bd1,Preserved from 17f0a758.,valid_png_container;legacy_axis_label_dBm;unchanged_from_17f0a758
Results/S11_Plots/S11_ANT1430H_P1.png,aeb63aa45b2355ef917b0f14e1a30d04995b9030da041d0727c947421e00d0c4,28127,s11_plot_png,reference_plot_valid,ANT1430H,P1,,,,,aeb63aa45b2355ef917b0f14e1a30d04995b9030da041d0727c947421e00d0c4,Preserved from 17f0a758.,valid_png_container;legacy_axis_label_dBm;unchanged_from_17f0a758
Results/S11_Plots/S11_ANT1430H_P2.png,614fc6aa93435af90aca9364435c24028bb9b25a3c44baf7f38c41903c2ee1df,27166,s11_plot_png,reference_plot_valid,ANT1430H,P2,,,,,614fc6aa93435af90aca9364435c24028bb9b25a3c44baf7f38c41903c2ee1df,Preserved from 17f0a758.,valid_png_container;legacy_axis_label_dBm;unchanged_from_17f0a758
Results/S11_Plots/S11_ANT1431H_P1.png,a7a478fc092a5734ea5c1b3d731914aa33275a3a565e350d18f3f259071f5218,28172,s11_plot_png,reference_plot_valid,ANT1431H,P1,,,,,a7a478fc092a5734ea5c1b3d731914aa33275a3a565e350d18f3f259071f5218,Preserved from 17f0a758.,valid_png_container;legacy_axis_label_dBm;unchanged_from_17f0a758
Results/S11_Plots/S11_ANT1431H_P2.png,fc83b20122fee90b7f6ab1529f9037e92fced457ed7be907e8aad453fd32aa22,24714,s11_plot_png,reference_plot_valid,ANT1431H,P2,,,,,fc83b20122fee90b7f6ab1529f9037e92fced457ed7be907e8aad453fd32aa22,Preserved from 17f0a758.,valid_png_container;legacy_axis_label_dBm;unchanged_from_17f0a758
Results/S11_Plots/S11_ANT1432H_P1.png,07a8a374a0be4cdfb052ad17d967111cdb65e604699218ebb86a24bbb612464f,25781,s11_plot_png,reference_plot_valid,ANT1432H,P1,,,,,07a8a374a0be4cdfb052ad17d967111cdb65e604699218ebb86a24bbb612464f,Preserved from 17f0a758.,valid_png_container;legacy_axis_label_dBm;unchanged_from_17f0a758
Results/S11_Plots/S11_ANT1432H_P2.png,144b450a0a7546b6a427c3f0054bfaa8a9ebcc856c9b30be84c8eba60ab73343,25348,s11_plot_png,reference_plot_valid,ANT1432H,P2,,,,,144b450a0a7546b6a427c3f0054bfaa8a9ebcc856c9b30be84c8eba60ab73343,Preserved from 17f0a758.,valid_png_container;legacy_axis_label_dBm;unchanged_from_17f0a758
Results/S11_Plots/S11_ANT1433H_P1.png,a94275c1a182ed6d61e42a53217a37ea4a7c3f6eca6a3e90caf610334be94671,27317,s11_plot_png,reference_plot_valid,ANT1433H,P1,,,,,a94275c1a182ed6d61e42a53217a37ea4a7c3f6eca6a3e90caf610334be94671,Preserved from 17f0a758.,valid_png_container;legacy_axis_label_dBm;unchanged_from_17f0a758
Results/S11_Plots/S11_ANT1433H_P2.png,67f191938cedb091ed2616d0d384517928f74d118c00622a698ec28132e822a4,24550,s11_plot_png,reference_plot_valid,ANT1433H,P2,,,,,67f191938cedb091ed2616d0d384517928f74d118c00622a698ec28132e822a4,Preserved from 17f0a758.,valid_png_container;legacy_axis_label_dBm;unchanged_from_17f0a758
Results/S11_Plots/S11_ANT1434H_P1.png,ccd17e672f18a4d5a5795f67ad40b163c650fe404533123c5d29ed24c5a491e6,28345,s11_plot_png,reference_plot_valid,ANT1434H,P1,,,,,ccd17e672f18a4d5a5795f67ad40b163c650fe404533123c5d29ed24c5a491e6,Preserved from 17f0a758.,valid_png_container;legacy_axis_label_dBm;unchanged_from_17f0a758
Results/S11_Plots/S11_ANT1434H_P2.png,42993dca31fe416ae81e210d3ac9e55b5339a2bd7c587100c934ee17bcd1ffb3,27315,s11_plot_png,reference_plot_valid,ANT1434H,P2,,,,,42993dca31fe416ae81e210d3ac9e55b5339a2bd7c587100c934ee17bcd1ffb3,Preserved from 17f0a758.,valid_png_container;legacy_axis_label_dBm;unchanged_from_17f0a758
Results/S11_Plots/S11_ANT1435H_P1.png,c1e91b25e8c258972ecda1ec8b447938c5036f2c461e8d655b6ad29053f65246,27356,s11_plot_png,reference_plot_valid,ANT1435H,P1,,,,,c1e91b25e8c258972ecda1ec8b447938c5036f2c461e8d655b6ad29053f65246,Preserved from 17f0a758.,valid_png_container;legacy_axis_label_dBm;unchanged_from_17f0a758
Results/S11_Plots/S11_ANT1435H_P2.png,af83114d2b36f96914585efc250788d8b8483a8acd11f8c1ed586497963ae45d,27241,s11_plot_png,reference_plot_valid,ANT1435H,P2,,,,,af83114d2b36f96914585efc250788d8b8483a8acd11f8c1ed586497963ae45d,Preserved from 17f0a758.,valid_png_container;legacy_axis_label_dBm;unchanged_from_17f0a758
Results/S11_Plots/S11_ANT1436H_P1.png,a6ad5d435b19b21c48896d811d9a6e63230e94b7fd7fc6761f2de951a8ec4bab,25414,s11_plot_png,reference_plot_valid,ANT1436H,P1,,,,,a6ad5d435b19b21c48896d811d9a6e63230e94b7fd7fc6761f2de951a8ec4bab,Preserved from 17f0a758.,valid_png_container;legacy_axis_label_dBm;unchanged_from_17f0a758
Results/S11_Plots/S11_ANT1436H_P2.png,547555f1efa2a57e4231c30e0bd780944c8e30a6dc4027e55dba9653d5411c4e,25174,s11_plot_png,reference_plot_valid,ANT1436H,P2,,,,,547555f1efa2a57e4231c30e0bd780944c8e30a6dc4027e55dba9653d5411c4e,Preserved from 17f0a758.,valid_png_container;legacy_axis_label_dBm;unchanged_from_17f0a758
Results/S11_Plots/S11_ANT1437H_P1.png,75a3e8a679b5906c684966171d70f34fa30d53bcf7c941b4bf8ef0d22880fd4b,27174,s11_plot_png,reference_plot_valid,ANT1437H,P1,,,,,75a3e8a679b5906c684966171d70f34fa30d53bcf7c941b4bf8ef0d22880fd4b,Preserved from 17f0a758.,valid_png_container;legacy_axis_label_dBm;unchanged_from_17f0a758
Results/S11_Plots/S11_ANT1437H_P2.png,69fbd2576a6cd407cf7118b155c039150c25027ae57016bf3970f31402170571,26960,s11_plot_png,reference_plot_valid,ANT1437H,P2,,,,,69fbd2576a6cd407cf7118b155c039150c25027ae57016bf3970f31402170571,Preserved from 17f0a758.,valid_png_container;legacy_axis_label_dBm;unchanged_from_17f0a758
Results/S11_Plots/S11_ANT1438H_P1.png,5ad8a87c053d231227c155b40882b43f6af4449af1cf7474c60dc2ccb5bcb476,27720,s11_plot_png,reference_plot_valid,ANT1438H,P1,,,,,5ad8a87c053d231227c155b40882b43f6af4449af1cf7474c60dc2ccb5bcb476,Preserved from 17f0a758.,valid_png_container;legacy_axis_label_dBm;unchanged_from_17f0a758
Results/S11_Plots/S11_ANT1438H_P2.png,6753a187f333cb16af2e9e3e04b22aacaea4495f87b33a6ed230cd47a39b239e,25356,s11_plot_png,reference_plot_valid,ANT1438H,P2,,,,,6753a187f333cb16af2e9e3e04b22aacaea4495f87b33a6ed230cd47a39b239e,Preserved from 17f0a758.,valid_png_container;legacy_axis_label_dBm;unchanged_from_17f0a758
Results/S11_Plots/S11_ANT1439H_P1.png,a6ffb88c0b2e8e5aa90e63fdfe182f19b2ee4899d93e63e60fd9bc5fd965d1d1,25660,s11_plot_png,reference_plot_valid,ANT1439H,P1,,,,,a6ffb88c0b2e8e5aa90e63fdfe182f19b2ee4899d93e63e60fd9bc5fd965d1d1,Preserved from 17f0a758.,valid_png_container;legacy_axis_label_dBm;unchanged_from_17f0a758
Results/S11_Plots/S11_ANT1439H_P2.png,9553ed598d69bd095e48302bd32498e67b7710e8e43742021c790a173eaf2516,24478,s11_plot_png,reference_plot_valid,ANT1439H,P2,,,,,9553ed598d69bd095e48302bd32498e67b7710e8e43742021c790a173eaf2516,Preserved from 17f0a758.,valid_png_container;legacy_axis_label_dBm;unchanged_from_17f0a758
Results/S11_Plots/S11_ANT1440H_P1.png,1e0317080ce4fcad098493cc08ec211d9c5847d75b2867f641b894213c60daec,27408,s11_plot_png,reference_plot_valid,ANT1440H,P1,,,,,1e0317080ce4fcad098493cc08ec211d9c5847d75b2867f641b894213c60daec,Preserved from 17f0a758.,valid_png_container;legacy_axis_label_dBm;unchanged_from_17f0a758
Results/S11_Plots/S11_ANT1440H_P2.png,7b0c08ef9efc35f1c8b15455d111042302a37d879f0b8377439193a1272b47a8,25185,s11_plot_png,reference_plot_valid,ANT1440H,P2,,,,,7b0c08ef9efc35f1c8b15455d111042302a37d879f0b8377439193a1272b47a8,Preserved from 17f0a758.,valid_png_container;legacy_axis_label_dBm;unchanged_from_17f0a758
Results/S11_Plots/S11_ANT1441H_P1.png,894f00fdc30535424aac6a9bf29af10e47cf2326a91e8414db7ba9d4612fab87,27024,s11_plot_png,reference_plot_valid,ANT1441H,P1,,,,,894f00fdc30535424aac6a9bf29af10e47cf2326a91e8414db7ba9d4612fab87,Preserved from 17f0a758.,valid_png_container;legacy_axis_label_dBm;unchanged_from_17f0a758
Results/S11_Plots/S11_ANT1441H_P2.png,f9c503ef7a8a88fd536cdaceaf775eb3313aa60da3a0981d64f510931c3a8ef5,27281,s11_plot_png,reference_plot_valid,ANT1441H,P2,,,,,f9c503ef7a8a88fd536cdaceaf775eb3313aa60da3a0981d64f510931c3a8ef5,Preserved from 17f0a758.,valid_png_container;legacy_axis_label_dBm;unchanged_from_17f0a758
Results/S11_Plots/S11_ANT1442H_P1.png,5795ce9ff2715d5fe412fef56a92fe9400dd34f550e18abc5306830c9b8dabc3,28108,s11_plot_png,reference_plot_valid,ANT1442H,P1,,,,,5795ce9ff2715d5fe412fef56a92fe9400dd34f550e18abc5306830c9b8dabc3,Preserved from 17f0a758.,valid_png_container;legacy_axis_label_dBm;unchanged_from_17f0a758
Results/S11_Plots/S11_ANT1442H_P2.png,25b5009ca547ae42aa9c376640a57dfa9f304e853f256e45b59b49cd9a402cc1,24323,s11_plot_png,reference_plot_valid,ANT1442H,P2,,,,,25b5009ca547ae42aa9c376640a57dfa9f304e853f256e45b59b49cd9a402cc1,Preserved from 17f0a758.,valid_png_container;legacy_axis_label_dBm;unchanged_from_17f0a758
Results/S11_Plots/S11_ANT1444H_P1.png,fa77c7e2a9d512d349b86b646b8d62f59f813628dd349fa6aa564c8a5a30d177,28285,s11_plot_png,restored_valid,ANT1444H,P1,,,,,3726e360b23caa5615641ee88ea1614a1e51371f1945789742067a1e1dd9f01d,Restored from Git blob a3d7a8b8a3a5c72321d843f1e52948c87fce3f98 (commit 6689539); replaces the incorrect ANT1445 duplicate at 17f0a758.,valid_png_container;legacy_axis_label_dBm;restored_from_git_history;replaces_incorrect_duplicate
Results/S11_Plots/S11_ANT1444H_P2.png,801f1d275e5b347f6535d639a6747d1be94934bfb340b8dd74825ceec6a0b901,25385,s11_plot_png,reference_plot_valid,ANT1444H,P2,,,,,801f1d275e5b347f6535d639a6747d1be94934bfb340b8dd74825ceec6a0b901,Preserved from 17f0a758.,valid_png_container;legacy_axis_label_dBm;unchanged_from_17f0a758
Results/S11_Plots/S11_ANT1445H_P1.png,3726e360b23caa5615641ee88ea1614a1e51371f1945789742067a1e1dd9f01d,25197,s11_plot_png,reference_plot_valid,ANT1445H,P1,,,,,3726e360b23caa5615641ee88ea1614a1e51371f1945789742067a1e1dd9f01d,Preserved from 17f0a758.,valid_png_container;legacy_axis_label_dBm;unchanged_from_17f0a758
Results/S11_Plots/S11_ANT1445H_P2.png,65a7fe9999e23eef3b8aa1b578f82484d69204ac94c069e7a0c5f18e38ced1e3,26757,s11_plot_png,reference_plot_valid,ANT1445H,P2,,,,,65a7fe9999e23eef3b8aa1b578f82484d69204ac94c069e7a0c5f18e38ced1e3,Preserved from 17f0a758.,valid_png_container;legacy_axis_label_dBm;unchanged_from_17f0a758
Results/S11_Plots/S11_ANT1446H_P1.png,3ca3fae9364f495a484b221cd733fd0eec9863de67f8ea72fe83c291c48019eb,28910,s11_plot_png,reference_plot_valid,ANT1446H,P1,,,,,3ca3fae9364f495a484b221cd733fd0eec9863de67f8ea72fe83c291c48019eb,Preserved from 17f0a758.,valid_png_container;legacy_axis_label_dBm;unchanged_from_17f0a758
Results/S11_Plots/S11_ANT1446H_P2.png,8292dae5cc9f0e52dc603a79232b128187c17a4df3223a843f85190fbb506113,36210,s11_plot_png,reference_plot_valid,ANT1446H,P2,,,,,8292dae5cc9f0e52dc603a79232b128187c17a4df3223a843f85190fbb506113,Preserved from 17f0a758.,valid_png_container;legacy_axis_label_dBm;unchanged_from_17f0a758
Results/S11_Plots/S11_ANT1447H_P1.png,439ea2075d1957ccadc265fe759d4bf18958c0b0ec6e81e5d0ca334f24f82a37,28973,s11_plot_png,reference_plot_valid,ANT1447H,P1,,,,,439ea2075d1957ccadc265fe759d4bf18958c0b0ec6e81e5d0ca334f24f82a37,Preserved from 17f0a758.,valid_png_container;legacy_axis_label_dBm;unchanged_from_17f0a758
Results/S11_Plots/S11_ANT1447H_P2.png,238cd31de48a97f41227498de49fae38fcc2f04f95c7e4b4572698afaebe6c7d,27850,s11_plot_png,reference_plot_valid,ANT1447H,P2,,,,,238cd31de48a97f41227498de49fae38fcc2f04f95c7e4b4572698afaebe6c7d,Preserved from 17f0a758.,valid_png_container;legacy_axis_label_dBm;unchanged_from_17f0a758
Results/S11_Plots/S11_ANT1448H_P1.png,ff5426e5125ae16fa2481f70a99b74abb6850f26f996be11def99565a8cb9669,28503,s11_plot_png,reference_plot_valid,ANT1448H,P1,,,,,ff5426e5125ae16fa2481f70a99b74abb6850f26f996be11def99565a8cb9669,Preserved from 17f0a758.,valid_png_container;legacy_axis_label_dBm;unchanged_from_17f0a758
Results/S11_Plots/S11_ANT1448H_P2.png,37f2d76d65b715bd4c6f4f28b7037fbea63ab2a704c4b057febef8ebd91e4b81,27474,s11_plot_png,reference_plot_valid,ANT1448H,P2,,,,,37f2d76d65b715bd4c6f4f28b7037fbea63ab2a704c4b057febef8ebd91e4b81,Preserved from 17f0a758.,valid_png_container;legacy_axis_label_dBm;unchanged_from_17f0a758
Results/S11_Plots/S11_ANT1449H_P1.png,cd452e427b51d8f8eb9047a638e1ff5d7458fa85afbd7a396e05b5710ad82e38,28949,s11_plot_png,reference_plot_valid,ANT1449H,P1,,,,,cd452e427b51d8f8eb9047a638e1ff5d7458fa85afbd7a396e05b5710ad82e38,Preserved from 17f0a758.,valid_png_container;legacy_axis_label_dBm;unchanged_from_17f0a758
Results/S11_Plots/S11_ANT1449H_P2.png,2fa32fec337a3905ed9f2f5afc114ba21c550622a5e45162cd20a17eb764fea0,25233,s11_plot_png,reference_plot_valid,ANT1449H,P2,,,,,2fa32fec337a3905ed9f2f5afc114ba21c550622a5e45162cd20a17eb764fea0,Preserved from 17f0a758.,valid_png_container;legacy_axis_label_dBm;unchanged_from_17f0a758
Results/S11_Plots/S11_ANT1450H_P1.png,45a52335ae051b765dc688d87210821f7e39b232f30c5b38afd7919c102cd88b,28884,s11_plot_png,reference_plot_valid,ANT1450H,P1,,,,,45a52335ae051b765dc688d87210821f7e39b232f30c5b38afd7919c102cd88b,Preserved from 17f0a758.,valid_png_container;legacy_axis_label_dBm;unchanged_from_17f0a758
Results/S11_Plots/S11_ANT1450H_P2.png,077da5e459e00081e2b6bb740be92a12059de5bfec59b9d10c477e9924043cb4,27313,s11_plot_png,reference_plot_valid,ANT1450H,P2,,,,,077da5e459e00081e2b6bb740be92a12059de5bfec59b9d10c477e9924043cb4,Preserved from 17f0a758.,valid_png_container;legacy_axis_label_dBm;unchanged_from_17f0a758
Results/S11_Plots/S11_ANT1451H_P1.png,57a751e56088276c176a40f7d5fd33028bac26432d2b8509a2ebadb440232b87,25746,s11_plot_png,reference_plot_valid,ANT1451H,P1,,,,,57a751e56088276c176a40f7d5fd33028bac26432d2b8509a2ebadb440232b87,Preserved from 17f0a758.,valid_png_container;legacy_axis_label_dBm;unchanged_from_17f0a758
Results/S11_Plots/S11_ANT1451H_P2.png,dab13b67b9ae81bcc2a3a05216bdc6809f03dfd9ca962e4875ab0af5c95ae919,24707,s11_plot_png,reference_plot_valid,ANT1451H,P2,,,,,dab13b67b9ae81bcc2a3a05216bdc6809f03dfd9ca962e4875ab0af5c95ae919,Preserved from 17f0a758.,valid_png_container;legacy_axis_label_dBm;unchanged_from_17f0a758
Results/S11_Plots/S11_ANT1452H_P1.png,6d94fd95fa238edaee9363d8ba29e7b53c619a1546cc10ac69bc9bdf8658c28a,27854,s11_plot_png,reference_plot_valid,ANT1452H,P1,,,,,6d94fd95fa238edaee9363d8ba29e7b53c619a1546cc10ac69bc9bdf8658c28a,Preserved from 17f0a758.,valid_png_container;legacy_axis_label_dBm;unchanged_from_17f0a758
Results/S11_Plots/S11_ANT1452H_P2.png,1645ecd42881ded195e5c8605898b8873c46d877a223fa9e27f40c93a2b2486b,25391,s11_plot_png,reference_plot_valid,ANT1452H,P2,,,,,1645ecd42881ded195e5c8605898b8873c46d877a223fa9e27f40c93a2b2486b,Preserved from 17f0a758.,valid_png_container;legacy_axis_label_dBm;unchanged_from_17f0a758
Results/S11_Plots/S11_ANT1453H_P1.png,bcae7bf8c3dc6e14664616c7182fdff4e5cd22a749520fc9d4ce5e1428add2b5,27354,s11_plot_png,reference_plot_valid,ANT1453H,P1,,,,,bcae7bf8c3dc6e14664616c7182fdff4e5cd22a749520fc9d4ce5e1428add2b5,Preserved from 17f0a758.,valid_png_container;legacy_axis_label_dBm;unchanged_from_17f0a758
Results/S11_Plots/S11_ANT1453H_P2.png,9a9d7074fc5ecbd6598afee84cec4623010ce93dc46a08f0697b72a511801af3,24569,s11_plot_png,reference_plot_valid,ANT1453H,P2,,,,,9a9d7074fc5ecbd6598afee84cec4623010ce93dc46a08f0697b72a511801af3,Preserved from 17f0a758.,valid_png_container;legacy_axis_label_dBm;unchanged_from_17f0a758
Results/S11_Plots/S11_ANT1454H_P1.png,261b0875c64c0edf376ce1cea60cbc8b6460e89d76e0ef9c7efdeb0aaaf9a4e4,25415,s11_plot_png,reference_plot_valid,ANT1454H,P1,,,,,261b0875c64c0edf376ce1cea60cbc8b6460e89d76e0ef9c7efdeb0aaaf9a4e4,Preserved from 17f0a758.,valid_png_container;legacy_axis_label_dBm;unchanged_from_17f0a758
Results/S11_Plots/S11_ANT1454H_P2.png,4d3ee6de1872a30a7c83ca4d629d214f96b55275c95341fb846aea9f7324886e,26809,s11_plot_png,reference_plot_valid,ANT1454H,P2,,,,,4d3ee6de1872a30a7c83ca4d629d214f96b55275c95341fb846aea9f7324886e,Preserved from 17f0a758.,valid_png_container;legacy_axis_label_dBm;unchanged_from_17f0a758
Results/S11_Plots/S11_ANT1455H_P1.png,06ddc06460ec87b929dd9aca2c6f197fb20ffd5abf4568c1948858c95eee245d,25628,s11_plot_png,reference_plot_valid,ANT1455H,P1,,,,,06ddc06460ec87b929dd9aca2c6f197fb20ffd5abf4568c1948858c95eee245d,Preserved from 17f0a758.,valid_png_container;legacy_axis_label_dBm;unchanged_from_17f0a758
Results/S11_Plots/S11_ANT1455H_P2.png,39fb3dc259717641fd49b52cc7e36ae236f2a439be42af8a09153af62ba0e0cd,24149,s11_plot_png,reference_plot_valid,ANT1455H,P2,,,,,39fb3dc259717641fd49b52cc7e36ae236f2a439be42af8a09153af62ba0e0cd,Preserved from 17f0a758.,valid_png_container;legacy_axis_label_dBm;unchanged_from_17f0a758
Results/S11_Plots/S11_ANT1456H_P1.png,122b33a32440f2cacc9adc2b4e77003be27357811fafd15daccf40c4902a3c13,27713,s11_plot_png,reference_plot_valid,ANT1456H,P1,,,,,122b33a32440f2cacc9adc2b4e77003be27357811fafd15daccf40c4902a3c13,Preserved from 17f0a758.,valid_png_container;legacy_axis_label_dBm;unchanged_from_17f0a758
Results/S11_Plots/S11_ANT1456H_P2.png,44db4951c579893182103879beb1231d11c8cb4cdf974516574a585642de50d8,27425,s11_plot_png,reference_plot_valid,ANT1456H,P2,,,,,44db4951c579893182103879beb1231d11c8cb4cdf974516574a585642de50d8,Preserved from 17f0a758.,valid_png_container;legacy_axis_label_dBm;unchanged_from_17f0a758
Results/S11_Plots/S11_ANT1457H_P1.png,10e624dc8286783eee21c3d0ddcf9b6361215b5a1c14761592a66755a8a4d380,27372,s11_plot_png,reference_plot_valid,ANT1457H,P1,,,,,10e624dc8286783eee21c3d0ddcf9b6361215b5a1c14761592a66755a8a4d380,Preserved from 17f0a758.,valid_png_container;legacy_axis_label_dBm;unchanged_from_17f0a758
Results/S11_Plots/S11_ANT1457H_P2.png,6b032131a7d6ae3fc8b9c849a8e73dadd0cbb2877482b030dc7582c77cb63a36,27485,s11_plot_png,reference_plot_valid,ANT1457H,P2,,,,,6b032131a7d6ae3fc8b9c849a8e73dadd0cbb2877482b030dc7582c77cb63a36,Preserved from 17f0a758.,valid_png_container;legacy_axis_label_dBm;unchanged_from_17f0a758
Results/S11_Plots/S11_ANT1459H_P1.png,da08699d618f391b24279e1774e7659f46321e8123b1c627a2d2138a1b1e43db,40348,s11_plot_png,reference_plot_valid,ANT1459H,P1,,,,,da08699d618f391b24279e1774e7659f46321e8123b1c627a2d2138a1b1e43db,Preserved from 17f0a758.,valid_png_container;legacy_axis_label_dBm;unchanged_from_17f0a758
Results/S11_Plots/S11_ANT1459H_P2.png,af01742b169adada20570b741046fe3e3b1d86caa78fbb8bf2119df686f9666e,27385,s11_plot_png,reference_plot_valid,ANT1459H,P2,,,,,af01742b169adada20570b741046fe3e3b1d86caa78fbb8bf2119df686f9666e,Preserved from 17f0a758.,valid_png_container;legacy_axis_label_dBm;unchanged_from_17f0a758
Results/S11_Plots/S11_ANT1460H_P1.png,59bb750701d13f40b1df1b839a771fb07aad20ae884a90a5cdd81b9ed69a3036,26611,s11_plot_png,reference_plot_valid,ANT1460H,P1,,,,,59bb750701d13f40b1df1b839a771fb07aad20ae884a90a5cdd81b9ed69a3036,Preserved from 17f0a758.,valid_png_container;legacy_axis_label_dBm;unchanged_from_17f0a758
Results/S11_Plots/S11_ANT1460H_P2.png,ffbfffa0b3c504f083a9a045d04438bc73ce914186e025e039d599d84d9a65ad,25325,s11_plot_png,reference_plot_valid,ANT1460H,P2,,,,,ffbfffa0b3c504f083a9a045d04438bc73ce914186e025e039d599d84d9a65ad,Preserved from 17f0a758.,valid_png_container;legacy_axis_label_dBm;unchanged_from_17f0a758
Results/S11_Plots/S11_ANT1461H_P1.png,61dc6dcc7f0a3ca71cfecfc97816b8aae6ccf626cf33a1ddb0cb763000fe50cc,25421,s11_plot_png,reference_plot_valid,ANT1461H,P1,,,,,61dc6dcc7f0a3ca71cfecfc97816b8aae6ccf626cf33a1ddb0cb763000fe50cc,Preserved from 17f0a758.,valid_png_container;legacy_axis_label_dBm;unchanged_from_17f0a758
Results/S11_Plots/S11_ANT1461H_P2.png,3c06d37a57a9cb9a55713af5113259040e334187129e1e176c0714439efdff14,24711,s11_plot_png,reference_plot_valid,ANT1461H,P2,,,,,3c06d37a57a9cb9a55713af5113259040e334187129e1e176c0714439efdff14,Preserved from 17f0a758.,valid_png_container;legacy_axis_label_dBm;unchanged_from_17f0a758
Results/S11_Plots/S11_ANT1462H_P1.png,a4b9a3d2c7322beb006928cddff0f971cb9a8c52a6f5de904f90b165bad89347,28446,s11_plot_png,reference_plot_valid,ANT1462H,P1,,,,,a4b9a3d2c7322beb006928cddff0f971cb9a8c52a6f5de904f90b165bad89347,Preserved from 17f0a758.,valid_png_container;legacy_axis_label_dBm;unchanged_from_17f0a758
Results/S11_Plots/S11_ANT1462H_P2.png,2156c9a2fa3bc6b059f31adc9cdad3e4763e23b4afa41bea6fd8779bbe7d274b,24753,s11_plot_png,reference_plot_valid,ANT1462H,P2,,,,,2156c9a2fa3bc6b059f31adc9cdad3e4763e23b4afa41bea6fd8779bbe7d274b,Preserved from 17f0a758.,valid_png_container;legacy_axis_label_dBm;unchanged_from_17f0a758
Results/S11_Plots/S11_ANT1463H_P1.png,d9df6544647f03c82c4e9f5e02570710296ba0a2151a7ea20e7ade8d38e0c46f,27402,s11_plot_png,reference_plot_valid,ANT1463H,P1,,,,,d9df6544647f03c82c4e9f5e02570710296ba0a2151a7ea20e7ade8d38e0c46f,Preserved from 17f0a758.,valid_png_container;legacy_axis_label_dBm;unchanged_from_17f0a758
Results/S11_Plots/S11_ANT1463H_P2.png,462b72a716d5c6605b4aa2234dfb3d06794361470e9292657e63754d48a10029,26835,s11_plot_png,reference_plot_valid,ANT1463H,P2,,,,,462b72a716d5c6605b4aa2234dfb3d06794361470e9292657e63754d48a10029,Preserved from 17f0a758.,valid_png_container;legacy_axis_label_dBm;unchanged_from_17f0a758
Results/S11_Plots/S11_ANT1464H_P1.png,a55583bc2410086986c69b1616ef265f1eb97c105b1ae37d4b3b3ea25d1f25bb,25297,s11_plot_png,reference_plot_valid,ANT1464H,P1,,,,,a55583bc2410086986c69b1616ef265f1eb97c105b1ae37d4b3b3ea25d1f25bb,Preserved from 17f0a758.,valid_png_container;legacy_axis_label_dBm;unchanged_from_17f0a758
Results/S11_Plots/S11_ANT1464H_P2.png,d1e28b403a0be8c2e2870b082aec24ea669fa7a69264eeccaf501bffa4ce7fa4,27742,s11_plot_png,reference_plot_valid,ANT1464H,P2,,,,,d1e28b403a0be8c2e2870b082aec24ea669fa7a69264eeccaf501bffa4ce7fa4,Preserved from 17f0a758.,valid_png_container;legacy_axis_label_dBm;unchanged_from_17f0a758
Results/S11_Plots/S11_ANT1465H_P1.png,ac56fe32d5a0fb1fbceb951b146587e571a0557bb478d2eaeb823c01ad3025db,27024,s11_plot_png,reference_plot_valid,ANT1465H,P1,,,,,ac56fe32d5a0fb1fbceb951b146587e571a0557bb478d2eaeb823c01ad3025db,Preserved from 17f0a758.,valid_png_container;legacy_axis_label_dBm;unchanged_from_17f0a758
Results/S11_Plots/S11_ANT1465H_P2.png,7b3add2adb0babdab562cd1346e30c998aa0fa580f62896769308c77027e2e80,27094,s11_plot_png,reference_plot_valid,ANT1465H,P2,,,,,7b3add2adb0babdab562cd1346e30c998aa0fa580f62896769308c77027e2e80,Preserved from 17f0a758.,valid_png_container;legacy_axis_label_dBm;unchanged_from_17f0a758
Results/S11_Plots/S11_ANT1466H_P1.png,27ec948647d661602f92c6d2a9eef1645f417294d25b839039239395441c6eae,27693,s11_plot_png,reference_plot_valid,ANT1466H,P1,,,,,27ec948647d661602f92c6d2a9eef1645f417294d25b839039239395441c6eae,Preserved from 17f0a758.,valid_png_container;legacy_axis_label_dBm;unchanged_from_17f0a758
Results/S11_Plots/S11_ANT1466H_P2.png,b518c5f406a98d4d693c99b6c2dd91bc8c4af6373fdc3e453af35f57fd63afb9,25166,s11_plot_png,reference_plot_valid,ANT1466H,P2,,,,,b518c5f406a98d4d693c99b6c2dd91bc8c4af6373fdc3e453af35f57fd63afb9,Preserved from 17f0a758.,valid_png_container;legacy_axis_label_dBm;unchanged_from_17f0a758
Results/S11_Plots/S11_ANT1467H_P1.png,0b3cfd8a10496bdc11b212302e9cda287fcc57e5931fe0ba627557dbd60bb1a9,27372,s11_plot_png,reference_plot_valid,ANT1467H,P1,,,,,0b3cfd8a10496bdc11b212302e9cda287fcc57e5931fe0ba627557dbd60bb1a9,Preserved from 17f0a758.,valid_png_container;legacy_axis_label_dBm;unchanged_from_17f0a758
Results/S11_Plots/S11_ANT1467H_P2.png,e5e72774a08ad30088f93d358350d963a676a1636ae303fda39fa5bc07fad0ae,26917,s11_plot_png,reference_plot_valid,ANT1467H,P2,,,,,e5e72774a08ad30088f93d358350d963a676a1636ae303fda39fa5bc07fad0ae,Preserved from 17f0a758.,valid_png_container;legacy_axis_label_dBm;unchanged_from_17f0a758
Results/S11_Plots/S11_ANT1468H_P1.png,e0b00057c1dabf3751baddf337c671f8df55065003fc9fb437c3bb5a4e111977,27973,s11_plot_png,reference_plot_valid,ANT1468H,P1,,,,,e0b00057c1dabf3751baddf337c671f8df55065003fc9fb437c3bb5a4e111977,Preserved from 17f0a758.,valid_png_container;legacy_axis_label_dBm;unchanged_from_17f0a758
Results/S11_Plots/S11_ANT1468H_P2.png,e9e09fbe1077be2222d8bf516b2a381aa50a0c04c3119224dca725605c7a1ce3,27019,s11_plot_png,reference_plot_valid,ANT1468H,P2,,,,,e9e09fbe1077be2222d8bf516b2a381aa50a0c04c3119224dca725605c7a1ce3,Preserved from 17f0a758.,valid_png_container;legacy_axis_label_dBm;unchanged_from_17f0a758
Results/S11_Plots/S11_ANT1469H_P1.png,6dd6045210850a60149301b10dd4022adbda463cf1d660b6f3c320874699850f,27034,s11_plot_png,reference_plot_valid,ANT1469H,P1,,,,,6dd6045210850a60149301b10dd4022adbda463cf1d660b6f3c320874699850f,Preserved from 17f0a758.,valid_png_container;legacy_axis_label_dBm;unchanged_from_17f0a758
Results/S11_Plots/S11_ANT1469H_P2.png,329edf710baaca5c4cd3cf69089443cef07336e017ce83c2c30bf526d52b2c8e,24893,s11_plot_png,reference_plot_valid,ANT1469H,P2,,,,,329edf710baaca5c4cd3cf69089443cef07336e017ce83c2c30bf526d52b2c8e,Preserved from 17f0a758.,valid_png_container;legacy_axis_label_dBm;unchanged_from_17f0a758
Results/S11_Plots/S11_ANT1470h_P1.png,7e59ce01f880cb730cb97e7709509a3320ed1f4554de617845749e11e5d04bbf,25967,s11_plot_png,reference_plot_valid,ANT1470h,P1,,,,,7e59ce01f880cb730cb97e7709509a3320ed1f4554de617845749e11e5d04bbf,Preserved from 17f0a758.,valid_png_container;legacy_axis_label_dBm;unchanged_from_17f0a758
Results/S11_Plots/S11_ANT1470h_P2.png,d9a7321a630ea825d4697ea6fdf181f40a4ca00ccac41746666f1c80ef4d84c8,28648,s11_plot_png,reference_plot_valid,ANT1470h,P2,,,,,d9a7321a630ea825d4697ea6fdf181f40a4ca00ccac41746666f1c80ef4d84c8,Preserved from 17f0a758.,valid_png_container;legacy_axis_label_dBm;unchanged_from_17f0a758
Results/S11_Plots/S11_ANT1472H_P1.png,2f451fc8b912ad8c45ba426a7b2bbfab8b67b357bd783e6ac8acfce34c330e51,28612,s11_plot_png,reference_plot_valid,ANT1472H,P1,,,,,2f451fc8b912ad8c45ba426a7b2bbfab8b67b357bd783e6ac8acfce34c330e51,Preserved from 17f0a758.,valid_png_container;legacy_axis_label_dBm;unchanged_from_17f0a758
Results/S11_Plots/S11_ANT1472H_P2.png,d4a35e11db0cd3f69e9c97485dc42beabc1644e2045238172b0d027a7cefaff1,28371,s11_plot_png,reference_plot_valid,ANT1472H,P2,,,,,d4a35e11db0cd3f69e9c97485dc42beabc1644e2045238172b0d027a7cefaff1,Preserved from 17f0a758.,valid_png_container;legacy_axis_label_dBm;unchanged_from_17f0a758
Results/S11_Plots/S11_ANT1473H_P1.png,0b218b73babadbd0abe45bea553e5144d21d4b9a094c1396cf29581f960512e4,29249,s11_plot_png,reference_plot_valid,ANT1473H,P1,,,,,0b218b73babadbd0abe45bea553e5144d21d4b9a094c1396cf29581f960512e4,Preserved from 17f0a758.,valid_png_container;legacy_axis_label_dBm;unchanged_from_17f0a758
Results/S11_Plots/S11_ANT1473H_P2.png,b2b6b5434554abe6b47d42c211ae817dfea593eacce1faa2a67f3791d064c4e9,28484,s11_plot_png,reference_plot_valid,ANT1473H,P2,,,,,b2b6b5434554abe6b47d42c211ae817dfea593eacce1faa2a67f3791d064c4e9,Preserved from 17f0a758.,valid_png_container;legacy_axis_label_dBm;unchanged_from_17f0a758
Results/S11_Plots/S11_ANT1474H_P1.png,1ba09a1844406ad535f1ae8d84d67a46490b73db9075fb7712d009fd9d19a770,26329,s11_plot_png,reference_plot_valid,ANT1474H,P1,,,,,1ba09a1844406ad535f1ae8d84d67a46490b73db9075fb7712d009fd9d19a770,Preserved from 17f0a758.,valid_png_container;legacy_axis_label_dBm;unchanged_from_17f0a758
Results/S11_Plots/S11_ANT1474H_P2.png,60ade625d5d35a4bf6908b190c2e3ff53e9169914f3a980fa89f928c06654424,28188,s11_plot_png,reference_plot_valid,ANT1474H,P2,,,,,60ade625d5d35a4bf6908b190c2e3ff53e9169914f3a980fa89f928c06654424,Preserved from 17f0a758.,valid_png_container;legacy_axis_label_dBm;unchanged_from_17f0a758
Results/S11_Plots/S11_ANT1475H_P1.png,9a577909e9cf6caf31ebae4cda4a2476671b11e48aa08e72b02f468ad3d51b73,28701,s11_plot_png,reference_plot_valid,ANT1475H,P1,,,,,9a577909e9cf6caf31ebae4cda4a2476671b11e48aa08e72b02f468ad3d51b73,Preserved from 17f0a758.,valid_png_container;legacy_axis_label_dBm;unchanged_from_17f0a758
Results/S11_Plots/S11_ANT1475H_P2.png,a177983c8e8c5bcc10541d152e8e03f14f0528760d574ff0b95deb5c54db1263,28029,s11_plot_png,reference_plot_valid,ANT1475H,P2,,,,,a177983c8e8c5bcc10541d152e8e03f14f0528760d574ff0b95deb5c54db1263,Preserved from 17f0a758.,valid_png_container;legacy_axis_label_dBm;unchanged_from_17f0a758
Results/S11_Plots/S11_ANT1476H_P1.png,6fd373da0fba0671e1d6001b7f5245e64bdd165aba331538475ea821a612ff0d,26839,s11_plot_png,reference_plot_valid,ANT1476H,P1,,,,,6fd373da0fba0671e1d6001b7f5245e64bdd165aba331538475ea821a612ff0d,Preserved from 17f0a758.,valid_png_container;legacy_axis_label_dBm;unchanged_from_17f0a758
Results/S11_Plots/S11_ANT1476H_P2.png,230861304f2b782aee32105299f0ac07cbf6ec7c685efadfe13f5a714fa9ab1c,28123,s11_plot_png,reference_plot_valid,ANT1476H,P2,,,,,230861304f2b782aee32105299f0ac07cbf6ec7c685efadfe13f5a714fa9ab1c,Preserved from 17f0a758.,valid_png_container;legacy_axis_label_dBm;unchanged_from_17f0a758
Results/S11_Plots/S11_ANT1477h_P1.png,1e57dc19a177f77d6fd65bc081b96a05c3656b8782eef2798224c8892a055442,38416,s11_plot_png,reference_plot_valid,ANT1477h,P1,,,,,1e57dc19a177f77d6fd65bc081b96a05c3656b8782eef2798224c8892a055442,Preserved from 17f0a758.,valid_png_container;legacy_axis_label_dBm;unchanged_from_17f0a758
Results/S11_Plots/S11_ANT1477h_P2.png,7a8807b80b8ddce7c21a5b1b97f094c0b379b7e99a2760658fef8ac2a7d0a1ed,28232,s11_plot_png,reference_plot_valid,ANT1477h,P2,,,,,7a8807b80b8ddce7c21a5b1b97f094c0b379b7e99a2760658fef8ac2a7d0a1ed,Preserved from 17f0a758.,valid_png_container;legacy_axis_label_dBm;unchanged_from_17f0a758
Results/S11_Plots/S11_ANT1478H_P1.png,95e8c5d6042aee41fc5d1a4cad0c912526d276b10727d53fc7009f448b4c9929,29168,s11_plot_png,reference_plot_valid,ANT1478H,P1,,,,,95e8c5d6042aee41fc5d1a4cad0c912526d276b10727d53fc7009f448b4c9929,Preserved from 17f0a758.,valid_png_container;legacy_axis_label_dBm;unchanged_from_17f0a758
Results/S11_Plots/S11_ANT1478H_P2.png,88f3dc7133cde6d0ec1336a2493089e649ca9b86734eff282f9d3ef76f71dbfc,28134,s11_plot_png,reference_plot_valid,ANT1478H,P2,,,,,88f3dc7133cde6d0ec1336a2493089e649ca9b86734eff282f9d3ef76f71dbfc,Preserved from 17f0a758.,valid_png_container;legacy_axis_label_dBm;unchanged_from_17f0a758
Results/S11_Plots/S11_ANT1479h_P1.png,8973fc88109382dd189b17e700402b77ff9d7878a08d7989fd663e6e3453040f,26413,s11_plot_png,reference_plot_valid,ANT1479h,P1,,,,,8973fc88109382dd189b17e700402b77ff9d7878a08d7989fd663e6e3453040f,Preserved from 17f0a758.,valid_png_container;legacy_axis_label_dBm;unchanged_from_17f0a758
Results/S11_Plots/S11_ANT1479h_P2.png,3d041f1507e1d4465a0d9f0ae79405b3860f25e8b27d7b8a117dd8577b607450,29070,s11_plot_png,reference_plot_valid,ANT1479h,P2,,,,,3d041f1507e1d4465a0d9f0ae79405b3860f25e8b27d7b8a117dd8577b607450,Preserved from 17f0a758.,valid_png_container;legacy_axis_label_dBm;unchanged_from_17f0a758
Results/S11_Plots/S11_ANT1480H_P1.png,dd239c43f6e03edaf4ffe3d18247bce2701b4f53aacca0c1708ce6d9fd674d68,29090,s11_plot_png,reference_plot_valid,ANT1480H,P1,,,,,dd239c43f6e03edaf4ffe3d18247bce2701b4f53aacca0c1708ce6d9fd674d68,Preserved from 17f0a758.,valid_png_container;legacy_axis_label_dBm;unchanged_from_17f0a758
Results/S11_Plots/S11_ANT1480H_P2.png,c26dbcf0a3833f9e7679153963d5df708a23384d8dab13a0f49dd8e6dde97756,26315,s11_plot_png,reference_plot_valid,ANT1480H,P2,,,,,c26dbcf0a3833f9e7679153963d5df708a23384d8dab13a0f49dd8e6dde97756,Preserved from 17f0a758.,valid_png_container;legacy_axis_label_dBm;unchanged_from_17f0a758
Results/S11_Plots/S11_ANT1481H_P1.png,19b973cb73e45110b7158afb53b468d36b0ff3ea1d70af44b273a1a840757cab,26596,s11_plot_png,reference_plot_valid,ANT1481H,P1,,,,,19b973cb73e45110b7158afb53b468d36b0ff3ea1d70af44b273a1a840757cab,Preserved from 17f0a758.,valid_png_container;legacy_axis_label_dBm;unchanged_from_17f0a758
Results/S11_Plots/S11_ANT1481H_P2.png,614020051e52d9ae05dc8f9db4a1f4507ea57e5dbe8211691a83c480f18540b1,28082,s11_plot_png,reference_plot_valid,ANT1481H,P2,,,,,614020051e52d9ae05dc8f9db4a1f4507ea57e5dbe8211691a83c480f18540b1,Preserved from 17f0a758.,valid_png_container;legacy_axis_label_dBm;unchanged_from_17f0a758
Results/S11_Plots/S11_ANT1486H_P1.png,b347381bdbb39cd52212494106cddc954e9ae6afc2c547e40ec3c7d869e7d3c2,26579,s11_plot_png,reference_plot_valid,ANT1486H,P1,,,,,b347381bdbb39cd52212494106cddc954e9ae6afc2c547e40ec3c7d869e7d3c2,Preserved from 17f0a758.,valid_png_container;legacy_axis_label_dBm;unchanged_from_17f0a758
Results/S11_Plots/S11_ANT1486H_P2.png,c92f7ffb685ad9ca0ac4fc6ab29b1b6a1fd984f606ccb594cdca4dacb56ad9ea,27868,s11_plot_png,reference_plot_valid,ANT1486H,P2,,,,,c92f7ffb685ad9ca0ac4fc6ab29b1b6a1fd984f606ccb594cdca4dacb56ad9ea,Preserved from 17f0a758.,valid_png_container;legacy_axis_label_dBm;unchanged_from_17f0a758
Results/S11_Plots/S11_ANT1525H_P1.png,2c9797f91998d0cc0c9ecfd0a4a4e5859899abe0901f7c7aff25957684bdbae2,26653,s11_plot_png,reference_plot_valid,ANT1525H,P1,,,,,2c9797f91998d0cc0c9ecfd0a4a4e5859899abe0901f7c7aff25957684bdbae2,Preserved from 17f0a758.,valid_png_container;legacy_axis_label_dBm;unchanged_from_17f0a758
Results/S11_Plots/S11_ANT1525H_P2.png,87ce43fca167ba67decbc38495af8c2238d33372554a496143cd450c49f3d501,27808,s11_plot_png,reference_plot_valid,ANT1525H,P2,,,,,87ce43fca167ba67decbc38495af8c2238d33372554a496143cd450c49f3d501,Preserved from 17f0a758.,valid_png_container;legacy_axis_label_dBm;unchanged_from_17f0a758
Results/S11_Plots/S11_ANt1443H_P1.png,9d142adc1f8723d487af6aaa226a6779e1f0f4e5ee7212a2c1d32af2c96b8d1e,27441,s11_plot_png,reference_plot_valid,ANt1443H,P1,,,,,9d142adc1f8723d487af6aaa226a6779e1f0f4e5ee7212a2c1d32af2c96b8d1e,Preserved from 17f0a758.,valid_png_container;legacy_axis_label_dBm;unchanged_from_17f0a758
Results/S11_Plots/S11_ANt1443H_P2.png,e304d7710ff0b890d37a59126daff9ba2de1f34f9835bf6b9654259ff2909bf4,27386,s11_plot_png,reference_plot_valid,ANt1443H,P2,,,,,e304d7710ff0b890d37a59126daff9ba2de1f34f9835bf6b9654259ff2909bf4,Preserved from 17f0a758.,valid_png_container;legacy_axis_label_dBm;unchanged_from_17f0a758
Results/S11_Plots/S11_Covered_1_P1.png,a0a0f456bd241e5e1ed92ea0e4411c87b4aa06f3d19c740ffe352c148538e496,27546,s11_plot_png,reference_plot_valid,,P1,,,,,a0a0f456bd241e5e1ed92ea0e4411c87b4aa06f3d19c740ffe352c148538e496,Preserved from 17f0a758.,valid_png_container;legacy_axis_label_dBm;unchanged_from_17f0a758
Results/S11_Plots/S11_Covered_1_P2.png,f9abec99e132e126a34dc41e69f5343962c454b2c015bbfed5a95fff73c9b7cb,29464,s11_plot_png,reference_plot_valid,,P2,,,,,f9abec99e132e126a34dc41e69f5343962c454b2c015bbfed5a95fff73c9b7cb,Preserved from 17f0a758.,valid_png_container;legacy_axis_label_dBm;unchanged_from_17f0a758
Results/S11_Plots/S11_Covered_2_P1.png,23d38bdd0083c3fe1ff60fc9f3d915bee19f996f457ed34668e8f44a4b5098fb,29867,s11_plot_png,reference_plot_valid,,P1,,,,,23d38bdd0083c3fe1ff60fc9f3d915bee19f996f457ed34668e8f44a4b5098fb,Preserved from 17f0a758.,valid_png_container;legacy_axis_label_dBm;unchanged_from_17f0a758
Results/S11_Plots/S11_Covered_2_P2.png,0f93a49a7914bb0256981d608fcf4769a58c126a4b2f4ba3c2c7a37fd1849d98,29466,s11_plot_png,reference_plot_valid,,P2,,,,,0f93a49a7914bb0256981d608fcf4769a58c126a4b2f4ba3c2c7a37fd1849d98,Preserved from 17f0a758.,valid_png_container;legacy_axis_label_dBm;unchanged_from_17f0a758
Results/S11_Plots/S11_Covered_3_P1.png,63d82f92c937b5e1738c3af3d901a74932eedadc604fd7d072481be79f788317,29777,s11_plot_png,reference_plot_valid,,P1,,,,,63d82f92c937b5e1738c3af3d901a74932eedadc604fd7d072481be79f788317,Preserved from 17f0a758.,valid_png_container;legacy_axis_label_dBm;unchanged_from_17f0a758
Results/S11_Plots/S11_Covered_3_P2.png,c609f61149c824ec022057eee0882ff67ac7835fdcb568862331a77a97cc1fab,30008,s11_plot_png,reference_plot_valid,,P2,,,,,c609f61149c824ec022057eee0882ff67ac7835fdcb568862331a77a97cc1fab,Preserved from 17f0a758.,valid_png_container;legacy_axis_label_dBm;unchanged_from_17f0a758
Results/S11_Plots/S11_Covered_4_P1.png,4e4efb55a3ec6dee37158ca6ede6cd927bd954a9f4529989f91105c2f03b53bd,29849,s11_plot_png,reference_plot_valid,,P1,,,,,4e4efb55a3ec6dee37158ca6ede6cd927bd954a9f4529989f91105c2f03b53bd,Preserved from 17f0a758.,valid_png_container;legacy_axis_label_dBm;unchanged_from_17f0a758
Results/S11_Plots/S11_Covered_4_P2.png,1c86096e58ebbcba94ece82394d38516c4fed266d0389e871cb9b07752ace169,29526,s11_plot_png,reference_plot_valid,,P2,,,,,1c86096e58ebbcba94ece82394d38516c4fed266d0389e871cb9b07752ace169,Preserved from 17f0a758.,valid_png_container;legacy_axis_label_dBm;unchanged_from_17f0a758
Results/S11_Plots/S11_L1_C1Covered_P1.png,3ba7037e1f18774d0959bc71e1a9fb35e33b46352ead5e32f7c2066a04718b91,29938,s11_plot_png,reference_plot_valid,,P1,,,,,3ba7037e1f18774d0959bc71e1a9fb35e33b46352ead5e32f7c2066a04718b91,Preserved from 17f0a758.,valid_png_container;legacy_axis_label_dBm;unchanged_from_17f0a758
Results/S11_Plots/S11_L1_C1Covered_P2.png,ae51d717af4a7f2876da4f9dfae79f472693d46684760d7948308aba013dbd9b,29191,s11_plot_png,reference_plot_valid,,P2,,,,,ae51d717af4a7f2876da4f9dfae79f472693d46684760d7948308aba013dbd9b,Preserved from 17f0a758.,valid_png_container;legacy_axis_label_dBm;unchanged_from_17f0a758
Results/S11_Plots/S11_L1_C1Uncovered_P1.png,16c165d42aca5295412a41be9565d2202f24cdd43b2637e17ec23c0ca0c7f0b4,30308,s11_plot_png,reference_plot_valid,,P1,,,,,16c165d42aca5295412a41be9565d2202f24cdd43b2637e17ec23c0ca0c7f0b4,Preserved from 17f0a758.,valid_png_container;legacy_axis_label_dBm;unchanged_from_17f0a758
Results/S11_Plots/S11_L1_C1Uncovered_P2.png,d86b2d525125d50c883ee8e895c92d01d7530d58478d2ce44b006a422b7d9ceb,29858,s11_plot_png,reference_plot_valid,,P2,,,,,d86b2d525125d50c883ee8e895c92d01d7530d58478d2ce44b006a422b7d9ceb,Preserved from 17f0a758.,valid_png_container;legacy_axis_label_dBm;unchanged_from_17f0a758
Results/S11_Plots/S11_L1_c2Covered_P1.png,2521604b66469ecff81a8e73172c00a1babf7c5b661361f9a49fa2ebba2e2325,29870,s11_plot_png,reference_plot_valid,,P1,,,,,2521604b66469ecff81a8e73172c00a1babf7c5b661361f9a49fa2ebba2e2325,Preserved from 17f0a758.,valid_png_container;legacy_axis_label_dBm;unchanged_from_17f0a758
Results/S11_Plots/S11_L1_c2Covered_P2.png,6f8cb7e5cb6ac92787bc3961aa22cdda0e6765e3539ac12bed8c06b8dcd57394,29141,s11_plot_png,reference_plot_valid,,P2,,,,,6f8cb7e5cb6ac92787bc3961aa22cdda0e6765e3539ac12bed8c06b8dcd57394,Preserved from 17f0a758.,valid_png_container;legacy_axis_label_dBm;unchanged_from_17f0a758
Results/S11_Plots/S11_L1_c2Uncovered_P1.png,ea161cee5a36fb7d19bff1e0153746d5db502efe57a282f84f16188b5b53cf1f,30475,s11_plot_png,reference_plot_valid,,P1,,,,,ea161cee5a36fb7d19bff1e0153746d5db502efe57a282f84f16188b5b53cf1f,Preserved from 17f0a758.,valid_png_container;legacy_axis_label_dBm;unchanged_from_17f0a758
Results/S11_Plots/S11_L1_c2Uncovered_P2.png,adbc2c8da1a10ed397ae3239efc8ec2db178ce9268e79326bd4dba8ae0b6acf8,29672,s11_plot_png,reference_plot_valid,,P2,,,,,adbc2c8da1a10ed397ae3239efc8ec2db178ce9268e79326bd4dba8ae0b6acf8,Preserved from 17f0a758.,valid_png_container;legacy_axis_label_dBm;unchanged_from_17f0a758
Results/S11_Plots/S11_L2_C1Covered_P1.png,dcbca2b502d247b0dd09109668e70761d330c60ef91ef3d647bca33254718846,30055,s11_plot_png,reference_plot_valid,,P1,,,,,dcbca2b502d247b0dd09109668e70761d330c60ef91ef3d647bca33254718846,Preserved from 17f0a758.,valid_png_container;legacy_axis_label_dBm;unchanged_from_17f0a758
Results/S11_Plots/S11_L2_C1Covered_P2.png,80741fa2e3fae05e4305431a83a1c1a0ddd79919e98f7b99581d930c33c7721d,29419,s11_plot_png,reference_plot_valid,,P2,,,,,80741fa2e3fae05e4305431a83a1c1a0ddd79919e98f7b99581d930c33c7721d,Preserved from 17f0a758.,valid_png_container;legacy_axis_label_dBm;unchanged_from_17f0a758
Results/S11_Plots/S11_L2_C1Uncovered_P1.png,d203d4e4f033b76c920f52e60d98de5cbf9cfc1eee3ca65f6e5131f1e18376c1,30466,s11_plot_png,reference_plot_valid,,P1,,,,,d203d4e4f033b76c920f52e60d98de5cbf9cfc1eee3ca65f6e5131f1e18376c1,Preserved from 17f0a758.,valid_png_container;legacy_axis_label_dBm;unchanged_from_17f0a758
Results/S11_Plots/S11_L2_C1Uncovered_P2.png,109297267507ec8f29c0435f5ac1b75194e6776e742eb4815254baada428af53,29789,s11_plot_png,reference_plot_valid,,P2,,,,,109297267507ec8f29c0435f5ac1b75194e6776e742eb4815254baada428af53,Preserved from 17f0a758.,valid_png_container;legacy_axis_label_dBm;unchanged_from_17f0a758
Results/S11_Plots/S11_L2_C2Covered_P1.png,450128410f59ac48a7082f3002e9975c53c76822edf2544ee756207e9bd9aaed,30175,s11_plot_png,reference_plot_valid,,P1,,,,,450128410f59ac48a7082f3002e9975c53c76822edf2544ee756207e9bd9aaed,Preserved from 17f0a758.,valid_png_container;legacy_axis_label_dBm;unchanged_from_17f0a758
Results/Smith_Charts/ANT1342H_P1.jpg,ab74c7cebf4dd8c44304915fba095b1a5ada5f87c847be811d44c19830b0e5f9,31874,smith_chart_jpeg,regenerated_valid,ANT1342H,P1,,,,,cbc2aa291f8b17625cfe44e6056d1baa99ba0682023110f623f9c0130178f89e,Regenerated from the current ANT1342H Touchstone file with tools/render_s1p_plots.py; replaces the stale pre-retest plot at 17f0a758.,valid_jpeg_container;regenerated_from_current_touchstone;replaces_stale_pre_retest_plot
Results/Smith_Charts/ANT1342H_P2.jpg,536e1d3fb8dde23002aaf652565bf43651874c6d79063effbc1505b43bf5f93d,31618,smith_chart_jpeg,regenerated_valid,ANT1342H,P2,,,,,53bb37e36db53a55870ebb5d7d81c15211141cdf347c15bf91c21c804bef6cdd,Regenerated from the current ANT1342H Touchstone file with tools/render_s1p_plots.py; replaces the stale pre-retest plot at 17f0a758.,valid_jpeg_container;regenerated_from_current_touchstone;replaces_stale_pre_retest_plot
Results/Smith_Charts/ANT1343H_P1.jpg,2b9c00ac06767228b849a2cfa061bc7a5079f188da307a13a2c54a3eb445cbc5,74810,smith_chart_jpeg,reference_plot_valid,ANT1343H,P1,,,,,2b9c00ac06767228b849a2cfa061bc7a5079f188da307a13a2c54a3eb445cbc5,Preserved from 17f0a758.,valid_jpeg_container;unchanged_from_17f0a758
Results/Smith_Charts/ANT1343H_P2.jpg,16f2099a365d70fab29033426f59671babb6b02226e902ff4bb16a2bbca00b84,73966,smith_chart_jpeg,reference_plot_valid,ANT1343H,P2,,,,,16f2099a365d70fab29033426f59671babb6b02226e902ff4bb16a2bbca00b84,Preserved from 17f0a758.,valid_jpeg_container;unchanged_from_17f0a758
Results/Smith_Charts/ANT1344H_P1.jpg,49129bf2fc677f2fd82001fb562335904771944704a162f905ab51869884d512,74214,smith_chart_jpeg,reference_plot_valid,ANT1344H,P1,,,,,49129bf2fc677f2fd82001fb562335904771944704a162f905ab51869884d512,Preserved from 17f0a758.,valid_jpeg_container;unchanged_from_17f0a758
Results/Smith_Charts/ANT1344H_P2.jpg,1008693932192e8ec5a286fcf914ece0b5360b824e82a46b00ec04f7e4f40976,73604,smith_chart_jpeg,reference_plot_valid,ANT1344H,P2,,,,,1008693932192e8ec5a286fcf914ece0b5360b824e82a46b00ec04f7e4f40976,Preserved from 17f0a758.,valid_jpeg_container;unchanged_from_17f0a758
Results/Smith_Charts/ANT1345H_P1.jpg,a4b837db892b00cdd60aceaf3e7f64c6e4c47691b7b410c1e0e49e3054561642,74767,smith_chart_jpeg,reference_plot_valid,ANT1345H,P1,,,,,a4b837db892b00cdd60aceaf3e7f64c6e4c47691b7b410c1e0e49e3054561642,Preserved from 17f0a758.,valid_jpeg_container;unchanged_from_17f0a758
Results/Smith_Charts/ANT1345H_P2.jpg,1bfe9020d7d18d5e8197ab772bfa2642fbde855a0a60c5fc2d7e57822443aeba,73584,smith_chart_jpeg,reference_plot_valid,ANT1345H,P2,,,,,1bfe9020d7d18d5e8197ab772bfa2642fbde855a0a60c5fc2d7e57822443aeba,Preserved from 17f0a758.,valid_jpeg_container;unchanged_from_17f0a758
Results/Smith_Charts/ANT1346H_P1.jpg,5b1bc1f393dae4cbef873c5df26a195effca8fbc7993c3eef1804d8dc925cb67,74216,smith_chart_jpeg,reference_plot_valid,ANT1346H,P1,,,,,5b1bc1f393dae4cbef873c5df26a195effca8fbc7993c3eef1804d8dc925cb67,Preserved from 17f0a758.,valid_jpeg_container;unchanged_from_17f0a758
Results/Smith_Charts/ANT1346H_P2.jpg,95b7685e4e5e14c7cf1e013d44090a5680d6fba8f05caab3145b4af5ab43718f,74397,smith_chart_jpeg,reference_plot_valid,ANT1346H,P2,,,,,95b7685e4e5e14c7cf1e013d44090a5680d6fba8f05caab3145b4af5ab43718f,Preserved from 17f0a758.,valid_jpeg_container;unchanged_from_17f0a758
Results/Smith_Charts/ANT1347H_P1.jpg,a458cd03ab5afb3fda1ebfc820c48f14df089f14dcf65f11c0bedd5b324df90f,74196,smith_chart_jpeg,reference_plot_valid,ANT1347H,P1,,,,,a458cd03ab5afb3fda1ebfc820c48f14df089f14dcf65f11c0bedd5b324df90f,Preserved from 17f0a758.,valid_jpeg_container;unchanged_from_17f0a758
Results/Smith_Charts/ANT1347H_P2.jpg,75628a54e59708bd146051bacb8b511310f651ed555ff15a4ff2bc9c4fa2b77f,73648,smith_chart_jpeg,reference_plot_valid,ANT1347H,P2,,,,,75628a54e59708bd146051bacb8b511310f651ed555ff15a4ff2bc9c4fa2b77f,Preserved from 17f0a758.,valid_jpeg_container;unchanged_from_17f0a758
Results/Smith_Charts/ANT1348H_P1.jpg,20e879ccbbe531a0b5424b54ea797b9d1e767e6fd885c53dc585590f9fe1d2af,96213,smith_chart_jpeg,reference_plot_valid,ANT1348H,P1,,,,,20e879ccbbe531a0b5424b54ea797b9d1e767e6fd885c53dc585590f9fe1d2af,Preserved from 17f0a758.,valid_jpeg_container;unchanged_from_17f0a758
Results/Smith_Charts/ANT1348H_P2.jpg,ec253eb1413910b77b8ca6f4b18b9e93fd11322431a74cde33b7349b5563b7a0,66312,smith_chart_jpeg,reference_plot_valid,ANT1348H,P2,,,,,ec253eb1413910b77b8ca6f4b18b9e93fd11322431a74cde33b7349b5563b7a0,Preserved from 17f0a758.,valid_jpeg_container;unchanged_from_17f0a758
Results/Smith_Charts/ANT1349H_P1.jpg,23070c6a846b5d3615ff1ccca081f0143b4f85308d0a2185f5965a60443ffc38,74702,smith_chart_jpeg,reference_plot_valid,ANT1349H,P1,,,,,23070c6a846b5d3615ff1ccca081f0143b4f85308d0a2185f5965a60443ffc38,Preserved from 17f0a758.,valid_jpeg_container;unchanged_from_17f0a758
Results/Smith_Charts/ANT1349H_P2.jpg,c133b657c822b8305f2cde40bacf4a2ad8763caf909d29bd43b19850a025d85a,74075,smith_chart_jpeg,reference_plot_valid,ANT1349H,P2,,,,,c133b657c822b8305f2cde40bacf4a2ad8763caf909d29bd43b19850a025d85a,Preserved from 17f0a758.,valid_jpeg_container;unchanged_from_17f0a758
Results/Smith_Charts/ANT1350H_P1.jpg,22cfdb1908c326f1928b29e564ffbeb04815d30c1219bcce77868a85d229226f,74359,smith_chart_jpeg,reference_plot_valid,ANT1350H,P1,,,,,22cfdb1908c326f1928b29e564ffbeb04815d30c1219bcce77868a85d229226f,Preserved from 17f0a758.,valid_jpeg_container;unchanged_from_17f0a758
Results/Smith_Charts/ANT1350H_P2.jpg,decea6e0912515eb046edb56af7b5fa0e0bb0e4a612816cbca462827ab5dc3a9,73562,smith_chart_jpeg,reference_plot_valid,ANT1350H,P2,,,,,decea6e0912515eb046edb56af7b5fa0e0bb0e4a612816cbca462827ab5dc3a9,Preserved from 17f0a758.,valid_jpeg_container;unchanged_from_17f0a758
Results/Smith_Charts/ANT1351H_Covered_P1.jpg,28f1d18519993204b2697e6fc6c071cae7b910c4cd36ea841d64af09472ea139,75571,smith_chart_jpeg,reference_plot_valid,ANT1351H,P1,,,,,28f1d18519993204b2697e6fc6c071cae7b910c4cd36ea841d64af09472ea139,Preserved from 17f0a758.,valid_jpeg_container;unchanged_from_17f0a758
Results/Smith_Charts/ANT1351H_Covered_P2.jpg,1021b6ad6e715d9022da4cad1251ea96f6df77bb47e8348b303357bf4131ffa6,75989,smith_chart_jpeg,reference_plot_valid,ANT1351H,P2,,,,,1021b6ad6e715d9022da4cad1251ea96f6df77bb47e8348b303357bf4131ffa6,Preserved from 17f0a758.,valid_jpeg_container;unchanged_from_17f0a758
Results/Smith_Charts/ANT1351H_P1.jpg,320e5bac027cde4edb5ef6a5a303bc141fe3826d03c1229443daf07c2fddc197,74174,smith_chart_jpeg,reference_plot_valid,ANT1351H,P1,,,,,320e5bac027cde4edb5ef6a5a303bc141fe3826d03c1229443daf07c2fddc197,Preserved from 17f0a758.,valid_jpeg_container;unchanged_from_17f0a758
Results/Smith_Charts/ANT1351H_P2.jpg,c682c8a1318c8fe24d08d1b228fa3ebba5a532c4305f97f410d0f9d02c96e232,73727,smith_chart_jpeg,reference_plot_valid,ANT1351H,P2,,,,,c682c8a1318c8fe24d08d1b228fa3ebba5a532c4305f97f410d0f9d02c96e232,Preserved from 17f0a758.,valid_jpeg_container;unchanged_from_17f0a758
Results/Smith_Charts/ANT1352H_P1.jpg,aaaba3c8f57b803acb0f4b74b7bd009ea60eda5d1c15b339b45511854fa2f356,93786,smith_chart_jpeg,reference_plot_valid,ANT1352H,P1,,,,,aaaba3c8f57b803acb0f4b74b7bd009ea60eda5d1c15b339b45511854fa2f356,Preserved from 17f0a758.,valid_jpeg_container;unchanged_from_17f0a758
Results/Smith_Charts/ANT1352H_P2.jpg,17597277fea8f470b268f9bee357d6fbed01830b740eec9bd0798099f2824e80,93827,smith_chart_jpeg,reference_plot_valid,ANT1352H,P2,,,,,17597277fea8f470b268f9bee357d6fbed01830b740eec9bd0798099f2824e80,Preserved from 17f0a758.,valid_jpeg_container;unchanged_from_17f0a758
Results/Smith_Charts/ANT1353H_P1.jpg,cd88787d784e9d1fc2260bbc354f354023bdbd15982ba43f4aa2e419127e986f,92995,smith_chart_jpeg,reference_plot_valid,ANT1353H,P1,,,,,cd88787d784e9d1fc2260bbc354f354023bdbd15982ba43f4aa2e419127e986f,Preserved from 17f0a758.,valid_jpeg_container;unchanged_from_17f0a758
Results/Smith_Charts/ANT1353H_P2.jpg,a9327ddcc463cb414defbea98927e4fb4fd55b857db5f8575e45a23074d73faf,93081,smith_chart_jpeg,reference_plot_valid,ANT1353H,P2,,,,,a9327ddcc463cb414defbea98927e4fb4fd55b857db5f8575e45a23074d73faf,Preserved from 17f0a758.,valid_jpeg_container;unchanged_from_17f0a758
Results/Smith_Charts/ANT1354H_P1.jpg,451b26176075945bd5e98e1d5f64a10fb0996d8969e154e203ce0f04ccbfa554,94268,smith_chart_jpeg,reference_plot_valid,ANT1354H,P1,,,,,451b26176075945bd5e98e1d5f64a10fb0996d8969e154e203ce0f04ccbfa554,Preserved from 17f0a758.,valid_jpeg_container;unchanged_from_17f0a758
Results/Smith_Charts/ANT1354H_P2.jpg,68284badc7b106210d3204d3fdd69ed935e3ca75bf1a60be34078b8843f91485,92476,smith_chart_jpeg,reference_plot_valid,ANT1354H,P2,,,,,68284badc7b106210d3204d3fdd69ed935e3ca75bf1a60be34078b8843f91485,Preserved from 17f0a758.,valid_jpeg_container;unchanged_from_17f0a758
Results/Smith_Charts/ANT1355H_P1.jpg,b7e603709094c4acbf816d78cedb5314d61d1e55b4b72d1ee12af3f8adb368d9,94319,smith_chart_jpeg,reference_plot_valid,ANT1355H,P1,,,,,b7e603709094c4acbf816d78cedb5314d61d1e55b4b72d1ee12af3f8adb368d9,Preserved from 17f0a758.,valid_jpeg_container;unchanged_from_17f0a758
Results/Smith_Charts/ANT1355H_P2.jpg,698535103bbc5a6f8b7d1b4f0915173d93d8cc51ab310b2c549d221c18a10351,93599,smith_chart_jpeg,reference_plot_valid,ANT1355H,P2,,,,,698535103bbc5a6f8b7d1b4f0915173d93d8cc51ab310b2c549d221c18a10351,Preserved from 17f0a758.,valid_jpeg_container;unchanged_from_17f0a758
Results/Smith_Charts/ANT1356H_P1.jpg,f1268dd4b005e5031cd9c4997238121215c88544506a8cf7739bfc7921be6a00,93335,smith_chart_jpeg,reference_plot_valid,ANT1356H,P1,,,,,f1268dd4b005e5031cd9c4997238121215c88544506a8cf7739bfc7921be6a00,Preserved from 17f0a758.,valid_jpeg_container;unchanged_from_17f0a758
Results/Smith_Charts/ANT1356H_P2.jpg,c79e340561ddcdfb542b0e0f807b633c423910978f9977ef9efa417a930d29cc,92831,smith_chart_jpeg,reference_plot_valid,ANT1356H,P2,,,,,c79e340561ddcdfb542b0e0f807b633c423910978f9977ef9efa417a930d29cc,Preserved from 17f0a758.,valid_jpeg_container;unchanged_from_17f0a758
Results/Smith_Charts/ANT1357H_P1.jpg,b469c0ddc14c2f3fe425916033768fa5e2b9cc1fb1ad515fa19b6c5fbceff8f2,94411,smith_chart_jpeg,reference_plot_valid,ANT1357H,P1,,,,,b469c0ddc14c2f3fe425916033768fa5e2b9cc1fb1ad515fa19b6c5fbceff8f2,Preserved from 17f0a758.,valid_jpeg_container;unchanged_from_17f0a758
Results/Smith_Charts/ANT1357H_P2.jpg,9adb3be278a779d98779173205677e1e6fdd6bd1e6fd17136aa3884ff1a2b1c1,92711,smith_chart_jpeg,reference_plot_valid,ANT1357H,P2,,,,,9adb3be278a779d98779173205677e1e6fdd6bd1e6fd17136aa3884ff1a2b1c1,Preserved from 17f0a758.,valid_jpeg_container;unchanged_from_17f0a758
Results/Smith_Charts/ANT1358H_P1.jpg,ac6eb2ac8d7e8bee0c36c14ec64803de8e686269f39b89f562bd7e88ed1647f9,93978,smith_chart_jpeg,reference_plot_valid,ANT1358H,P1,,,,,ac6eb2ac8d7e8bee0c36c14ec64803de8e686269f39b89f562bd7e88ed1647f9,Preserved from 17f0a758.,valid_jpeg_container;unchanged_from_17f0a758
Results/Smith_Charts/ANT1358H_P2.jpg,34a253bdc2b34508bf34db1b0d6c9643629a76a35786ed51bdb80e0ece99960c,93255,smith_chart_jpeg,reference_plot_valid,ANT1358H,P2,,,,,34a253bdc2b34508bf34db1b0d6c9643629a76a35786ed51bdb80e0ece99960c,Preserved from 17f0a758.,valid_jpeg_container;unchanged_from_17f0a758
Results/Smith_Charts/ANT1359H_P1.jpg,47c8dd3f1b713f0615e7340e63780b20a66addad3278b596a132c323e2b6e634,94069,smith_chart_jpeg,reference_plot_valid,ANT1359H,P1,,,,,47c8dd3f1b713f0615e7340e63780b20a66addad3278b596a132c323e2b6e634,Preserved from 17f0a758.,valid_jpeg_container;unchanged_from_17f0a758
Results/Smith_Charts/ANT1359H_P2.jpg,bf99d9e925171af011f47092ae71059530960ffa6240d18de0a01758fc396b05,92709,smith_chart_jpeg,reference_plot_valid,ANT1359H,P2,,,,,bf99d9e925171af011f47092ae71059530960ffa6240d18de0a01758fc396b05,Preserved from 17f0a758.,valid_jpeg_container;unchanged_from_17f0a758
Results/Smith_Charts/ANT1360H_P1.jpg,339f7f1de85794034de0afd3407264d22c88de95ba3a6b7d2cb14a8b8a3ab626,93955,smith_chart_jpeg,reference_plot_valid,ANT1360H,P1,,,,,339f7f1de85794034de0afd3407264d22c88de95ba3a6b7d2cb14a8b8a3ab626,Preserved from 17f0a758.,valid_jpeg_container;unchanged_from_17f0a758
Results/Smith_Charts/ANT1360H_P2.jpg,ec8671feaf627573e127d0e77502a8cada6294191629ebc9ec8e6c1876fcd9f8,93184,smith_chart_jpeg,reference_plot_valid,ANT1360H,P2,,,,,ec8671feaf627573e127d0e77502a8cada6294191629ebc9ec8e6c1876fcd9f8,Preserved from 17f0a758.,valid_jpeg_container;unchanged_from_17f0a758
Results/Smith_Charts/ANT1361H_P1.jpg,cb921ccb2f69c6206edb81a0f3541687aa5d6e51ad080e3557640ef2aa37e0d6,94541,smith_chart_jpeg,reference_plot_valid,ANT1361H,P1,,,,,cb921ccb2f69c6206edb81a0f3541687aa5d6e51ad080e3557640ef2aa37e0d6,Preserved from 17f0a758.,valid_jpeg_container;unchanged_from_17f0a758
Results/Smith_Charts/ANT1361H_P2.jpg,3ca28ba4b7cde92dd74172e5a411b6bc06ee97347e1f01bda8213148d9272aca,92875,smith_chart_jpeg,reference_plot_valid,ANT1361H,P2,,,,,3ca28ba4b7cde92dd74172e5a411b6bc06ee97347e1f01bda8213148d9272aca,Preserved from 17f0a758.,valid_jpeg_container;unchanged_from_17f0a758
Results/Smith_Charts/ANT1362H_P1.jpg,01684b53dd3e5e7046fc72b57b1e4fb85a7e214b4d335e46246066e5d9117b51,93376,smith_chart_jpeg,reference_plot_valid,ANT1362H,P1,,,,,01684b53dd3e5e7046fc72b57b1e4fb85a7e214b4d335e46246066e5d9117b51,Preserved from 17f0a758.,valid_jpeg_container;unchanged_from_17f0a758
Results/Smith_Charts/ANT1362H_P2.jpg,3dfd465ebbabc27577c69fa58c92ce68085884790d931932f062c67869eaabb7,93275,smith_chart_jpeg,reference_plot_valid,ANT1362H,P2,,,,,3dfd465ebbabc27577c69fa58c92ce68085884790d931932f062c67869eaabb7,Preserved from 17f0a758.,valid_jpeg_container;unchanged_from_17f0a758
Results/Smith_Charts/ANT1363H_P1.jpg,04adce200031acda3bb7f9ff65e0f97a4e33d3c9c7f1fd1434b3d6e6d670eeae,93219,smith_chart_jpeg,reference_plot_valid,ANT1363H,P1,,,,,04adce200031acda3bb7f9ff65e0f97a4e33d3c9c7f1fd1434b3d6e6d670eeae,Preserved from 17f0a758.,valid_jpeg_container;unchanged_from_17f0a758
Results/Smith_Charts/ANT1363H_P2.jpg,08268a15f727fb02dd72e75a2e292d43d895cc25ba466d2cb789c4f1d5aae94f,92496,smith_chart_jpeg,reference_plot_valid,ANT1363H,P2,,,,,08268a15f727fb02dd72e75a2e292d43d895cc25ba466d2cb789c4f1d5aae94f,Preserved from 17f0a758.,valid_jpeg_container;unchanged_from_17f0a758
Results/Smith_Charts/ANT1364H_P1.jpg,24fced1762de5815ff4651d3c8e4725b27180df43a12ea1fc8ad8e5e91fa5631,94217,smith_chart_jpeg,reference_plot_valid,ANT1364H,P1,,,,,24fced1762de5815ff4651d3c8e4725b27180df43a12ea1fc8ad8e5e91fa5631,Preserved from 17f0a758.,valid_jpeg_container;unchanged_from_17f0a758
Results/Smith_Charts/ANT1364H_P2.jpg,9c906ea6fdbb8b7fe526b5775370c60bf1c1501ec3cdd1fbe593c1603ef734de,92235,smith_chart_jpeg,reference_plot_valid,ANT1364H,P2,,,,,9c906ea6fdbb8b7fe526b5775370c60bf1c1501ec3cdd1fbe593c1603ef734de,Preserved from 17f0a758.,valid_jpeg_container;unchanged_from_17f0a758
Results/Smith_Charts/ANT1365H_P1.jpg,bf90771f5bc2867438dd2df01eed456163f86a803293f39d0fc91428767f428a,93350,smith_chart_jpeg,reference_plot_valid,ANT1365H,P1,,,,,bf90771f5bc2867438dd2df01eed456163f86a803293f39d0fc91428767f428a,Preserved from 17f0a758.,valid_jpeg_container;unchanged_from_17f0a758
Results/Smith_Charts/ANT1365H_P2.jpg,a5b34ea97d1911ae31fa4ea9220240962fbfc5e10b2d4e7d0602e152a9daaebf,96061,smith_chart_jpeg,reference_plot_valid,ANT1365H,P2,,,,,a5b34ea97d1911ae31fa4ea9220240962fbfc5e10b2d4e7d0602e152a9daaebf,Preserved from 17f0a758.,valid_jpeg_container;unchanged_from_17f0a758
Results/Smith_Charts/ANT1366H_P1.jpg,5a6f84adbbd728aa7c3b52eae932764de52e12c9dc86d3f9dc3135b449abc855,94248,smith_chart_jpeg,reference_plot_valid,ANT1366H,P1,,,,,5a6f84adbbd728aa7c3b52eae932764de52e12c9dc86d3f9dc3135b449abc855,Preserved from 17f0a758.,valid_jpeg_container;unchanged_from_17f0a758
Results/Smith_Charts/ANT1366H_P2.jpg,6abe65091114a6bd2cdfad28116e16af2e48f5670752c4299879f3bc0ef99837,93248,smith_chart_jpeg,reference_plot_valid,ANT1366H,P2,,,,,6abe65091114a6bd2cdfad28116e16af2e48f5670752c4299879f3bc0ef99837,Preserved from 17f0a758.,valid_jpeg_container;unchanged_from_17f0a758
Results/Smith_Charts/ANT1367H_P1.jpg,09a36b70d0e23787cf83ad594aba7a9680f41c0a8af2764a6aefacf42012efba,93875,smith_chart_jpeg,reference_plot_valid,ANT1367H,P1,,,,,09a36b70d0e23787cf83ad594aba7a9680f41c0a8af2764a6aefacf42012efba,Preserved from 17f0a758.,valid_jpeg_container;unchanged_from_17f0a758
Results/Smith_Charts/ANT1367H_P2.jpg,d47ba1189c3d3e4bd7c9917234de5cab9180ed996997a6a0ce62e60ae0abb9f3,93072,smith_chart_jpeg,reference_plot_valid,ANT1367H,P2,,,,,d47ba1189c3d3e4bd7c9917234de5cab9180ed996997a6a0ce62e60ae0abb9f3,Preserved from 17f0a758.,valid_jpeg_container;unchanged_from_17f0a758
Results/Smith_Charts/ANT1368H_P1.jpg,482681115205e7008b616da8b1394b0442a96e5d9114a0446d961444f52952a7,93610,smith_chart_jpeg,reference_plot_valid,ANT1368H,P1,,,,,482681115205e7008b616da8b1394b0442a96e5d9114a0446d961444f52952a7,Preserved from 17f0a758.,valid_jpeg_container;unchanged_from_17f0a758
Results/Smith_Charts/ANT1368H_P2.jpg,b9ff531dcfb3d7a46b9d6f30f503eb2b35a682ac747680a2b9ff5e5d47ad907c,92969,smith_chart_jpeg,reference_plot_valid,ANT1368H,P2,,,,,b9ff531dcfb3d7a46b9d6f30f503eb2b35a682ac747680a2b9ff5e5d47ad907c,Preserved from 17f0a758.,valid_jpeg_container;unchanged_from_17f0a758
Results/Smith_Charts/ANT1369H_P1.jpg,4d88c11c2a9536e8653166d142859f50930977bfe8da181aeb386af6ce2561f1,94645,smith_chart_jpeg,reference_plot_valid,ANT1369H,P1,,,,,4d88c11c2a9536e8653166d142859f50930977bfe8da181aeb386af6ce2561f1,Preserved from 17f0a758.,valid_jpeg_container;unchanged_from_17f0a758
Results/Smith_Charts/ANT1369H_P2.jpg,9dc07639aa2fd3d3a60114e6ef9967eb26c7e97b292ed29578201c9e433ab74e,93475,smith_chart_jpeg,reference_plot_valid,ANT1369H,P2,,,,,9dc07639aa2fd3d3a60114e6ef9967eb26c7e97b292ed29578201c9e433ab74e,Preserved from 17f0a758.,valid_jpeg_container;unchanged_from_17f0a758
Results/Smith_Charts/ANT1370H_P1.jpg,1ba6994b8c7bad93c9d306fd422abda44c66c7fca39882c27b32293413c27dea,93984,smith_chart_jpeg,reference_plot_valid,ANT1370H,P1,,,,,1ba6994b8c7bad93c9d306fd422abda44c66c7fca39882c27b32293413c27dea,Preserved from 17f0a758.,valid_jpeg_container;unchanged_from_17f0a758
Results/Smith_Charts/ANT1370H_P2.jpg,546c7cb1810e75df13cdd0a504050964977a2b481747ec491aecbca347217c29,92841,smith_chart_jpeg,reference_plot_valid,ANT1370H,P2,,,,,546c7cb1810e75df13cdd0a504050964977a2b481747ec491aecbca347217c29,Preserved from 17f0a758.,valid_jpeg_container;unchanged_from_17f0a758
Results/Smith_Charts/ANT1371H_P1.jpg,66947d0434c1d409facdc66c1a25140333f999b987fd339baed3880b064fec87,93954,smith_chart_jpeg,reference_plot_valid,ANT1371H,P1,,,,,66947d0434c1d409facdc66c1a25140333f999b987fd339baed3880b064fec87,Preserved from 17f0a758.,valid_jpeg_container;unchanged_from_17f0a758
Results/Smith_Charts/ANT1371H_P2.jpg,4a01ecdb082aa18d841660cc9798236751dd4602050dcf92154e7fb8f6f676fc,92602,smith_chart_jpeg,reference_plot_valid,ANT1371H,P2,,,,,4a01ecdb082aa18d841660cc9798236751dd4602050dcf92154e7fb8f6f676fc,Preserved from 17f0a758.,valid_jpeg_container;unchanged_from_17f0a758
Results/Smith_Charts/ANT1372H_P1.jpg,6949a6beddf503f0aedaa0e0efcfebe942aa9374f8e429a0cba8e321237b2bdb,94020,smith_chart_jpeg,reference_plot_valid,ANT1372H,P1,,,,,6949a6beddf503f0aedaa0e0efcfebe942aa9374f8e429a0cba8e321237b2bdb,Preserved from 17f0a758.,valid_jpeg_container;unchanged_from_17f0a758
Results/Smith_Charts/ANT1372H_P2.jpg,718d705bf3cea82ddaa54c198af3a48f667e2e51f59eec2822abf81eae9e039f,92374,smith_chart_jpeg,reference_plot_valid,ANT1372H,P2,,,,,718d705bf3cea82ddaa54c198af3a48f667e2e51f59eec2822abf81eae9e039f,Preserved from 17f0a758.,valid_jpeg_container;unchanged_from_17f0a758
Results/Smith_Charts/ANT1373H_P1.jpg,67c90d86242f4688e085b388f3a159385d03844c78e3754b5497f1e2c2d96653,93573,smith_chart_jpeg,reference_plot_valid,ANT1373H,P1,,,,,67c90d86242f4688e085b388f3a159385d03844c78e3754b5497f1e2c2d96653,Preserved from 17f0a758.,valid_jpeg_container;unchanged_from_17f0a758
Results/Smith_Charts/ANT1373H_P2.jpg,8c60a0bd982675b1e9fd4fdfcaed5cff7e90b067aafa9e48f478f66877ad6c0a,92834,smith_chart_jpeg,reference_plot_valid,ANT1373H,P2,,,,,8c60a0bd982675b1e9fd4fdfcaed5cff7e90b067aafa9e48f478f66877ad6c0a,Preserved from 17f0a758.,valid_jpeg_container;unchanged_from_17f0a758
Results/Smith_Charts/ANT1403H_P1.jpg,caac07de19a33578f8661cc437e7210b79b36ee6751c72d1eebdb2efd8d07fdb,96113,smith_chart_jpeg,reference_plot_valid,ANT1403H,P1,,,,,caac07de19a33578f8661cc437e7210b79b36ee6751c72d1eebdb2efd8d07fdb,Preserved from 17f0a758.,valid_jpeg_container;unchanged_from_17f0a758
Results/Smith_Charts/ANT1403H_P2.jpg,ed7352ccb62bd738cc7c7e11d1b0b6845a1dec9b35306a7b1ff8df216dbd4766,94918,smith_chart_jpeg,reference_plot_valid,ANT1403H,P2,,,,,ed7352ccb62bd738cc7c7e11d1b0b6845a1dec9b35306a7b1ff8df216dbd4766,Preserved from 17f0a758.,valid_jpeg_container;unchanged_from_17f0a758
Results/Smith_Charts/ANT1404H_P1.jpg,fe7e7ecded2e307b9eb70cd6eb6733c228dd6a66b4adc7311bd732a7b141a8f4,95663,smith_chart_jpeg,reference_plot_valid,ANT1404H,P1,,,,,fe7e7ecded2e307b9eb70cd6eb6733c228dd6a66b4adc7311bd732a7b141a8f4,Preserved from 17f0a758.,valid_jpeg_container;unchanged_from_17f0a758
Results/Smith_Charts/ANT1404H_P2.jpg,97e08b0635932e7e3da06fbb71e7099e470d39298dc64611bc012aef92c023d6,94231,smith_chart_jpeg,reference_plot_valid,ANT1404H,P2,,,,,97e08b0635932e7e3da06fbb71e7099e470d39298dc64611bc012aef92c023d6,Preserved from 17f0a758.,valid_jpeg_container;unchanged_from_17f0a758
Results/Smith_Charts/ANT1405H_P1.jpg,0980a887109cb56d564f1b7d159152133ff909961e8654f6752a7b6dbbeea72a,96257,smith_chart_jpeg,reference_plot_valid,ANT1405H,P1,,,,,0980a887109cb56d564f1b7d159152133ff909961e8654f6752a7b6dbbeea72a,Preserved from 17f0a758.,valid_jpeg_container;unchanged_from_17f0a758
Results/Smith_Charts/ANT1405H_P2.jpg,55b13838373fed1cea990e80d802fc05d5df2ff33c6d4e13b2cbc61fdb87be55,94856,smith_chart_jpeg,reference_plot_valid,ANT1405H,P2,,,,,55b13838373fed1cea990e80d802fc05d5df2ff33c6d4e13b2cbc61fdb87be55,Preserved from 17f0a758.,valid_jpeg_container;unchanged_from_17f0a758
Results/Smith_Charts/ANT1406H_P1.jpg,cedd5c22309de36aa74542b9ba1711d9b762a96c989902a4b2d69ade0144d857,96031,smith_chart_jpeg,reference_plot_valid,ANT1406H,P1,,,,,cedd5c22309de36aa74542b9ba1711d9b762a96c989902a4b2d69ade0144d857,Preserved from 17f0a758.,valid_jpeg_container;unchanged_from_17f0a758
Results/Smith_Charts/ANT1406H_P2.jpg,f172411f5c7aede1e09cfabaafb0d3d42a28df0c5d3ede1ad07f51541df6f885,95035,smith_chart_jpeg,reference_plot_valid,ANT1406H,P2,,,,,f172411f5c7aede1e09cfabaafb0d3d42a28df0c5d3ede1ad07f51541df6f885,Preserved from 17f0a758.,valid_jpeg_container;unchanged_from_17f0a758
Results/Smith_Charts/ANT1407H_P1.jpg,e62140e15830b3d974a823fb8479802d530fb54ef25591817d5ecfdc80bc8770,95366,smith_chart_jpeg,reference_plot_valid,ANT1407H,P1,,,,,e62140e15830b3d974a823fb8479802d530fb54ef25591817d5ecfdc80bc8770,Preserved from 17f0a758.,valid_jpeg_container;unchanged_from_17f0a758
Results/Smith_Charts/ANT1407H_P2.jpg,2eadcdb68927ca79224fbffbc75f28f25673094295f8db352041b6d0a9f88075,94047,smith_chart_jpeg,reference_plot_valid,ANT1407H,P2,,,,,2eadcdb68927ca79224fbffbc75f28f25673094295f8db352041b6d0a9f88075,Preserved from 17f0a758.,valid_jpeg_container;unchanged_from_17f0a758
Results/Smith_Charts/ANT1408H_P1.jpg,75af210f2cc3bca4b65b34598f2fd8b5acc10973718d8043bb613b6d47a8281d,95838,smith_chart_jpeg,reference_plot_valid,ANT1408H,P1,,,,,75af210f2cc3bca4b65b34598f2fd8b5acc10973718d8043bb613b6d47a8281d,Preserved from 17f0a758.,valid_jpeg_container;unchanged_from_17f0a758
Results/Smith_Charts/ANT1408H_P2.jpg,40b67f4d1a8df5c00dc3ecf089a40bb078a8b3e626500f7e4a998d1ad22cf09d,94760,smith_chart_jpeg,reference_plot_valid,ANT1408H,P2,,,,,40b67f4d1a8df5c00dc3ecf089a40bb078a8b3e626500f7e4a998d1ad22cf09d,Preserved from 17f0a758.,valid_jpeg_container;unchanged_from_17f0a758
Results/Smith_Charts/ANT1409H_P1.jpg,6d44eb0624dd923f5ac03049109d85af2abcd43574a2dac9067fa35ce79fdd5b,95792,smith_chart_jpeg,reference_plot_valid,ANT1409H,P1,,,,,6d44eb0624dd923f5ac03049109d85af2abcd43574a2dac9067fa35ce79fdd5b,Preserved from 17f0a758.,valid_jpeg_container;unchanged_from_17f0a758
Results/Smith_Charts/ANT1409H_P2.jpg,19fe68e6a65f90052c84e40532e0c074f69b237da8a397085ff3ba96ba3de354,94321,smith_chart_jpeg,reference_plot_valid,ANT1409H,P2,,,,,19fe68e6a65f90052c84e40532e0c074f69b237da8a397085ff3ba96ba3de354,Preserved from 17f0a758.,valid_jpeg_container;unchanged_from_17f0a758
Results/Smith_Charts/ANT1410H_P1.jpg,c64a7c54cff24c6a28d6ff5e360b5af2a9510bf1c19cfd32fd1ef17e7d90e62f,95693,smith_chart_jpeg,reference_plot_valid,ANT1410H,P1,,,,,c64a7c54cff24c6a28d6ff5e360b5af2a9510bf1c19cfd32fd1ef17e7d90e62f,Preserved from 17f0a758.,valid_jpeg_container;unchanged_from_17f0a758
Results/Smith_Charts/ANT1410H_P2.jpg,5456c6865808d1a06ec0c0a4e05b8ee41f494c1d65873e67c5a6b060b40ec29d,93278,smith_chart_jpeg,reference_plot_valid,ANT1410H,P2,,,,,5456c6865808d1a06ec0c0a4e05b8ee41f494c1d65873e67c5a6b060b40ec29d,Preserved from 17f0a758.,valid_jpeg_container;unchanged_from_17f0a758
Results/Smith_Charts/ANT1411H_P1.jpg,ffda2ea08f93d6e62d175d7929dc44a36f7798bf53a32953f2326833ba3ceafd,96086,smith_chart_jpeg,reference_plot_valid,ANT1411H,P1,,,,,ffda2ea08f93d6e62d175d7929dc44a36f7798bf53a32953f2326833ba3ceafd,Preserved from 17f0a758.,valid_jpeg_container;unchanged_from_17f0a758
Results/Smith_Charts/ANT1411H_P2.jpg,8c76cbb30674e8ba75f5824290172f5b2fa6be743d2dc9573c6bd29176f85370,94661,smith_chart_jpeg,reference_plot_valid,ANT1411H,P2,,,,,8c76cbb30674e8ba75f5824290172f5b2fa6be743d2dc9573c6bd29176f85370,Preserved from 17f0a758.,valid_jpeg_container;unchanged_from_17f0a758
Results/Smith_Charts/ANT1412H_P1.jpg,3f1cc8ef1b6447693b5b204a329655de8c644f01bc7d3a5f5344e1bdd63fb96b,95402,smith_chart_jpeg,reference_plot_valid,ANT1412H,P1,,,,,3f1cc8ef1b6447693b5b204a329655de8c644f01bc7d3a5f5344e1bdd63fb96b,Preserved from 17f0a758.,valid_jpeg_container;unchanged_from_17f0a758
Results/Smith_Charts/ANT1412H_P2.jpg,9673eb4f0dba4ac4a07b9eaa2ddc8c6efd4c65676a8a09997ddf760007f2bf36,94036,smith_chart_jpeg,reference_plot_valid,ANT1412H,P2,,,,,9673eb4f0dba4ac4a07b9eaa2ddc8c6efd4c65676a8a09997ddf760007f2bf36,Preserved from 17f0a758.,valid_jpeg_container;unchanged_from_17f0a758
Results/Smith_Charts/ANT1413H_P1.jpg,ea3494c9b073b6f96ca49046703d60d8b9d1c6c009bbc054e5aff44f118a85eb,95591,smith_chart_jpeg,reference_plot_valid,ANT1413H,P1,,,,,ea3494c9b073b6f96ca49046703d60d8b9d1c6c009bbc054e5aff44f118a85eb,Preserved from 17f0a758.,valid_jpeg_container;unchanged_from_17f0a758
Results/Smith_Charts/ANT1413H_P2.jpg,cbc13763db4a425c776cc110958731bb5b8becdd40488061e3c00f722cd1a8cf,96200,smith_chart_jpeg,reference_plot_valid,ANT1413H,P2,,,,,cbc13763db4a425c776cc110958731bb5b8becdd40488061e3c00f722cd1a8cf,Preserved from 17f0a758.,valid_jpeg_container;unchanged_from_17f0a758
Results/Smith_Charts/ANT1414H_P1.jpg,c085cf0abd9a634126b375030d9f2824286b6a8350052c6f6a3d1a6aa02ef224,94264,smith_chart_jpeg,reference_plot_valid,ANT1414H,P1,,,,,c085cf0abd9a634126b375030d9f2824286b6a8350052c6f6a3d1a6aa02ef224,Preserved from 17f0a758.,valid_jpeg_container;unchanged_from_17f0a758
Results/Smith_Charts/ANT1414H_P2.jpg,2021820460ae59aba98c9b5c8d055e4ff8de9a753ef9675d2dad130d3b4dcde1,94688,smith_chart_jpeg,reference_plot_valid,ANT1414H,P2,,,,,2021820460ae59aba98c9b5c8d055e4ff8de9a753ef9675d2dad130d3b4dcde1,Preserved from 17f0a758.,valid_jpeg_container;unchanged_from_17f0a758
Results/Smith_Charts/ANT1415H_P1.jpg,971f61e7daf57d047caeb4876c29160793a4c789301104acd9441c86ff34837b,95607,smith_chart_jpeg,reference_plot_valid,ANT1415H,P1,,,,,971f61e7daf57d047caeb4876c29160793a4c789301104acd9441c86ff34837b,Preserved from 17f0a758.,valid_jpeg_container;unchanged_from_17f0a758
Results/Smith_Charts/ANT1415H_P2.jpg,b529b6f95b697e299a7de14e97a14e26de5e195b55928c48deb1baa5965a8fdf,94778,smith_chart_jpeg,reference_plot_valid,ANT1415H,P2,,,,,b529b6f95b697e299a7de14e97a14e26de5e195b55928c48deb1baa5965a8fdf,Preserved from 17f0a758.,valid_jpeg_container;unchanged_from_17f0a758
Results/Smith_Charts/ANT1416H_P1.jpg,a6b3c3255a455861682291cdd8c754e97e7600acb50e088ed8ca46970b52d919,74646,smith_chart_jpeg,reference_plot_valid,ANT1416H,P1,,,,,a6b3c3255a455861682291cdd8c754e97e7600acb50e088ed8ca46970b52d919,Preserved from 17f0a758.,valid_jpeg_container;unchanged_from_17f0a758
Results/Smith_Charts/ANT1416H_P2.jpg,fd399e0e3c4b9f32fa149e67d0a45a63c1a1197f7a8c338e527cb8285935850f,74381,smith_chart_jpeg,reference_plot_valid,ANT1416H,P2,,,,,fd399e0e3c4b9f32fa149e67d0a45a63c1a1197f7a8c338e527cb8285935850f,Preserved from 17f0a758.,valid_jpeg_container;unchanged_from_17f0a758
Results/Smith_Charts/ANT1417H_P1.jpg,15fd55af6174f52caa6f8c1b0d45c41b6e4b1dde7c6bd86c7a7dbe024937a780,74404,smith_chart_jpeg,reference_plot_valid,ANT1417H,P1,,,,,15fd55af6174f52caa6f8c1b0d45c41b6e4b1dde7c6bd86c7a7dbe024937a780,Preserved from 17f0a758.,valid_jpeg_container;unchanged_from_17f0a758
Results/Smith_Charts/ANT1417H_P2.jpg,5fd9d1d42b539111125390eaeb3c93cf7d682b58d9785462543218b5cf7d0bbc,74112,smith_chart_jpeg,reference_plot_valid,ANT1417H,P2,,,,,5fd9d1d42b539111125390eaeb3c93cf7d682b58d9785462543218b5cf7d0bbc,Preserved from 17f0a758.,valid_jpeg_container;unchanged_from_17f0a758
Results/Smith_Charts/ANT1418H_P1.jpg,a01a6b51b4a6cd6ea3370b12de1dbf1458fbd429221b4911dd2b46c27c3e03c5,74460,smith_chart_jpeg,reference_plot_valid,ANT1418H,P1,,,,,a01a6b51b4a6cd6ea3370b12de1dbf1458fbd429221b4911dd2b46c27c3e03c5,Preserved from 17f0a758.,valid_jpeg_container;unchanged_from_17f0a758
Results/Smith_Charts/ANT1418H_P2.jpg,a628e7774c389ba277850db13a2ad97735f235b071adbe8a7742b523edaa402f,73512,smith_chart_jpeg,reference_plot_valid,ANT1418H,P2,,,,,a628e7774c389ba277850db13a2ad97735f235b071adbe8a7742b523edaa402f,Preserved from 17f0a758.,valid_jpeg_container;unchanged_from_17f0a758
Results/Smith_Charts/ANT1419H_P1.jpg,9614501b65036371dbfcde5709c9c2a1993fad432b856b9db89effbfe3c33da7,74503,smith_chart_jpeg,reference_plot_valid,ANT1419H,P1,,,,,9614501b65036371dbfcde5709c9c2a1993fad432b856b9db89effbfe3c33da7,Preserved from 17f0a758.,valid_jpeg_container;unchanged_from_17f0a758
Results/Smith_Charts/ANT1419H_P2.jpg,9528fa9b06b7ecd8fe787b206218d11a27f018c36056c2d9739ed0e37d0f59f5,73937,smith_chart_jpeg,reference_plot_valid,ANT1419H,P2,,,,,9528fa9b06b7ecd8fe787b206218d11a27f018c36056c2d9739ed0e37d0f59f5,Preserved from 17f0a758.,valid_jpeg_container;unchanged_from_17f0a758
Results/Smith_Charts/ANT1420H_P1.jpg,9f68acd6ea29d91e34954113b80974ebea9ba9b8d8d7a1280ee19c8785172ed9,74528,smith_chart_jpeg,reference_plot_valid,ANT1420H,P1,,,,,9f68acd6ea29d91e34954113b80974ebea9ba9b8d8d7a1280ee19c8785172ed9,Preserved from 17f0a758.,valid_jpeg_container;unchanged_from_17f0a758
Results/Smith_Charts/ANT1420H_P2.jpg,78dce4c4bcbd53a7a4918ede06bab924f277c7fc23d4a37aea1dbd60a891d9a5,73759,smith_chart_jpeg,reference_plot_valid,ANT1420H,P2,,,,,78dce4c4bcbd53a7a4918ede06bab924f277c7fc23d4a37aea1dbd60a891d9a5,Preserved from 17f0a758.,valid_jpeg_container;unchanged_from_17f0a758
Results/Smith_Charts/ANT1421H_P1.jpg,2e3f9bcef2618ce1323f4544d3b7c5fa31af7d36316db2c3b50466b3c44c6c5a,73924,smith_chart_jpeg,reference_plot_valid,ANT1421H,P1,,,,,2e3f9bcef2618ce1323f4544d3b7c5fa31af7d36316db2c3b50466b3c44c6c5a,Preserved from 17f0a758.,valid_jpeg_container;unchanged_from_17f0a758
Results/Smith_Charts/ANT1421H_P2.jpg,ebb5f27937a0ef2ca4a7153d957273e1e86506824da3d0d4b034eaafe84489a2,74007,smith_chart_jpeg,reference_plot_valid,ANT1421H,P2,,,,,ebb5f27937a0ef2ca4a7153d957273e1e86506824da3d0d4b034eaafe84489a2,Preserved from 17f0a758.,valid_jpeg_container;unchanged_from_17f0a758
Results/Smith_Charts/ANT1422H_P1.jpg,07ab8db371d2aae5abe0254b3aa61493a26c3bc1eb0bcad36d43aeafb8a92a9d,74688,smith_chart_jpeg,reference_plot_valid,ANT1422H,P1,,,,,07ab8db371d2aae5abe0254b3aa61493a26c3bc1eb0bcad36d43aeafb8a92a9d,Preserved from 17f0a758.,valid_jpeg_container;unchanged_from_17f0a758
Results/Smith_Charts/ANT1422H_P2.jpg,9678ce946993d7a676753d03b8da1d993fac9aeba28b1f993f01f60ba342e991,73914,smith_chart_jpeg,reference_plot_valid,ANT1422H,P2,,,,,9678ce946993d7a676753d03b8da1d993fac9aeba28b1f993f01f60ba342e991,Preserved from 17f0a758.,valid_jpeg_container;unchanged_from_17f0a758
Results/Smith_Charts/ANT1423H_P1.jpg,2ed1d2f48ea69f844783ff1e3cd0c7a02341032b08020d0ab814c902fcb9ca1b,74061,smith_chart_jpeg,reference_plot_valid,ANT1423H,P1,,,,,2ed1d2f48ea69f844783ff1e3cd0c7a02341032b08020d0ab814c902fcb9ca1b,Preserved from 17f0a758.,valid_jpeg_container;unchanged_from_17f0a758
Results/Smith_Charts/ANT1423H_P2.jpg,c558aac1de7cb44a619ef1533b501acdfbd23829f3e69342f027c3ef74aa9007,73557,smith_chart_jpeg,reference_plot_valid,ANT1423H,P2,,,,,c558aac1de7cb44a619ef1533b501acdfbd23829f3e69342f027c3ef74aa9007,Preserved from 17f0a758.,valid_jpeg_container;unchanged_from_17f0a758
Results/Smith_Charts/ANT1424H_P1.jpg,44826d4476ca15f9a23242e2fc9bb9cf499b649891df0297183bc89930aae276,74546,smith_chart_jpeg,reference_plot_valid,ANT1424H,P1,,,,,44826d4476ca15f9a23242e2fc9bb9cf499b649891df0297183bc89930aae276,Preserved from 17f0a758.,valid_jpeg_container;unchanged_from_17f0a758
Results/Smith_Charts/ANT1424H_P2.jpg,8274e3ba8a722aae1153824f77ddbdabb796d389ffc1f9affe99585095088ce0,73902,smith_chart_jpeg,reference_plot_valid,ANT1424H,P2,,,,,8274e3ba8a722aae1153824f77ddbdabb796d389ffc1f9affe99585095088ce0,Preserved from 17f0a758.,valid_jpeg_container;unchanged_from_17f0a758
Results/Smith_Charts/ANT1425H_P1.jpg,eb3b2bb253dcaaad58cb2998c0669ffb420e84b1cb0bd86b3faa296bf1613fe2,74651,smith_chart_jpeg,reference_plot_valid,ANT1425H,P1,,,,,eb3b2bb253dcaaad58cb2998c0669ffb420e84b1cb0bd86b3faa296bf1613fe2,Preserved from 17f0a758.,valid_jpeg_container;unchanged_from_17f0a758
Results/Smith_Charts/ANT1425H_P2.jpg,607c6b09252f073ce5e706b5d4211239590de006ce0b7ed775c022113f94df68,73952,smith_chart_jpeg,reference_plot_valid,ANT1425H,P2,,,,,607c6b09252f073ce5e706b5d4211239590de006ce0b7ed775c022113f94df68,Preserved from 17f0a758.,valid_jpeg_container;unchanged_from_17f0a758
Results/Smith_Charts/ANT1426H_P1.jpg,668952ddc6e91e47950fa3e8cd92a1baf47b794211075a91d98bb4435699a73a,74590,smith_chart_jpeg,reference_plot_valid,ANT1426H,P1,,,,,668952ddc6e91e47950fa3e8cd92a1baf47b794211075a91d98bb4435699a73a,Preserved from 17f0a758.,valid_jpeg_container;unchanged_from_17f0a758
Results/Smith_Charts/ANT1426H_P2.jpg,9f376226a3fe4d7eff0eb0639c9172478290f6d83403d77d1743d6847e103cab,73975,smith_chart_jpeg,reference_plot_valid,ANT1426H,P2,,,,,9f376226a3fe4d7eff0eb0639c9172478290f6d83403d77d1743d6847e103cab,Preserved from 17f0a758.,valid_jpeg_container;unchanged_from_17f0a758
Results/Smith_Charts/ANT1427H_P1.jpg,a49925049a9f91090ad9a99e1383bdc3ba4ec2b5e8a5b685833069c3d45a205a,74603,smith_chart_jpeg,reference_plot_valid,ANT1427H,P1,,,,,a49925049a9f91090ad9a99e1383bdc3ba4ec2b5e8a5b685833069c3d45a205a,Preserved from 17f0a758.,valid_jpeg_container;unchanged_from_17f0a758
Results/Smith_Charts/ANT1427H_P2.jpg,8ed2f595f098a0ac73e0d673b1a87ee95bb3d4ee5e28bd52948e34a00b7947de,53413,smith_chart_jpeg,reference_plot_valid,ANT1427H,P2,,,,,8ed2f595f098a0ac73e0d673b1a87ee95bb3d4ee5e28bd52948e34a00b7947de,Preserved from 17f0a758.,valid_jpeg_container;unchanged_from_17f0a758
Results/Smith_Charts/ANT1428H_P1.jpg,afbd6533f15fc5ded0281acf0e62b466fdd56b6386670e20165625d0cc8e2e31,75279,smith_chart_jpeg,reference_plot_valid,ANT1428H,P1,,,,,afbd6533f15fc5ded0281acf0e62b466fdd56b6386670e20165625d0cc8e2e31,Preserved from 17f0a758.,valid_jpeg_container;unchanged_from_17f0a758
Results/Smith_Charts/ANT1428H_P2.jpg,bc54745a7543cc7795be5ea5d61c2b28f9ff57a8d040fe0fad02ae669b9083f4,73554,smith_chart_jpeg,reference_plot_valid,ANT1428H,P2,,,,,bc54745a7543cc7795be5ea5d61c2b28f9ff57a8d040fe0fad02ae669b9083f4,Preserved from 17f0a758.,valid_jpeg_container;unchanged_from_17f0a758
Results/Smith_Charts/ANT1429H_P1.jpg,518004cc4aa90fb09b6c8908254156cce635297786fe2538cdd9635ee9a5af0f,74640,smith_chart_jpeg,reference_plot_valid,ANT1429H,P1,,,,,518004cc4aa90fb09b6c8908254156cce635297786fe2538cdd9635ee9a5af0f,Preserved from 17f0a758.,valid_jpeg_container;unchanged_from_17f0a758
Results/Smith_Charts/ANT1429H_P2.jpg,4b0b58e6b110468a6853422b8df5b6db345e0c51193860f549bfb156e01cf293,73559,smith_chart_jpeg,reference_plot_valid,ANT1429H,P2,,,,,4b0b58e6b110468a6853422b8df5b6db345e0c51193860f549bfb156e01cf293,Preserved from 17f0a758.,valid_jpeg_container;unchanged_from_17f0a758
Results/Smith_Charts/ANT1430H_P1.jpg,4575d2f19fd1c295303f20118989ac7134f56b40b234354b19b81fcdff5f5c53,74576,smith_chart_jpeg,reference_plot_valid,ANT1430H,P1,,,,,4575d2f19fd1c295303f20118989ac7134f56b40b234354b19b81fcdff5f5c53,Preserved from 17f0a758.,valid_jpeg_container;unchanged_from_17f0a758
Results/Smith_Charts/ANT1430H_P2.jpg,25bca53dbc5baabec98dbbcbb1e3f3b51974c904d5bd25033858644a6b3387fc,73687,smith_chart_jpeg,reference_plot_valid,ANT1430H,P2,,,,,25bca53dbc5baabec98dbbcbb1e3f3b51974c904d5bd25033858644a6b3387fc,Preserved from 17f0a758.,valid_jpeg_container;unchanged_from_17f0a758
Results/Smith_Charts/ANT1431H_P1.jpg,9b671fb9923ca5d59a4329e73943ce188581c26961cf880b45a8f70cd3d88bc3,74482,smith_chart_jpeg,reference_plot_valid,ANT1431H,P1,,,,,9b671fb9923ca5d59a4329e73943ce188581c26961cf880b45a8f70cd3d88bc3,Preserved from 17f0a758.,valid_jpeg_container;unchanged_from_17f0a758
Results/Smith_Charts/ANT1431H_P2.jpg,bdaed0117a5a549338246e6156281d9dcac12797698535883097f7ba5a440f5d,73472,smith_chart_jpeg,reference_plot_valid,ANT1431H,P2,,,,,bdaed0117a5a549338246e6156281d9dcac12797698535883097f7ba5a440f5d,Preserved from 17f0a758.,valid_jpeg_container;unchanged_from_17f0a758
Results/Smith_Charts/ANT1432H_P1.jpg,edfbbbf108febd67ce81159140b16659b3ce0d054fce4985f1aa836356ee1345,74820,smith_chart_jpeg,reference_plot_valid,ANT1432H,P1,,,,,edfbbbf108febd67ce81159140b16659b3ce0d054fce4985f1aa836356ee1345,Preserved from 17f0a758.,valid_jpeg_container;unchanged_from_17f0a758
Results/Smith_Charts/ANT1432H_P2.jpg,c5ad7dde529557ec16f59fccf66b804411d32252ff2e388b2d7ab28489203088,73870,smith_chart_jpeg,reference_plot_valid,ANT1432H,P2,,,,,c5ad7dde529557ec16f59fccf66b804411d32252ff2e388b2d7ab28489203088,Preserved from 17f0a758.,valid_jpeg_container;unchanged_from_17f0a758
Results/Smith_Charts/ANT1433H_P1.jpg,d020480a2e58bf9fbb28c8755150af9a5c4df8b911eea83b73a1544aa39e063d,74591,smith_chart_jpeg,reference_plot_valid,ANT1433H,P1,,,,,d020480a2e58bf9fbb28c8755150af9a5c4df8b911eea83b73a1544aa39e063d,Preserved from 17f0a758.,valid_jpeg_container;unchanged_from_17f0a758
Results/Smith_Charts/ANT1433H_P2.jpg,5cf41d0694eb1cd4ad4d243278ee78a628fc77489a85213507198b1e9b0d5711,74196,smith_chart_jpeg,reference_plot_valid,ANT1433H,P2,,,,,5cf41d0694eb1cd4ad4d243278ee78a628fc77489a85213507198b1e9b0d5711,Preserved from 17f0a758.,valid_jpeg_container;unchanged_from_17f0a758
Results/Smith_Charts/ANT1434H_P1.jpg,c4b5a3e368360b5220921edce2cd067b8579cc9b509838748732299094d24a28,74803,smith_chart_jpeg,reference_plot_valid,ANT1434H,P1,,,,,c4b5a3e368360b5220921edce2cd067b8579cc9b509838748732299094d24a28,Preserved from 17f0a758.,valid_jpeg_container;unchanged_from_17f0a758
Results/Smith_Charts/ANT1434H_P2.jpg,c187999f2a0d8f6caefe08acb344ed32d645954733e4a221c8770931cdc0a913,73999,smith_chart_jpeg,reference_plot_valid,ANT1434H,P2,,,,,c187999f2a0d8f6caefe08acb344ed32d645954733e4a221c8770931cdc0a913,Preserved from 17f0a758.,valid_jpeg_container;unchanged_from_17f0a758
Results/Smith_Charts/ANT1435H_P1.jpg,35f199aa80492171acbe8973388eaab3d5967174278762cd9dc9c2b381b09716,74527,smith_chart_jpeg,reference_plot_valid,ANT1435H,P1,,,,,35f199aa80492171acbe8973388eaab3d5967174278762cd9dc9c2b381b09716,Preserved from 17f0a758.,valid_jpeg_container;unchanged_from_17f0a758
Results/Smith_Charts/ANT1435H_P2.jpg,912dc1dbc267cf265a3e59b45c7f79c66d21eae407199d76e7ad0e6e9dc8a8cc,74094,smith_chart_jpeg,reference_plot_valid,ANT1435H,P2,,,,,912dc1dbc267cf265a3e59b45c7f79c66d21eae407199d76e7ad0e6e9dc8a8cc,Preserved from 17f0a758.,valid_jpeg_container;unchanged_from_17f0a758
Results/Smith_Charts/ANT1436H_P1.jpg,05b87ae14f3d16f0ada7cff0bdf9cc4cfd7b11c30a7553b340a905b4f8f071a6,75192,smith_chart_jpeg,reference_plot_valid,ANT1436H,P1,,,,,05b87ae14f3d16f0ada7cff0bdf9cc4cfd7b11c30a7553b340a905b4f8f071a6,Preserved from 17f0a758.,valid_jpeg_container;unchanged_from_17f0a758
Results/Smith_Charts/ANT1436H_P2.jpg,f30650715ab0d33263589118816b69393fcadc76c7ed1c314316cb20ec0ab0f1,73950,smith_chart_jpeg,reference_plot_valid,ANT1436H,P2,,,,,f30650715ab0d33263589118816b69393fcadc76c7ed1c314316cb20ec0ab0f1,Preserved from 17f0a758.,valid_jpeg_container;unchanged_from_17f0a758
Results/Smith_Charts/ANT1437H_P1.jpg,0e66dc683720b2ad63f21bc9d792d6b739fa012c583e6aa2459a2ebd3332507a,74455,smith_chart_jpeg,reference_plot_valid,ANT1437H,P1,,,,,0e66dc683720b2ad63f21bc9d792d6b739fa012c583e6aa2459a2ebd3332507a,Preserved from 17f0a758.,valid_jpeg_container;unchanged_from_17f0a758
Results/Smith_Charts/ANT1437H_P2.jpg,d80999802a9246df92bcc7d57b27ecbe194de1e3e6ce88efe069e46000860160,73777,smith_chart_jpeg,reference_plot_valid,ANT1437H,P2,,,,,d80999802a9246df92bcc7d57b27ecbe194de1e3e6ce88efe069e46000860160,Preserved from 17f0a758.,valid_jpeg_container;unchanged_from_17f0a758
Results/Smith_Charts/ANT1438H_P1.jpg,8b699e249be82b35a1cc38da208bc099175ce506300e471c9b75906cbbc32cc9,74289,smith_chart_jpeg,reference_plot_valid,ANT1438H,P1,,,,,8b699e249be82b35a1cc38da208bc099175ce506300e471c9b75906cbbc32cc9,Preserved from 17f0a758.,valid_jpeg_container;unchanged_from_17f0a758
Results/Smith_Charts/ANT1438H_P2.jpg,7d8628d88a7be1eebc0898128c8c043a4e4ec2f41dced12a03b9b778212fd720,73782,smith_chart_jpeg,reference_plot_valid,ANT1438H,P2,,,,,7d8628d88a7be1eebc0898128c8c043a4e4ec2f41dced12a03b9b778212fd720,Preserved from 17f0a758.,valid_jpeg_container;unchanged_from_17f0a758
Results/Smith_Charts/ANT1439H_P1.jpg,e612dbf3c0d88331616858f2ed93f0505d63c3d80d6e28504f3a8092bcc617fe,74490,smith_chart_jpeg,reference_plot_valid,ANT1439H,P1,,,,,e612dbf3c0d88331616858f2ed93f0505d63c3d80d6e28504f3a8092bcc617fe,Preserved from 17f0a758.,valid_jpeg_container;unchanged_from_17f0a758
Results/Smith_Charts/ANT1439H_P2.jpg,34cc4dcad0841ed46eb6ccf2b8db6c42bfc012c19d3f111220e9007a9bbf30d7,73362,smith_chart_jpeg,reference_plot_valid,ANT1439H,P2,,,,,34cc4dcad0841ed46eb6ccf2b8db6c42bfc012c19d3f111220e9007a9bbf30d7,Preserved from 17f0a758.,valid_jpeg_container;unchanged_from_17f0a758
Results/Smith_Charts/ANT1440H_P1.jpg,a77cde93589d5ae2950595b036ce2c92cb060be6629822666807bab936bea9e2,74564,smith_chart_jpeg,reference_plot_valid,ANT1440H,P1,,,,,a77cde93589d5ae2950595b036ce2c92cb060be6629822666807bab936bea9e2,Preserved from 17f0a758.,valid_jpeg_container;unchanged_from_17f0a758
Results/Smith_Charts/ANT1440H_P2.jpg,daab45cb63a745efc17254ec9802ee1bebbdc71e67449eecdc0e2075eefde946,73550,smith_chart_jpeg,reference_plot_valid,ANT1440H,P2,,,,,daab45cb63a745efc17254ec9802ee1bebbdc71e67449eecdc0e2075eefde946,Preserved from 17f0a758.,valid_jpeg_container;unchanged_from_17f0a758
Results/Smith_Charts/ANT1441H_P1.jpg,bb5baa56cf941a52d4ab28c92120c3933f62b3758d76c38b0e691c6835040619,74359,smith_chart_jpeg,reference_plot_valid,ANT1441H,P1,,,,,bb5baa56cf941a52d4ab28c92120c3933f62b3758d76c38b0e691c6835040619,Preserved from 17f0a758.,valid_jpeg_container;unchanged_from_17f0a758
Results/Smith_Charts/ANT1441H_P2.jpg,4c3921d6b5941ab5a706c6440d70470dbeafeed3a2c271f4bac11244d870ca39,73933,smith_chart_jpeg,reference_plot_valid,ANT1441H,P2,,,,,4c3921d6b5941ab5a706c6440d70470dbeafeed3a2c271f4bac11244d870ca39,Preserved from 17f0a758.,valid_jpeg_container;unchanged_from_17f0a758
Results/Smith_Charts/ANT1442H_P1.jpg,09b98fb2d526378c094b51165cadc0fd4be57aeeb9bdbd6e1243142fedf9b49a,74750,smith_chart_jpeg,reference_plot_valid,ANT1442H,P1,,,,,09b98fb2d526378c094b51165cadc0fd4be57aeeb9bdbd6e1243142fedf9b49a,Preserved from 17f0a758.,valid_jpeg_container;unchanged_from_17f0a758
Results/Smith_Charts/ANT1442H_P2.jpg,fff1064f02dabb8194ae62a36ed94fd76d9b0b54ba48523020499131fb111cc1,73729,smith_chart_jpeg,reference_plot_valid,ANT1442H,P2,,,,,fff1064f02dabb8194ae62a36ed94fd76d9b0b54ba48523020499131fb111cc1,Preserved from 17f0a758.,valid_jpeg_container;unchanged_from_17f0a758
Results/Smith_Charts/ANT1444H_P1.jpg,0f899c5b931493bd813019e5760b51259d6db6b775f99dcba904ac14c39d5a92,75097,smith_chart_jpeg,reference_plot_valid,ANT1444H,P1,,,,,0f899c5b931493bd813019e5760b51259d6db6b775f99dcba904ac14c39d5a92,Preserved from 17f0a758.,valid_jpeg_container;unchanged_from_17f0a758
Results/Smith_Charts/ANT1444H_P2.jpg,863f6c80ce68eae4533a871294bfec0065f01bbe2bde4dd0933739554b662db5,73673,smith_chart_jpeg,reference_plot_valid,ANT1444H,P2,,,,,863f6c80ce68eae4533a871294bfec0065f01bbe2bde4dd0933739554b662db5,Preserved from 17f0a758.,valid_jpeg_container;unchanged_from_17f0a758
Results/Smith_Charts/ANT1445H_P1.jpg,5353ab35120fbd2b1f426325a2854bf582214be6348f43fe51cb80cf8b79f3e3,75325,smith_chart_jpeg,reference_plot_valid,ANT1445H,P1,,,,,5353ab35120fbd2b1f426325a2854bf582214be6348f43fe51cb80cf8b79f3e3,Preserved from 17f0a758.,valid_jpeg_container;unchanged_from_17f0a758
Results/Smith_Charts/ANT1445H_P2.jpg,656813cb9a59d7ef0258c95e26a270ddcf4fd549114ec3a360eae2f5a9e4aa22,74037,smith_chart_jpeg,reference_plot_valid,ANT1445H,P2,,,,,656813cb9a59d7ef0258c95e26a270ddcf4fd549114ec3a360eae2f5a9e4aa22,Preserved from 17f0a758.,valid_jpeg_container;unchanged_from_17f0a758
Results/Smith_Charts/ANT1446H_P1.jpg,d49ffecb81806bd143b5ab86b5fa293f4a1680fc42492aa8a74c1a591d0e6d2f,52782,smith_chart_jpeg,reference_plot_valid,ANT1446H,P1,,,,,d49ffecb81806bd143b5ab86b5fa293f4a1680fc42492aa8a74c1a591d0e6d2f,Preserved from 17f0a758.,valid_jpeg_container;unchanged_from_17f0a758
Results/Smith_Charts/ANT1446H_P2.jpg,d583d3adf4c576edaa31da87e98edd8906d1082cb0399ead8bb5c6008174a525,78933,smith_chart_jpeg,reference_plot_valid,ANT1446H,P2,,,,,d583d3adf4c576edaa31da87e98edd8906d1082cb0399ead8bb5c6008174a525,Preserved from 17f0a758.,valid_jpeg_container;unchanged_from_17f0a758
Results/Smith_Charts/ANT1447H_P1.jpg,71855964fb47ec30b576d68fbeac497c8e886d72e0ae92fb17db1f5ee9dcd572,73879,smith_chart_jpeg,reference_plot_valid,ANT1447H,P1,,,,,71855964fb47ec30b576d68fbeac497c8e886d72e0ae92fb17db1f5ee9dcd572,Preserved from 17f0a758.,valid_jpeg_container;unchanged_from_17f0a758
Results/Smith_Charts/ANT1447H_P2.jpg,36a83b1fa06ffee69bf82beb95f00ecaa89db07b569960bb919b1b25f2afa74c,73430,smith_chart_jpeg,reference_plot_valid,ANT1447H,P2,,,,,36a83b1fa06ffee69bf82beb95f00ecaa89db07b569960bb919b1b25f2afa74c,Preserved from 17f0a758.,valid_jpeg_container;unchanged_from_17f0a758
Results/Smith_Charts/ANT1448H_P1.jpg,08bd55edd03cff80ab25320e9f2adbfb599732791d5380e0fb46e2ccc42c7c8c,74676,smith_chart_jpeg,reference_plot_valid,ANT1448H,P1,,,,,08bd55edd03cff80ab25320e9f2adbfb599732791d5380e0fb46e2ccc42c7c8c,Preserved from 17f0a758.,valid_jpeg_container;unchanged_from_17f0a758
Results/Smith_Charts/ANT1448H_P2.jpg,60f085ceb0711c8cdb6d7cddb4296fea6812a5e6ead72fdf5b1c4e1fc37fd2d7,73706,smith_chart_jpeg,reference_plot_valid,ANT1448H,P2,,,,,60f085ceb0711c8cdb6d7cddb4296fea6812a5e6ead72fdf5b1c4e1fc37fd2d7,Preserved from 17f0a758.,valid_jpeg_container;unchanged_from_17f0a758
Results/Smith_Charts/ANT1449H_P1.jpg,fd8ea5b4b5c7e566b7d7a72030508be36b3b1847fa868baafb89c6d8505199f8,73902,smith_chart_jpeg,reference_plot_valid,ANT1449H,P1,,,,,fd8ea5b4b5c7e566b7d7a72030508be36b3b1847fa868baafb89c6d8505199f8,Preserved from 17f0a758.,valid_jpeg_container;unchanged_from_17f0a758
Results/Smith_Charts/ANT1449H_P2.jpg,14d2a7efb244111834a9230afe8c13b788e1c8f07af1dc4457acb0c5fb5b0972,53498,smith_chart_jpeg,reference_plot_valid,ANT1449H,P2,,,,,14d2a7efb244111834a9230afe8c13b788e1c8f07af1dc4457acb0c5fb5b0972,Preserved from 17f0a758.,valid_jpeg_container;unchanged_from_17f0a758
Results/Smith_Charts/ANT1450H_P1.jpg,abbfe3378ea60b5f2b35bb940b35da4622678d01286ce94ba73df51990d6c69d,74898,smith_chart_jpeg,reference_plot_valid,ANT1450H,P1,,,,,abbfe3378ea60b5f2b35bb940b35da4622678d01286ce94ba73df51990d6c69d,Preserved from 17f0a758.,valid_jpeg_container;unchanged_from_17f0a758
Results/Smith_Charts/ANT1450H_P2.jpg,b6bee5146563b71b9f8e70450edf4ca60c096469d85f1b2eb0fe24c2656951ed,73787,smith_chart_jpeg,reference_plot_valid,ANT1450H,P2,,,,,b6bee5146563b71b9f8e70450edf4ca60c096469d85f1b2eb0fe24c2656951ed,Preserved from 17f0a758.,valid_jpeg_container;unchanged_from_17f0a758
Results/Smith_Charts/ANT1451H_P1.jpg,d8be9f1368c6de5a67af68685ba3d2340cb8f24430f27ca653ba88c44a512e0e,74869,smith_chart_jpeg,reference_plot_valid,ANT1451H,P1,,,,,d8be9f1368c6de5a67af68685ba3d2340cb8f24430f27ca653ba88c44a512e0e,Preserved from 17f0a758.,valid_jpeg_container;unchanged_from_17f0a758
Results/Smith_Charts/ANT1451H_P2.jpg,96d844e91995f017b33ab81ee4fc550d4a9eabba7cbea270804f6cd4e81248ef,73767,smith_chart_jpeg,reference_plot_valid,ANT1451H,P2,,,,,96d844e91995f017b33ab81ee4fc550d4a9eabba7cbea270804f6cd4e81248ef,Preserved from 17f0a758.,valid_jpeg_container;unchanged_from_17f0a758
Results/Smith_Charts/ANT1452H_P1.jpg,6184ec72b95b1053ef3cac09fa168c1f71696f10b321354c6b6028f925f51b80,74386,smith_chart_jpeg,reference_plot_valid,ANT1452H,P1,,,,,6184ec72b95b1053ef3cac09fa168c1f71696f10b321354c6b6028f925f51b80,Preserved from 17f0a758.,valid_jpeg_container;unchanged_from_17f0a758
Results/Smith_Charts/ANT1452H_P2.jpg,6153473064b176c3e2cec29b835c6a382d744650db4b31b0c6898f14ea40a88f,73971,smith_chart_jpeg,reference_plot_valid,ANT1452H,P2,,,,,6153473064b176c3e2cec29b835c6a382d744650db4b31b0c6898f14ea40a88f,Preserved from 17f0a758.,valid_jpeg_container;unchanged_from_17f0a758
Results/Smith_Charts/ANT1453H_P1.jpg,6597bd08fbeb30a5fdd69dac52cb9aa579cf0c29262758ed6461e5d60171c1cb,74449,smith_chart_jpeg,reference_plot_valid,ANT1453H,P1,,,,,6597bd08fbeb30a5fdd69dac52cb9aa579cf0c29262758ed6461e5d60171c1cb,Preserved from 17f0a758.,valid_jpeg_container;unchanged_from_17f0a758
Results/Smith_Charts/ANT1453H_P2.jpg,080cade69ab2bd1b7761b0fbe490facdf7cc7820464a17cf74926d25f8480bc5,73935,smith_chart_jpeg,reference_plot_valid,ANT1453H,P2,,,,,080cade69ab2bd1b7761b0fbe490facdf7cc7820464a17cf74926d25f8480bc5,Preserved from 17f0a758.,valid_jpeg_container;unchanged_from_17f0a758
Results/Smith_Charts/ANT1454H_P1.jpg,1d3b02ea358ddd266e209ba5340a1871c23752eceb80bc21f411027958c655eb,74305,smith_chart_jpeg,reference_plot_valid,ANT1454H,P1,,,,,1d3b02ea358ddd266e209ba5340a1871c23752eceb80bc21f411027958c655eb,Preserved from 17f0a758.,valid_jpeg_container;unchanged_from_17f0a758
Results/Smith_Charts/ANT1454H_P2.jpg,a17e43de3010bc8765285ec146572f2affe20895737379e0b7008b964743a2f5,73831,smith_chart_jpeg,reference_plot_valid,ANT1454H,P2,,,,,a17e43de3010bc8765285ec146572f2affe20895737379e0b7008b964743a2f5,Preserved from 17f0a758.,valid_jpeg_container;unchanged_from_17f0a758
Results/Smith_Charts/ANT1455H_P1.jpg,c5cfe040a4d620dd72adf381cde492b025970937cb60c295dd8d21a7bef9c8b2,74958,smith_chart_jpeg,reference_plot_valid,ANT1455H,P1,,,,,c5cfe040a4d620dd72adf381cde492b025970937cb60c295dd8d21a7bef9c8b2,Preserved from 17f0a758.,valid_jpeg_container;unchanged_from_17f0a758
Results/Smith_Charts/ANT1455H_P2.jpg,a8ce9e05ab490c16e10d776a5cb0b70cd9e8cd538bf21503d53edf09c0361aa1,73955,smith_chart_jpeg,reference_plot_valid,ANT1455H,P2,,,,,a8ce9e05ab490c16e10d776a5cb0b70cd9e8cd538bf21503d53edf09c0361aa1,Preserved from 17f0a758.,valid_jpeg_container;unchanged_from_17f0a758
Results/Smith_Charts/ANT1456H_P1.jpg,3f9f573cb955fc3ffe12a3d4bb90f82cbe139de901195248680e18f6a4615e2d,74216,smith_chart_jpeg,reference_plot_valid,ANT1456H,P1,,,,,3f9f573cb955fc3ffe12a3d4bb90f82cbe139de901195248680e18f6a4615e2d,Preserved from 17f0a758.,valid_jpeg_container;unchanged_from_17f0a758
Results/Smith_Charts/ANT1456H_P2.jpg,49becedaa7e568c5140d044d982b6311e25f51e147cd50ce065080f1595e7c89,73768,smith_chart_jpeg,reference_plot_valid,ANT1456H,P2,,,,,49becedaa7e568c5140d044d982b6311e25f51e147cd50ce065080f1595e7c89,Preserved from 17f0a758.,valid_jpeg_container;unchanged_from_17f0a758
Results/Smith_Charts/ANT1457H_P1.jpg,ea8b4745d82827fb3730779b1620480de86ea38c39aebd86beb65af90770c646,74258,smith_chart_jpeg,reference_plot_valid,ANT1457H,P1,,,,,ea8b4745d82827fb3730779b1620480de86ea38c39aebd86beb65af90770c646,Preserved from 17f0a758.,valid_jpeg_container;unchanged_from_17f0a758
Results/Smith_Charts/ANT1457H_P2.jpg,3c364e44b5e69dc78ad86f7e75ae72954280868a6cc2c2456c9976b5ea67ecbb,74504,smith_chart_jpeg,reference_plot_valid,ANT1457H,P2,,,,,3c364e44b5e69dc78ad86f7e75ae72954280868a6cc2c2456c9976b5ea67ecbb,Preserved from 17f0a758.,valid_jpeg_container;unchanged_from_17f0a758
Results/Smith_Charts/ANT1459H_P1.jpg,33fdabed01318845a789bede8e479fd81d94d1c1c29164bef5ef1fabc2ebd799,53480,smith_chart_jpeg,reference_plot_valid,ANT1459H,P1,,,,,33fdabed01318845a789bede8e479fd81d94d1c1c29164bef5ef1fabc2ebd799,Preserved from 17f0a758.,valid_jpeg_container;unchanged_from_17f0a758
Results/Smith_Charts/ANT1459H_P2.jpg,b8ff71141fdd476b66e991c37fc1e79ff82a00e610365c735e72a0785c4f2449,73123,smith_chart_jpeg,reference_plot_valid,ANT1459H,P2,,,,,b8ff71141fdd476b66e991c37fc1e79ff82a00e610365c735e72a0785c4f2449,Preserved from 17f0a758.,valid_jpeg_container;unchanged_from_17f0a758
Results/Smith_Charts/ANT1460H_P1.jpg,162729d787e9867b13990cc46b869c1819424f9ab2b361e93e1507602b1c50db,74412,smith_chart_jpeg,reference_plot_valid,ANT1460H,P1,,,,,162729d787e9867b13990cc46b869c1819424f9ab2b361e93e1507602b1c50db,Preserved from 17f0a758.,valid_jpeg_container;unchanged_from_17f0a758
Results/Smith_Charts/ANT1460H_P2.jpg,d2d6de65518883da3c64bebbe89dca312cefed6d44c62343585cb946c0b8a523,73393,smith_chart_jpeg,reference_plot_valid,ANT1460H,P2,,,,,d2d6de65518883da3c64bebbe89dca312cefed6d44c62343585cb946c0b8a523,Preserved from 17f0a758.,valid_jpeg_container;unchanged_from_17f0a758
Results/Smith_Charts/ANT1461H_P1.jpg,6b2ae65c95c39ca8a66af8ef04c2ed905f6f33b0efba2dfcb2380abe122b6bb9,74999,smith_chart_jpeg,reference_plot_valid,ANT1461H,P1,,,,,6b2ae65c95c39ca8a66af8ef04c2ed905f6f33b0efba2dfcb2380abe122b6bb9,Preserved from 17f0a758.,valid_jpeg_container;unchanged_from_17f0a758
Results/Smith_Charts/ANT1461H_P2.jpg,c02d9b3d2717816df679025169e0b3c4b249971d5091f6adce3d13d121aa9f4c,74053,smith_chart_jpeg,reference_plot_valid,ANT1461H,P2,,,,,c02d9b3d2717816df679025169e0b3c4b249971d5091f6adce3d13d121aa9f4c,Preserved from 17f0a758.,valid_jpeg_container;unchanged_from_17f0a758
Results/Smith_Charts/ANT1462H_P1.jpg,7a24a7e5b7a53d2579d12cd301a61c988883da9c92821a6a57350ed03dffe0da,74964,smith_chart_jpeg,reference_plot_valid,ANT1462H,P1,,,,,7a24a7e5b7a53d2579d12cd301a61c988883da9c92821a6a57350ed03dffe0da,Preserved from 17f0a758.,valid_jpeg_container;unchanged_from_17f0a758
Results/Smith_Charts/ANT1462H_P2.jpg,2baee3d6a0f0cf5df8ae8ae92ae6952da2e25eab00acb5e58afab47fd61ea45a,73774,smith_chart_jpeg,reference_plot_valid,ANT1462H,P2,,,,,2baee3d6a0f0cf5df8ae8ae92ae6952da2e25eab00acb5e58afab47fd61ea45a,Preserved from 17f0a758.,valid_jpeg_container;unchanged_from_17f0a758
Results/Smith_Charts/ANT1463H_P1.jpg,78dbd3714067675a0a6d04ffa439215e04c9c02d5788903274ce46fc1d6ff077,73607,smith_chart_jpeg,reference_plot_valid,ANT1463H,P1,,,,,78dbd3714067675a0a6d04ffa439215e04c9c02d5788903274ce46fc1d6ff077,Preserved from 17f0a758.,valid_jpeg_container;unchanged_from_17f0a758
Results/Smith_Charts/ANT1463H_P2.jpg,d6b38a7fd0b61fdb2a6a94ce8e22ea2f17c8d3f74fc23ae8732a3c8221e53768,73830,smith_chart_jpeg,reference_plot_valid,ANT1463H,P2,,,,,d6b38a7fd0b61fdb2a6a94ce8e22ea2f17c8d3f74fc23ae8732a3c8221e53768,Preserved from 17f0a758.,valid_jpeg_container;unchanged_from_17f0a758
Results/Smith_Charts/ANT1464H_P1.jpg,5ef1ed0ef614df850270b42fd26c55d477f85be8815beace528cd977fb0a08ab,74784,smith_chart_jpeg,reference_plot_valid,ANT1464H,P1,,,,,5ef1ed0ef614df850270b42fd26c55d477f85be8815beace528cd977fb0a08ab,Preserved from 17f0a758.,valid_jpeg_container;unchanged_from_17f0a758
Results/Smith_Charts/ANT1464H_P2.jpg,282bcb1cc5448ed059b0b8d083026babc440a1b7d3e471e5f235b72f8fa258a4,74426,smith_chart_jpeg,reference_plot_valid,ANT1464H,P2,,,,,282bcb1cc5448ed059b0b8d083026babc440a1b7d3e471e5f235b72f8fa258a4,Preserved from 17f0a758.,valid_jpeg_container;unchanged_from_17f0a758
Results/Smith_Charts/ANT1465H_P1.jpg,312833d36292a56c202a2f55c475e0c1e6a47bc09336bc324454fc6f58ce1dbb,75016,smith_chart_jpeg,reference_plot_valid,ANT1465H,P1,,,,,312833d36292a56c202a2f55c475e0c1e6a47bc09336bc324454fc6f58ce1dbb,Preserved from 17f0a758.,valid_jpeg_container;unchanged_from_17f0a758
Results/Smith_Charts/ANT1465H_P2.jpg,3a4bf68102a18747df30a18104846e302781672c907ec1384bf842ce119492a4,73747,smith_chart_jpeg,reference_plot_valid,ANT1465H,P2,,,,,3a4bf68102a18747df30a18104846e302781672c907ec1384bf842ce119492a4,Preserved from 17f0a758.,valid_jpeg_container;unchanged_from_17f0a758
Results/Smith_Charts/ANT1466H_P1.jpg,e3977a51978333869e9cf382d62f9181107901cfcb01d19ac2226953440d62d7,74164,smith_chart_jpeg,reference_plot_valid,ANT1466H,P1,,,,,e3977a51978333869e9cf382d62f9181107901cfcb01d19ac2226953440d62d7,Preserved from 17f0a758.,valid_jpeg_container;unchanged_from_17f0a758
Results/Smith_Charts/ANT1466H_P2.jpg,c0cc59398977a973effdd1eb68d6e9825b76fb1023257fbd280545055f328422,73543,smith_chart_jpeg,reference_plot_valid,ANT1466H,P2,,,,,c0cc59398977a973effdd1eb68d6e9825b76fb1023257fbd280545055f328422,Preserved from 17f0a758.,valid_jpeg_container;unchanged_from_17f0a758
Results/Smith_Charts/ANT1467H_P1.jpg,5430b6c91f28bce9beac8d2d91550e7f5227e0e594b12b5abd28a762e8ec46e4,74658,smith_chart_jpeg,reference_plot_valid,ANT1467H,P1,,,,,5430b6c91f28bce9beac8d2d91550e7f5227e0e594b12b5abd28a762e8ec46e4,Preserved from 17f0a758.,valid_jpeg_container;unchanged_from_17f0a758
Results/Smith_Charts/ANT1467H_P2.jpg,1ab1bb5599708c5df240a2da1e8dd616e6f6c9a0328f62d3aa30ad5d336fddd0,73553,smith_chart_jpeg,reference_plot_valid,ANT1467H,P2,,,,,1ab1bb5599708c5df240a2da1e8dd616e6f6c9a0328f62d3aa30ad5d336fddd0,Preserved from 17f0a758.,valid_jpeg_container;unchanged_from_17f0a758
Results/Smith_Charts/ANT1468H_P1.jpg,c194c1a43b071c914a93aa20823ab9d416f3b1cd32455bd36445a7f20d132e69,73852,smith_chart_jpeg,reference_plot_valid,ANT1468H,P1,,,,,c194c1a43b071c914a93aa20823ab9d416f3b1cd32455bd36445a7f20d132e69,Preserved from 17f0a758.,valid_jpeg_container;unchanged_from_17f0a758
Results/Smith_Charts/ANT1468H_P2.jpg,4ab0b5ff363322bb537c0471a7b7c7c54d39d987e570cf4a2a8b2f9a1554b437,73774,smith_chart_jpeg,reference_plot_valid,ANT1468H,P2,,,,,4ab0b5ff363322bb537c0471a7b7c7c54d39d987e570cf4a2a8b2f9a1554b437,Preserved from 17f0a758.,valid_jpeg_container;unchanged_from_17f0a758
Results/Smith_Charts/ANT1469H_P1.jpg,003ae6929a0e997dc5f4a191d87f60551d3a05dcb363b5ccff903609f30c9e89,74050,smith_chart_jpeg,reference_plot_valid,ANT1469H,P1,,,,,003ae6929a0e997dc5f4a191d87f60551d3a05dcb363b5ccff903609f30c9e89,Preserved from 17f0a758.,valid_jpeg_container;unchanged_from_17f0a758
Results/Smith_Charts/ANT1469H_P2.jpg,d1fca1cfc7970fe829904c55195bf83d98433e9fd63656e957c8c590b6b5482d,73654,smith_chart_jpeg,reference_plot_valid,ANT1469H,P2,,,,,d1fca1cfc7970fe829904c55195bf83d98433e9fd63656e957c8c590b6b5482d,Preserved from 17f0a758.,valid_jpeg_container;unchanged_from_17f0a758
Results/Smith_Charts/ANT1472H_P1.jpg,9aeb685bf45c304861e0a6e0ec97629949b2b2bb409a48e2029c45e046d551e0,47572,smith_chart_jpeg,reference_plot_valid,ANT1472H,P1,,,,,9aeb685bf45c304861e0a6e0ec97629949b2b2bb409a48e2029c45e046d551e0,Preserved from 17f0a758.,valid_jpeg_container;unchanged_from_17f0a758
Results/Smith_Charts/ANT1472H_P2.jpg,acc240caf185546f15d5d9af0fbcfa0bd5e953abc4a3833605a90c4223333ccb,47603,smith_chart_jpeg,reference_plot_valid,ANT1472H,P2,,,,,acc240caf185546f15d5d9af0fbcfa0bd5e953abc4a3833605a90c4223333ccb,Preserved from 17f0a758.,valid_jpeg_container;unchanged_from_17f0a758
Results/Smith_Charts/ANT1473H_P1.jpg,a0af7de96c27fd9b0397ebddd6cf5f4701a236923acf9991d7305c30fc2b8d52,47421,smith_chart_jpeg,reference_plot_valid,ANT1473H,P1,,,,,a0af7de96c27fd9b0397ebddd6cf5f4701a236923acf9991d7305c30fc2b8d52,Preserved from 17f0a758.,valid_jpeg_container;unchanged_from_17f0a758
Results/Smith_Charts/ANT1473H_P2.jpg,2420c64b711aeaeffdccabf64d64eacb0fa61a3067a9706bc3ef59c3b4aea4c3,47505,smith_chart_jpeg,reference_plot_valid,ANT1473H,P2,,,,,2420c64b711aeaeffdccabf64d64eacb0fa61a3067a9706bc3ef59c3b4aea4c3,Preserved from 17f0a758.,valid_jpeg_container;unchanged_from_17f0a758
Results/Smith_Charts/ANT1474H_P1.jpg,25d51f23c8446e39bbb08d8e1e41e11fb3fed169fb9c73789cb3ed787ce7a517,47817,smith_chart_jpeg,reference_plot_valid,ANT1474H,P1,,,,,25d51f23c8446e39bbb08d8e1e41e11fb3fed169fb9c73789cb3ed787ce7a517,Preserved from 17f0a758.,valid_jpeg_container;unchanged_from_17f0a758
Results/Smith_Charts/ANT1474H_P2.jpg,0c484b37fbfc550258313178d4120193a51f477afb84e6fabbfb60619c8863a0,47656,smith_chart_jpeg,reference_plot_valid,ANT1474H,P2,,,,,0c484b37fbfc550258313178d4120193a51f477afb84e6fabbfb60619c8863a0,Preserved from 17f0a758.,valid_jpeg_container;unchanged_from_17f0a758
Results/Smith_Charts/ANT1475H_P1.jpg,5cdbae896fe9f703d6e26ae2ef6d83d526374b2d9711f7337ae67b0d395a019d,48051,smith_chart_jpeg,reference_plot_valid,ANT1475H,P1,,,,,5cdbae896fe9f703d6e26ae2ef6d83d526374b2d9711f7337ae67b0d395a019d,Preserved from 17f0a758.,valid_jpeg_container;unchanged_from_17f0a758
Results/Smith_Charts/ANT1475H_P2.jpg,7f39b1e0adf55fb1354c4c9c8be34cc05fc33917dadcf3759131ed98f60f96ec,47693,smith_chart_jpeg,reference_plot_valid,ANT1475H,P2,,,,,7f39b1e0adf55fb1354c4c9c8be34cc05fc33917dadcf3759131ed98f60f96ec,Preserved from 17f0a758.,valid_jpeg_container;unchanged_from_17f0a758
Results/Smith_Charts/ANT1476H_P1.jpg,8909d9c264ba2bb14301247ccbf730d7b8bb7af8afebfd374abd831f4c1ea527,47600,smith_chart_jpeg,reference_plot_valid,ANT1476H,P1,,,,,8909d9c264ba2bb14301247ccbf730d7b8bb7af8afebfd374abd831f4c1ea527,Preserved from 17f0a758.,valid_jpeg_container;unchanged_from_17f0a758
Results/Smith_Charts/ANT1476H_P2.jpg,50e3c0a1d4cf7d7309a460921e3c3a4d4356c8c252f69c4669d2f0726a3676b4,47492,smith_chart_jpeg,reference_plot_valid,ANT1476H,P2,,,,,50e3c0a1d4cf7d7309a460921e3c3a4d4356c8c252f69c4669d2f0726a3676b4,Preserved from 17f0a758.,valid_jpeg_container;unchanged_from_17f0a758
Results/Smith_Charts/ANT1477h_P1.jpg,3ee6a1733091b9e1c39c08bd51a80b520c82359db305e43c091c85c9e90113bb,34513,smith_chart_jpeg,reference_plot_valid,ANT1477h,P1,,,,,3ee6a1733091b9e1c39c08bd51a80b520c82359db305e43c091c85c9e90113bb,Preserved from 17f0a758.,valid_jpeg_container;unchanged_from_17f0a758
Results/Smith_Charts/ANT1477h_P2.jpg,e244d7a191be14ca4b9ab4eaa6230af99aa32301440588339168a4f9d5d54d62,48386,smith_chart_jpeg,reference_plot_valid,ANT1477h,P2,,,,,e244d7a191be14ca4b9ab4eaa6230af99aa32301440588339168a4f9d5d54d62,Preserved from 17f0a758.,valid_jpeg_container;unchanged_from_17f0a758
Results/Smith_Charts/ANT1478H_P1.jpg,947ea2096859c168e45d3ed7d4843a6201bbd3527ad99ef1450e49240ba15bdb,47568,smith_chart_jpeg,reference_plot_valid,ANT1478H,P1,,,,,947ea2096859c168e45d3ed7d4843a6201bbd3527ad99ef1450e49240ba15bdb,Preserved from 17f0a758.,valid_jpeg_container;unchanged_from_17f0a758
Results/Smith_Charts/ANT1478H_P2.jpg,898e9b158d75f46fb537d2b2b3bb0852d77eecc62af7273ca01500d2eb6064f3,47347,smith_chart_jpeg,reference_plot_valid,ANT1478H,P2,,,,,898e9b158d75f46fb537d2b2b3bb0852d77eecc62af7273ca01500d2eb6064f3,Preserved from 17f0a758.,valid_jpeg_container;unchanged_from_17f0a758
Results/Smith_Charts/ANT1479h_P1.jpg,2be29fe0ef8649c335287e4a6c92dfffcb865c9b6c79234bd44851e41ab2e176,47682,smith_chart_jpeg,reference_plot_valid,ANT1479h,P1,,,,,2be29fe0ef8649c335287e4a6c92dfffcb865c9b6c79234bd44851e41ab2e176,Preserved from 17f0a758.,valid_jpeg_container;unchanged_from_17f0a758
Results/Smith_Charts/ANT1479h_P2.jpg,6e59b4c554d54a7d310ffc2d91fa3af36e6cdabedf7adb19f426ee2ffa9a6032,48355,smith_chart_jpeg,reference_plot_valid,ANT1479h,P2,,,,,6e59b4c554d54a7d310ffc2d91fa3af36e6cdabedf7adb19f426ee2ffa9a6032,Preserved from 17f0a758.,valid_jpeg_container;unchanged_from_17f0a758
Results/Smith_Charts/ANT1480H_P1.jpg,c5d6d8bc68f4a1969ecef02317f6f3c788f5db72deda82e4f319549a20d1a06d,47567,smith_chart_jpeg,reference_plot_valid,ANT1480H,P1,,,,,c5d6d8bc68f4a1969ecef02317f6f3c788f5db72deda82e4f319549a20d1a06d,Preserved from 17f0a758.,valid_jpeg_container;unchanged_from_17f0a758
Results/Smith_Charts/ANT1480H_P2.jpg,fe0ef28972b95be810b90ed30d4cd10aeec25963ae9d557b126755cffe46a585,47561,smith_chart_jpeg,reference_plot_valid,ANT1480H,P2,,,,,fe0ef28972b95be810b90ed30d4cd10aeec25963ae9d557b126755cffe46a585,Preserved from 17f0a758.,valid_jpeg_container;unchanged_from_17f0a758
Results/Smith_Charts/ANT1481H_P1.jpg,4b0f544db74ce9fa0244b127cfcec0f04f4cbbb7e5d2c43e34acad88e906d2bd,47553,smith_chart_jpeg,reference_plot_valid,ANT1481H,P1,,,,,4b0f544db74ce9fa0244b127cfcec0f04f4cbbb7e5d2c43e34acad88e906d2bd,Preserved from 17f0a758.,valid_jpeg_container;unchanged_from_17f0a758
Results/Smith_Charts/ANt1443H_P1.jpg,9940cf92b07ba1b9a77719199c8f49b7398960bf77d1be47470fc793a8079d76,74630,smith_chart_jpeg,reference_plot_valid,ANt1443H,P1,,,,,9940cf92b07ba1b9a77719199c8f49b7398960bf77d1be47470fc793a8079d76,Preserved from 17f0a758.,valid_jpeg_container;unchanged_from_17f0a758
Results/Smith_Charts/ANt1443H_P2.jpg,d93062ce06fe13d1f0e69a4e6abd463fbf1f42d8f9685baa1d8cfc42cae56ae6,73067,smith_chart_jpeg,reference_plot_valid,ANt1443H,P2,,,,,d93062ce06fe13d1f0e69a4e6abd463fbf1f42d8f9685baa1d8cfc42cae56ae6,Preserved from 17f0a758.,valid_jpeg_container;unchanged_from_17f0a758
Results/Smith_Charts/Covered_1_P1.jpg,0e821aaab8e2114f5714b1b736022089d09d3f0cab27339afe10bc400af48968,93673,smith_chart_jpeg,reference_plot_valid,,P1,,,,,0e821aaab8e2114f5714b1b736022089d09d3f0cab27339afe10bc400af48968,Preserved from 17f0a758.,valid_jpeg_container;unchanged_from_17f0a758
Results/Smith_Charts/Covered_1_P2.jpg,c275d66be33e3586a7327f6881a6d99c6860f1d9aec9149cb40dd19d3e3e6d1c,92890,smith_chart_jpeg,reference_plot_valid,,P2,,,,,c275d66be33e3586a7327f6881a6d99c6860f1d9aec9149cb40dd19d3e3e6d1c,Preserved from 17f0a758.,valid_jpeg_container;unchanged_from_17f0a758
Results/Smith_Charts/Covered_2_P1.jpg,98b2fdc850628ed6b2be9e4fc74d6ea6ca9f71ba8d96a6353f5f3e9a36ad2cf1,93591,smith_chart_jpeg,reference_plot_valid,,P1,,,,,98b2fdc850628ed6b2be9e4fc74d6ea6ca9f71ba8d96a6353f5f3e9a36ad2cf1,Preserved from 17f0a758.,valid_jpeg_container;unchanged_from_17f0a758
Results/Smith_Charts/Covered_2_P2.jpg,df4be4e54e046e940a289027ace3c35fee6db496add77ddbc2516ac88552df79,92477,smith_chart_jpeg,reference_plot_valid,,P2,,,,,df4be4e54e046e940a289027ace3c35fee6db496add77ddbc2516ac88552df79,Preserved from 17f0a758.,valid_jpeg_container;unchanged_from_17f0a758
Results/Smith_Charts/Covered_3_P1.jpg,cb412f8bb632920ef43e5829fb85a57707f8756a127a4a05d9e528eb6896f81e,93812,smith_chart_jpeg,reference_plot_valid,,P1,,,,,cb412f8bb632920ef43e5829fb85a57707f8756a127a4a05d9e528eb6896f81e,Preserved from 17f0a758.,valid_jpeg_container;unchanged_from_17f0a758
Results/Smith_Charts/Covered_3_P2.jpg,0a29b20283c380a85c9c1eab9cd20ff89ef5b2b8184d1afc2c512793f903bc53,92409,smith_chart_jpeg,reference_plot_valid,,P2,,,,,0a29b20283c380a85c9c1eab9cd20ff89ef5b2b8184d1afc2c512793f903bc53,Preserved from 17f0a758.,valid_jpeg_container;unchanged_from_17f0a758
Results/Smith_Charts/Covered_4_P1.jpg,58e058470f5d1d6de9f576940d1060beea01cefe92936714ab0138afa3d05663,93502,smith_chart_jpeg,reference_plot_valid,,P1,,,,,58e058470f5d1d6de9f576940d1060beea01cefe92936714ab0138afa3d05663,Preserved from 17f0a758.,valid_jpeg_container;unchanged_from_17f0a758
Results/Smith_Charts/Covered_4_P2.jpg,d1533e1a06f5c48a423f0579ec7657161c7ab172088fcd851e9dcb228ec6f04f,92321,smith_chart_jpeg,reference_plot_valid,,P2,,,,,d1533e1a06f5c48a423f0579ec7657161c7ab172088fcd851e9dcb228ec6f04f,Preserved from 17f0a758.,valid_jpeg_container;unchanged_from_17f0a758
Results/Smith_Charts/LNA_TEST_P1.jpg,ac4c173b2d311e4c21c2c6dfad1d3eebb954c74e7856a99129b660cdb3a5af88,64456,smith_chart_jpeg,reference_plot_valid,,P1,,,,,ac4c173b2d311e4c21c2c6dfad1d3eebb954c74e7856a99129b660cdb3a5af88,Preserved from 17f0a758.,valid_jpeg_container;unchanged_from_17f0a758
Results/Test_Artifacts/testing_work_P1.s1p,0bc51e2b9b9ae1390d3008f426fc64f444f6d35983214d4bf627cc4c51c049cb,7959,touchstone_s1p,test_artifact,,P1,201,Hz,10000000.0,2000000000.0,0ca268bad1fc95dd7f738d52b9f3a1db8803d1ff0524c90e17246a1fb6e530cd,Moved from Results/Touchstone_Files/testing_work_P1.s1p; legacy GHz header corrected to Hz; numeric rows preserved from 17f0a758.,three_columns_per_data_row;finite_numeric_data;strictly_increasing_frequency;declared_unit_Hz;corrected_frequency_unit_header;numeric_rows_preserved_from_17f0a758;excluded_from_canonical_dataset;duplicate_test_artifact
Results/Test_Artifacts/testing_work_P2.s1p,0bc51e2b9b9ae1390d3008f426fc64f444f6d35983214d4bf627cc4c51c049cb,7959,touchstone_s1p,test_artifact,,P2,201,Hz,10000000.0,2000000000.0,0ca268bad1fc95dd7f738d52b9f3a1db8803d1ff0524c90e17246a1fb6e530cd,Moved from Results/Touchstone_Files/testing_work_P2.s1p; legacy GHz header corrected to Hz; numeric rows preserved from 17f0a758.,three_columns_per_data_row;finite_numeric_data;strictly_increasing_frequency;declared_unit_Hz;corrected_frequency_unit_header;numeric_rows_preserved_from_17f0a758;excluded_from_canonical_dataset;duplicate_test_artifact
Results/Touchstone_Files/ANT1342H_P1.s1p,c58408cac10a860246c7c52d9fa99087b48acfae69b59eacd123396532b0addd,8131,touchstone_s1p,canonical_valid,ANT1342H,P1,201,Hz,10000000.0,2000000000.0,c57d901d5728051b463cbe062861f519850d938e61bab4c49bac3ac639e3811e,Legacy GHz header corrected to Hz; numeric rows preserved from 17f0a758.,three_columns_per_data_row;finite_numeric_data;strictly_increasing_frequency;declared_unit_Hz;corrected_frequency_unit_header;numeric_rows_preserved_from_17f0a758
Results/Touchstone_Files/ANT1342H_P2.s1p,7797ce9a66785a0042c11a1bfa3d74026669c66096f84e3a7e81dd3f7f2564e4,8146,touchstone_s1p,canonical_valid,ANT1342H,P2,201,Hz,10000000.0,2000000000.0,bfa84b6ec730ce3459d27e7523ba72247e3c9bd969b4dfba4b87d14fcc10ba0e,Legacy GHz header corrected to Hz; numeric rows preserved from 17f0a758.,three_columns_per_data_row;finite_numeric_data;strictly_increasing_frequency;declared_unit_Hz;corrected_frequency_unit_header;numeric_rows_preserved_from_17f0a758
Results/Touchstone_Files/ANT1343H_P1.s1p,44aacd5122553abfbcae196420a33a9ee548c0e73625788d65c79b790c73d64e,8140,touchstone_s1p,canonical_valid,ANT1343H,P1,201,Hz,10000000.0,2000000000.0,4fe6427c0e6fefc0e6769c8557333a176f08dfa2c274ab9f8a351a7692414d26,Legacy GHz header corrected to Hz; numeric rows preserved from 17f0a758.,three_columns_per_data_row;finite_numeric_data;strictly_increasing_frequency;declared_unit_Hz;corrected_frequency_unit_header;numeric_rows_preserved_from_17f0a758
Results/Touchstone_Files/ANT1343H_P2.s1p,7ed3986f1812ec868299aee681f3bb0d4e881eef5a0d67b1834234492ee164c7,8143,touchstone_s1p,canonical_valid,ANT1343H,P2,201,Hz,10000000.0,2000000000.0,7300a15dd6bc312aedbdfd41294ba7f151d436fb5f30906756fec11445ea9baa,Legacy GHz header corrected to Hz; numeric rows preserved from 17f0a758.,three_columns_per_data_row;finite_numeric_data;strictly_increasing_frequency;declared_unit_Hz;corrected_frequency_unit_header;numeric_rows_preserved_from_17f0a758
Results/Touchstone_Files/ANT1344H_P1.s1p,e9b4bd83159a611875b5fb864307b1596db902bf875d73ef21ef7c01b6915e84,8145,touchstone_s1p,canonical_valid,ANT1344H,P1,201,Hz,10000000.0,2000000000.0,4164fbc09190f22602b830a36a3f45b403d8961358539c6ab47cd9da7dbf464a,Legacy GHz header corrected to Hz; numeric rows preserved from 17f0a758.,three_columns_per_data_row;finite_numeric_data;strictly_increasing_frequency;declared_unit_Hz;corrected_frequency_unit_header;numeric_rows_preserved_from_17f0a758
Results/Touchstone_Files/ANT1344H_P2.s1p,7ed0bc558d7747512dc97192cbd293748afd4d42d0c49f342d786e35084d9ab2,8142,touchstone_s1p,canonical_valid,ANT1344H,P2,201,Hz,10000000.0,2000000000.0,f4678f62a0ebf3a5265e4fe56c4dc53f7a1de97391f89de62052666558fe5904,Legacy GHz header corrected to Hz; numeric rows preserved from 17f0a758.,three_columns_per_data_row;finite_numeric_data;strictly_increasing_frequency;declared_unit_Hz;corrected_frequency_unit_header;numeric_rows_preserved_from_17f0a758
Results/Touchstone_Files/ANT1345H_P1.s1p,144a8b264738fbf814863aa3a8af55e305095192131b49f88dbcb399569c4179,8153,touchstone_s1p,canonical_valid,ANT1345H,P1,201,Hz,10000000.0,2000000000.0,f839769b431b13b24809dff5cdc085e3272a4d8784b374a78fff2c84647237cc,Legacy GHz header corrected to Hz; numeric rows preserved from 17f0a758.,three_columns_per_data_row;finite_numeric_data;strictly_increasing_frequency;declared_unit_Hz;corrected_frequency_unit_header;numeric_rows_preserved_from_17f0a758
Results/Touchstone_Files/ANT1345H_P2.s1p,3d1929415fa984e0fea910a1753bc3b0232f938a745f48a36e49cf0ca3737653,8146,touchstone_s1p,canonical_valid,ANT1345H,P2,201,Hz,10000000.0,2000000000.0,b1878375745b48271eb5b606954101c851ac1a5f6278b6bdda411672d8de4f75,Legacy GHz header corrected to Hz; numeric rows preserved from 17f0a758.,three_columns_per_data_row;finite_numeric_data;strictly_increasing_frequency;declared_unit_Hz;corrected_frequency_unit_header;numeric_rows_preserved_from_17f0a758
Results/Touchstone_Files/ANT1346H_P1.s1p,69161adcc4af09b1da56a6e75906b9e03ca85cc5a8fd376fbac9657ae11472b5,8159,touchstone_s1p,canonical_valid,ANT1346H,P1,201,Hz,10000000.0,2000000000.0,f6fb6a873c6b7d4e884fe19930b681121252b837bc003c16479ce847e392b44c,Legacy GHz header corrected to Hz; numeric rows preserved from 17f0a758.,three_columns_per_data_row;finite_numeric_data;strictly_increasing_frequency;declared_unit_Hz;corrected_frequency_unit_header;numeric_rows_preserved_from_17f0a758
Results/Touchstone_Files/ANT1346H_P2.s1p,af8cb75a02e54b52a27322d709f38efc039a66ff31a5a188bc8f567765544938,8155,touchstone_s1p,canonical_valid,ANT1346H,P2,201,Hz,10000000.0,2000000000.0,a6151543c90513b2aabd4d94bcd075ee03f861bc86579b020ef2d45339ebd55b,Legacy GHz header corrected to Hz; numeric rows preserved from 17f0a758.,three_columns_per_data_row;finite_numeric_data;strictly_increasing_frequency;declared_unit_Hz;corrected_frequency_unit_header;numeric_rows_preserved_from_17f0a758
Results/Touchstone_Files/ANT1347H_P1.s1p,fe48affe72a3ef6fa2e193ca957c9e77a5d43e81fcef4850819ad0c48cf7584e,8140,touchstone_s1p,canonical_valid,ANT1347H,P1,201,Hz,10000000.0,2000000000.0,72c68d4d83fc7f82fb22ec1f8d6ed6a0f37fb5a1760baf57cdab2df521b58f05,Legacy GHz header corrected to Hz; numeric rows preserved from 17f0a758.,three_columns_per_data_row;finite_numeric_data;strictly_increasing_frequency;declared_unit_Hz;corrected_frequency_unit_header;numeric_rows_preserved_from_17f0a758
Results/Touchstone_Files/ANT1347H_P2.s1p,48481f8ca3851b1be6fa8535fb610d49b5b76de6a4a37a2244bcdcefd91896bc,8146,touchstone_s1p,canonical_valid,ANT1347H,P2,201,Hz,10000000.0,2000000000.0,79b07f11d564a253b723ed99a6170d5d8a33fd3412e1731be81456b8418b332e,Legacy GHz header corrected to Hz; numeric rows preserved from 17f0a758.,three_columns_per_data_row;finite_numeric_data;strictly_increasing_frequency;declared_unit_Hz;corrected_frequency_unit_header;numeric_rows_preserved_from_17f0a758
Results/Touchstone_Files/ANT1348H_P1.s1p,53662863e95aaa7f70673da537ea1aa657bfd422af9eec024f96adabec46e9e4,8161,touchstone_s1p,canonical_valid,ANT1348H,P1,201,Hz,10000000.0,2000000000.0,95e2d2dc615f8734408dd18bb6fc2d293264067a47c93d445206d9ee5cbb81b3,Legacy GHz header corrected to Hz; numeric rows preserved from 17f0a758.,three_columns_per_data_row;finite_numeric_data;strictly_increasing_frequency;declared_unit_Hz;corrected_frequency_unit_header;numeric_rows_preserved_from_17f0a758
Results/Touchstone_Files/ANT1348H_P2.s1p,5bd49b1f3da5050f082314218407a74c5f49ce492062226477ae2ef048cf5bfd,8159,touchstone_s1p,canonical_valid,ANT1348H,P2,201,Hz,10000000.0,2000000000.0,ec90ac2958d2053c97452153d8d658d327bf8ffce6b66e3c7013577772d048e0,Legacy GHz header corrected to Hz; numeric rows preserved from 17f0a758.,three_columns_per_data_row;finite_numeric_data;strictly_increasing_frequency;declared_unit_Hz;corrected_frequency_unit_header;numeric_rows_preserved_from_17f0a758
Results/Touchstone_Files/ANT1349H_P1.s1p,53f36116891b41eceef625e394f8f75e7f66fcb43a56247302c6deef732a0b65,8151,touchstone_s1p,canonical_valid,ANT1349H,P1,201,Hz,10000000.0,2000000000.0,3e30e70195678b312bd503771aaaf0ea92428426b4eff830074f53bf9c2f7cfd,Legacy GHz header corrected to Hz; numeric rows preserved from 17f0a758.,three_columns_per_data_row;finite_numeric_data;strictly_increasing_frequency;declared_unit_Hz;corrected_frequency_unit_header;numeric_rows_preserved_from_17f0a758
Results/Touchstone_Files/ANT1349H_P2.s1p,1d4cb09d1ac86c440d240ee0cf3bb39467d84134054c5890025bd7619bc57db2,8152,touchstone_s1p,canonical_valid,ANT1349H,P2,201,Hz,10000000.0,2000000000.0,d58d5505bf9cdc0096d3fef38af19bca463fab2207edf5bda5fd0dd2cce9601b,Legacy GHz header corrected to Hz; numeric rows preserved from 17f0a758.,three_columns_per_data_row;finite_numeric_data;strictly_increasing_frequency;declared_unit_Hz;corrected_frequency_unit_header;numeric_rows_preserved_from_17f0a758
Results/Touchstone_Files/ANT1350H_P1.s1p,b4ce66439bc17182324b6ad5827daeefed29046eb1e07907b1f36e498257210c,8140,touchstone_s1p,canonical_valid,ANT1350H,P1,201,Hz,10000000.0,2000000000.0,c8948b0b13a376b128f392a30bd3eb3ab457d4919a4e69201c5ee8847142124e,Legacy GHz header corrected to Hz; numeric rows preserved from 17f0a758.,three_columns_per_data_row;finite_numeric_data;strictly_increasing_frequency;declared_unit_Hz;corrected_frequency_unit_header;numeric_rows_preserved_from_17f0a758
Results/Touchstone_Files/ANT1350H_P2.s1p,4a9f9a09945929255b1739b1b82143d594ed2288b04860cff545547ea7b71bd1,8150,touchstone_s1p,canonical_valid,ANT1350H,P2,201,Hz,10000000.0,2000000000.0,1df59cd423b2a03ec619bc1cc855a2dcc9836d3a8dc339d7946cb98476c38761,Legacy GHz header corrected to Hz; numeric rows preserved from 17f0a758.,three_columns_per_data_row;finite_numeric_data;strictly_increasing_frequency;declared_unit_Hz;corrected_frequency_unit_header;numeric_rows_preserved_from_17f0a758
Results/Touchstone_Files/ANT1351H_Covered_P1.s1p,cb14b97cc0c72a7924bdbbafed4b24989527afcbbd3df9b3785907a52682fb27,8167,touchstone_s1p,canonical_valid,ANT1351H,P1,201,Hz,10000000.0,2000000000.0,61d33cacc76e5660d06a5343aad9a3ea431d7caffefd0e3f7e4363326120bd47,Legacy GHz header corrected to Hz; numeric rows preserved from 17f0a758.,three_columns_per_data_row;finite_numeric_data;strictly_increasing_frequency;declared_unit_Hz;corrected_frequency_unit_header;numeric_rows_preserved_from_17f0a758
Results/Touchstone_Files/ANT1351H_Covered_P2.s1p,70d4fb13c008a6496217b5b6b2f1570e7ab04b0dc1ae30f2d9bfc6b5db9b2735,8154,touchstone_s1p,canonical_valid,ANT1351H,P2,201,Hz,10000000.0,2000000000.0,440eb892796bfb85d2848483fe22b04e98f8c557f4d64d06b582823594dde596,Legacy GHz header corrected to Hz; numeric rows preserved from 17f0a758.,three_columns_per_data_row;finite_numeric_data;strictly_increasing_frequency;declared_unit_Hz;corrected_frequency_unit_header;numeric_rows_preserved_from_17f0a758
Results/Touchstone_Files/ANT1351H_P1.s1p,284c4df9d603021b9ff3f07c4e48ee16ce916a0a7ca0bdbdeabece5954101d5d,8152,touchstone_s1p,canonical_valid,ANT1351H,P1,201,Hz,10000000.0,2000000000.0,d41f6826570a3eae2f56a4da8f07eaa517f083b74e42f81a1f9830d6e32dd752,Legacy GHz header corrected to Hz; numeric rows preserved from 17f0a758.,three_columns_per_data_row;finite_numeric_data;strictly_increasing_frequency;declared_unit_Hz;corrected_frequency_unit_header;numeric_rows_preserved_from_17f0a758
Results/Touchstone_Files/ANT1351H_P2.s1p,0a8400600eee52f9f0c4b8490a8e0c78cbdf6d53dc911f9e19d2ecc48a095987,8154,touchstone_s1p,canonical_valid,ANT1351H,P2,201,Hz,10000000.0,2000000000.0,c215a3b238dd8720c569d6b4221b0c16d014e6409d5b80bfafa7579a04d0a6ba,Legacy GHz header corrected to Hz; numeric rows preserved from 17f0a758.,three_columns_per_data_row;finite_numeric_data;strictly_increasing_frequency;declared_unit_Hz;corrected_frequency_unit_header;numeric_rows_preserved_from_17f0a758
Results/Touchstone_Files/ANT1352H_P1.s1p,01d4bfd9acb08e89330a5dd5aee517db42aaa38cd041945cda5414071dccd587,8175,touchstone_s1p,canonical_valid,ANT1352H,P1,201,Hz,10000000.0,2000000000.0,8f76fb1b248972ddcd36c9a56cf029d8648425a8c35f0b419db126b39c6c586e,Legacy GHz header corrected to Hz; numeric rows preserved from 17f0a758.,three_columns_per_data_row;finite_numeric_data;strictly_increasing_frequency;declared_unit_Hz;corrected_frequency_unit_header;numeric_rows_preserved_from_17f0a758
Results/Touchstone_Files/ANT1352H_P2.s1p,ff6838fd2889d3f64597c9284be17a341db2c8f0e2b577c1700799b829a36c33,8178,touchstone_s1p,canonical_valid,ANT1352H,P2,201,Hz,10000000.0,2000000000.0,f9403c20e8692313550fa51d87e139d4c835a15332beb88feb1a6bd1475a25c0,Legacy GHz header corrected to Hz; numeric rows preserved from 17f0a758.,three_columns_per_data_row;finite_numeric_data;strictly_increasing_frequency;declared_unit_Hz;corrected_frequency_unit_header;numeric_rows_preserved_from_17f0a758
Results/Touchstone_Files/ANT1353H_P1.s1p,fdaa39cae2f3b495405293e0a63d5d476a9863481ab3a1d4fa6962768c8446da,8168,touchstone_s1p,canonical_valid,ANT1353H,P1,201,Hz,10000000.0,2000000000.0,a9db4bf075bc9d5daf8960aca8e94d3fb12367853970a261f0f6ac9ea054d368,Legacy GHz header corrected to Hz; numeric rows preserved from 17f0a758.,three_columns_per_data_row;finite_numeric_data;strictly_increasing_frequency;declared_unit_Hz;corrected_frequency_unit_header;numeric_rows_preserved_from_17f0a758
Results/Touchstone_Files/ANT1353H_P2.s1p,da1d7ee9ebeb4e7a8cd150067b8ec37f8ff92d3edb199239d4dfaa3acb46d4ba,8183,touchstone_s1p,canonical_valid,ANT1353H,P2,201,Hz,10000000.0,2000000000.0,c277400c45f147ed5a895eb10d5f4d6831d7f97a0cdaf77fb3e2dfa1d7ed3d6e,Legacy GHz header corrected to Hz; numeric rows preserved from 17f0a758.,three_columns_per_data_row;finite_numeric_data;strictly_increasing_frequency;declared_unit_Hz;corrected_frequency_unit_header;numeric_rows_preserved_from_17f0a758
Results/Touchstone_Files/ANT1354H_P1.s1p,04cef24e6362203e2c1464f312328d866c45e29821d6d3a54836e04bf68c0cad,8176,touchstone_s1p,canonical_valid,ANT1354H,P1,201,Hz,10000000.0,2000000000.0,92c11916b19f0ded6db6e4125ae8b0b0e33ea46327c1f248b409d46b1c3e72bd,Legacy GHz header corrected to Hz; numeric rows preserved from 17f0a758.,three_columns_per_data_row;finite_numeric_data;strictly_increasing_frequency;declared_unit_Hz;corrected_frequency_unit_header;numeric_rows_preserved_from_17f0a758
Results/Touchstone_Files/ANT1354H_P2.s1p,eaa2fd6d9a40a2253a9f13b86974a44d30ac0af0c83335dc76c7aead2c158e0c,8188,touchstone_s1p,canonical_valid,ANT1354H,P2,201,Hz,10000000.0,2000000000.0,0c47c430781018bc485a1aa5e2546f39e85a44e128e5ce513c09b221ccdef4fd,Legacy GHz header corrected to Hz; numeric rows preserved from 17f0a758.,three_columns_per_data_row;finite_numeric_data;strictly_increasing_frequency;declared_unit_Hz;corrected_frequency_unit_header;numeric_rows_preserved_from_17f0a758
Results/Touchstone_Files/ANT1355H_P1.s1p,373740bbba03edb7df0f92020edc06536d560d5af6cba5aa9478229975cabf3b,8182,touchstone_s1p,canonical_valid,ANT1355H,P1,201,Hz,10000000.0,2000000000.0,09961214481689015c43155953eff2b8006144d1d5d5e50a984b0b3ac4ab498e,Legacy GHz header corrected to Hz; numeric rows preserved from 17f0a758.,three_columns_per_data_row;finite_numeric_data;strictly_increasing_frequency;declared_unit_Hz;corrected_frequency_unit_header;numeric_rows_preserved_from_17f0a758
Results/Touchstone_Files/ANT1355H_P2.s1p,5ef3269157d0bc09ae655508a943d18df429ab07073d298b677d9f71354a4d95,8187,touchstone_s1p,canonical_valid,ANT1355H,P2,201,Hz,10000000.0,2000000000.0,738a22bfe474f0eed13b696715d4fe4a4acea27f9951f8fb1f229381891fa42c,Legacy GHz header corrected to Hz; numeric rows preserved from 17f0a758.,three_columns_per_data_row;finite_numeric_data;strictly_increasing_frequency;declared_unit_Hz;corrected_frequency_unit_header;numeric_rows_preserved_from_17f0a758
Results/Touchstone_Files/ANT1356H_P1.s1p,9b39930bb72b9fafc296f7830614c2d8a3d467f4e9bbfdad2ce7f4e2fe95d83b,8184,touchstone_s1p,canonical_valid,ANT1356H,P1,201,Hz,10000000.0,2000000000.0,3e844b5ff2855bd9ad113e161403ece247509b857e80672a83cc1c13042a3b7e,Legacy GHz header corrected to Hz; numeric rows preserved from 17f0a758.,three_columns_per_data_row;finite_numeric_data;strictly_increasing_frequency;declared_unit_Hz;corrected_frequency_unit_header;numeric_rows_preserved_from_17f0a758
Results/Touchstone_Files/ANT1356H_P2.s1p,6c82a4115d7955d574c7130fc7bcf151ade81b656cf1d54f2911856c2b2588ec,8165,touchstone_s1p,canonical_valid,ANT1356H,P2,201,Hz,10000000.0,2000000000.0,42989cc19521dac4da3e64f7673ebd5b23835edaaadba38cc6aaa1aa0ed2b420,Legacy GHz header corrected to Hz; numeric rows preserved from 17f0a758.,three_columns_per_data_row;finite_numeric_data;strictly_increasing_frequency;declared_unit_Hz;corrected_frequency_unit_header;numeric_rows_preserved_from_17f0a758
Results/Touchstone_Files/ANT1357H_P1.s1p,cb5639565d1216bace1f5dbd76025fe523b89d85d38407e7f0abd9430b69b83e,8176,touchstone_s1p,canonical_valid,ANT1357H,P1,201,Hz,10000000.0,2000000000.0,4d6e11665bb028d2a23a43c0930f4985daf08671a25a7c290a9ffb547644cc79,Legacy GHz header corrected to Hz; numeric rows preserved from 17f0a758.,three_columns_per_data_row;finite_numeric_data;strictly_increasing_frequency;declared_unit_Hz;corrected_frequency_unit_header;numeric_rows_preserved_from_17f0a758
Results/Touchstone_Files/ANT1357H_P2.s1p,ee15bae8e527175f661c1b51ff8ffe1cf76422e35077824d22bbe63e07986b5d,8176,touchstone_s1p,canonical_valid,ANT1357H,P2,201,Hz,10000000.0,2000000000.0,dc73aaf389c42fa7a6939e11b55804cc8417432cd6fe9f3e25a64d68060584bc,Legacy GHz header corrected to Hz; numeric rows preserved from 17f0a758.,three_columns_per_data_row;finite_numeric_data;strictly_increasing_frequency;declared_unit_Hz;corrected_frequency_unit_header;numeric_rows_preserved_from_17f0a758
Results/Touchstone_Files/ANT1358H_P1.s1p,07de31fbf43e4033b815d3461aa5cad7ed019978ec1e5de220cd052b2ad8c0a5,8169,touchstone_s1p,canonical_valid,ANT1358H,P1,201,Hz,10000000.0,2000000000.0,aa6d44c8480f3c4f76277d3b60fa9e53c8fc20096156b66961dfa6d52d838cdc,Legacy GHz header corrected to Hz; numeric rows preserved from 17f0a758.,three_columns_per_data_row;finite_numeric_data;strictly_increasing_frequency;declared_unit_Hz;corrected_frequency_unit_header;numeric_rows_preserved_from_17f0a758
Results/Touchstone_Files/ANT1358H_P2.s1p,b7b986c05aa62147451ea7a68f9253b7928fee6f89f4c4b96a122c367d736532,8175,touchstone_s1p,canonical_valid,ANT1358H,P2,201,Hz,10000000.0,2000000000.0,761bde39e50f56e3261f643a479801f9689b0e305bbe128ba67bce06463e1dca,Legacy GHz header corrected to Hz; numeric rows preserved from 17f0a758.,three_columns_per_data_row;finite_numeric_data;strictly_increasing_frequency;declared_unit_Hz;corrected_frequency_unit_header;numeric_rows_preserved_from_17f0a758
Results/Touchstone_Files/ANT1359H_P1.s1p,3bb0e6897170f10841e302ed9791c437d2e8ed92af468a18e24de08d131484e8,8176,touchstone_s1p,canonical_valid,ANT1359H,P1,201,Hz,10000000.0,2000000000.0,24113142b27b85b81b0a9fb3518f7025018ddf963587714170815b543ca42601,Legacy GHz header corrected to Hz; numeric rows preserved from 17f0a758.,three_columns_per_data_row;finite_numeric_data;strictly_increasing_frequency;declared_unit_Hz;corrected_frequency_unit_header;numeric_rows_preserved_from_17f0a758
Results/Touchstone_Files/ANT1359H_P2.s1p,e3a0e06d15adf47686bd2a14ed088421b23b16185eb535a62f93754dac9d4c24,8169,touchstone_s1p,canonical_valid,ANT1359H,P2,201,Hz,10000000.0,2000000000.0,2e901da6f1a975c27b3c075339590f5c2beaafc5d2e39a84cd74835f9df7d417,Legacy GHz header corrected to Hz; numeric rows preserved from 17f0a758.,three_columns_per_data_row;finite_numeric_data;strictly_increasing_frequency;declared_unit_Hz;corrected_frequency_unit_header;numeric_rows_preserved_from_17f0a758
Results/Touchstone_Files/ANT1360H_P1.s1p,ca55fe44f09ad658c653ad377e862f01deafdc9f8630aa411d2f57527dbaf785,8180,touchstone_s1p,canonical_valid,ANT1360H,P1,201,Hz,10000000.0,2000000000.0,2f8a286309a049dae5dee715b35558b2db2777f2d44a08d74c98a21deb1bec37,Legacy GHz header corrected to Hz; numeric rows preserved from 17f0a758.,three_columns_per_data_row;finite_numeric_data;strictly_increasing_frequency;declared_unit_Hz;corrected_frequency_unit_header;numeric_rows_preserved_from_17f0a758
Results/Touchstone_Files/ANT1360H_P2.s1p,ba1ff070e89486bced75eef3dc76abfe001cdd132713aab81d2549667faaa210,8179,touchstone_s1p,canonical_valid,ANT1360H,P2,201,Hz,10000000.0,2000000000.0,f43145e924f9ec041a6e838f69817e7c8e09ac0b999bd683f7ddbb34a660a540,Legacy GHz header corrected to Hz; numeric rows preserved from 17f0a758.,three_columns_per_data_row;finite_numeric_data;strictly_increasing_frequency;declared_unit_Hz;corrected_frequency_unit_header;numeric_rows_preserved_from_17f0a758
Results/Touchstone_Files/ANT1361H_P1.s1p,380ab8dcf212af6d583d69ac97ab6c2813250ee43b3bbd28a20db5a826486bba,8166,touchstone_s1p,canonical_valid,ANT1361H,P1,201,Hz,10000000.0,2000000000.0,45dc0b5e9ea32fd5d1a99a2dcf27fdccb55756625d45b0c9bc9cfff73d7a6cd8,Legacy GHz header corrected to Hz; numeric rows preserved from 17f0a758.,three_columns_per_data_row;finite_numeric_data;strictly_increasing_frequency;declared_unit_Hz;corrected_frequency_unit_header;numeric_rows_preserved_from_17f0a758
Results/Touchstone_Files/ANT1361H_P2.s1p,51f02740726c726b575cd0a96f0afc2908a741455e7ec4e66e54f1d60004aab0,8186,touchstone_s1p,canonical_valid,ANT1361H,P2,201,Hz,10000000.0,2000000000.0,0a100a0e53c5a51288c4f77bc4ef6993193fd923f598b78fab7b83a966e58199,Legacy GHz header corrected to Hz; numeric rows preserved from 17f0a758.,three_columns_per_data_row;finite_numeric_data;strictly_increasing_frequency;declared_unit_Hz;corrected_frequency_unit_header;numeric_rows_preserved_from_17f0a758
Results/Touchstone_Files/ANT1362H_P1.s1p,73418e47f1ea0930a92671b655fd8270c20d0b53ba47e50f1971f2497aab4356,8169,touchstone_s1p,canonical_valid,ANT1362H,P1,201,Hz,10000000.0,2000000000.0,016bee1044b0a1199afd79c6f2bdfe2656cd433a9a314aa1201f1605180f4160,Legacy GHz header corrected to Hz; numeric rows preserved from 17f0a758.,three_columns_per_data_row;finite_numeric_data;strictly_increasing_frequency;declared_unit_Hz;corrected_frequency_unit_header;numeric_rows_preserved_from_17f0a758
Results/Touchstone_Files/ANT1362H_P2.s1p,5da91821b255e6352a005436200486e26daa2f73d1ab8deb2f126b31d10bc248,8191,touchstone_s1p,canonical_valid,ANT1362H,P2,201,Hz,10000000.0,2000000000.0,21727be7cc19ccceffe019c7ad8360e9b22f2b9554073bb33bafe38c87b53f81,Legacy GHz header corrected to Hz; numeric rows preserved from 17f0a758.,three_columns_per_data_row;finite_numeric_data;strictly_increasing_frequency;declared_unit_Hz;corrected_frequency_unit_header;numeric_rows_preserved_from_17f0a758
Results/Touchstone_Files/ANT1363H_P1.s1p,c168cbe656f2e7be61dca48a30f5e8cea37c2b96f47c051a3cbcd4777bd0bd06,8175,touchstone_s1p,canonical_valid,ANT1363H,P1,201,Hz,10000000.0,2000000000.0,05c73d97b01f9ac02e4c4a0cafebcce33396ed91fb73b2a2a415b8cc7f09eac1,Legacy GHz header corrected to Hz; numeric rows preserved from 17f0a758.,three_columns_per_data_row;finite_numeric_data;strictly_increasing_frequency;declared_unit_Hz;corrected_frequency_unit_header;numeric_rows_preserved_from_17f0a758
Results/Touchstone_Files/ANT1363H_P2.s1p,e7e5b0b20b593630bf607a2020ba342b7515342d8ccb06070781de0eb3644a13,8180,touchstone_s1p,canonical_valid,ANT1363H,P2,201,Hz,10000000.0,2000000000.0,c878ef77b534991115456bcd8e06428eea6d76033579cc02263f7a8cf95d8ec9,Legacy GHz header corrected to Hz; numeric rows preserved from 17f0a758.,three_columns_per_data_row;finite_numeric_data;strictly_increasing_frequency;declared_unit_Hz;corrected_frequency_unit_header;numeric_rows_preserved_from_17f0a758
Results/Touchstone_Files/ANT1364H_P1.s1p,dcdb9274ca34aa2c75107edf1732f887b858f0e732e73fc413219aea58f08d15,8168,touchstone_s1p,canonical_valid,ANT1364H,P1,201,Hz,10000000.0,2000000000.0,053c16e682e445e4e8e10515a11d77339a8a5ae4b35ae743849dffc866b74fdf,Legacy GHz header corrected to Hz; numeric rows preserved from 17f0a758.,three_columns_per_data_row;finite_numeric_data;strictly_increasing_frequency;declared_unit_Hz;corrected_frequency_unit_header;numeric_rows_preserved_from_17f0a758
Results/Touchstone_Files/ANT1364H_P2.s1p,820a62506cbdbc4f40a5a657b0219a39296c3716b701ffbfeeeaf154e0c3d2ee,8186,touchstone_s1p,canonical_valid,ANT1364H,P2,201,Hz,10000000.0,2000000000.0,07f33ee7e54c1090c39b7c69a886d22afa64187db7d6300b531fd2d0e90da509,Legacy GHz header corrected to Hz; numeric rows preserved from 17f0a758.,three_columns_per_data_row;finite_numeric_data;strictly_increasing_frequency;declared_unit_Hz;corrected_frequency_unit_header;numeric_rows_preserved_from_17f0a758
Results/Touchstone_Files/ANT1365H_P1.s1p,4b5e260481f4a764112fa09042524dacb6969d8d1a9dde04b0b62843ddb1d078,8156,touchstone_s1p,canonical_valid,ANT1365H,P1,201,Hz,10000000.0,2000000000.0,dc19e3538d42a0d429e8179844e7a7cd41d68244fb24db0ffe8db647419444ac,Legacy GHz header corrected to Hz; numeric rows preserved from 17f0a758.,three_columns_per_data_row;finite_numeric_data;strictly_increasing_frequency;declared_unit_Hz;corrected_frequency_unit_header;numeric_rows_preserved_from_17f0a758
Results/Touchstone_Files/ANT1365H_P2.s1p,ffd9c87902a3865641b7e50d8aa57937c0f7f6dfaa14b02a6950e3bab5a42646,8174,touchstone_s1p,canonical_valid,ANT1365H,P2,201,Hz,10000000.0,2000000000.0,f76f41190002099f82c94e9e5381f81b6eb6f634b14833f38ddfbd88b5ee8b3d,Legacy GHz header corrected to Hz; numeric rows preserved from 17f0a758.,three_columns_per_data_row;finite_numeric_data;strictly_increasing_frequency;declared_unit_Hz;corrected_frequency_unit_header;numeric_rows_preserved_from_17f0a758
Results/Touchstone_Files/ANT1366H_P1.s1p,f0888fe732c1b386f6fe965ee402b2189e6a0794c3ecb714d47568c2e1a73a6a,8186,touchstone_s1p,canonical_valid,ANT1366H,P1,201,Hz,10000000.0,2000000000.0,5cfd5e8a4356cd37f41a10fa0645ad5efa961fd9999facbbe58a5f6f9cc45b98,Legacy GHz header corrected to Hz; numeric rows preserved from 17f0a758.,three_columns_per_data_row;finite_numeric_data;strictly_increasing_frequency;declared_unit_Hz;corrected_frequency_unit_header;numeric_rows_preserved_from_17f0a758
Results/Touchstone_Files/ANT1366H_P2.s1p,e977d906be48bc453a29a457a7c116a46f40274bd381d783e4521877db56ea17,8173,touchstone_s1p,canonical_valid,ANT1366H,P2,201,Hz,10000000.0,2000000000.0,59593e2b0ce581ba6ffef79c23f4564169cbb569c059f8367dcdb8542383ae17,Legacy GHz header corrected to Hz; numeric rows preserved from 17f0a758.,three_columns_per_data_row;finite_numeric_data;strictly_increasing_frequency;declared_unit_Hz;corrected_frequency_unit_header;numeric_rows_preserved_from_17f0a758
Results/Touchstone_Files/ANT1367H_P1.s1p,8336a7d7f8928ff17280dc7d95c5b96fe68a6027891bb8e42c3cb518d6c0ed36,8162,touchstone_s1p,canonical_valid,ANT1367H,P1,201,Hz,10000000.0,2000000000.0,9c92e58d20aa808a4e87f8e9ffe8bd2c5ea8963153483aad94f994021f30e324,Legacy GHz header corrected to Hz; numeric rows preserved from 17f0a758.,three_columns_per_data_row;finite_numeric_data;strictly_increasing_frequency;declared_unit_Hz;corrected_frequency_unit_header;numeric_rows_preserved_from_17f0a758
Results/Touchstone_Files/ANT1367H_P2.s1p,90c1c193bcc6ccf16a46a2fa613ccfbd6b70853a81950d2d74825f16f055b8de,8177,touchstone_s1p,canonical_valid,ANT1367H,P2,201,Hz,10000000.0,2000000000.0,ca7f9ef24490de79be12c7095c537efbc8b4e9f010b14b6850433daf069daac6,Legacy GHz header corrected to Hz; numeric rows preserved from 17f0a758.,three_columns_per_data_row;finite_numeric_data;strictly_increasing_frequency;declared_unit_Hz;corrected_frequency_unit_header;numeric_rows_preserved_from_17f0a758
Results/Touchstone_Files/ANT1368H_P1.s1p,be9a601ad137f16dbe58cd9a8031ba7961f1a6e7329757522f85376aa2aea976,8183,touchstone_s1p,canonical_valid,ANT1368H,P1,201,Hz,10000000.0,2000000000.0,f937ae3f173fc68c89df0ed838de3f8f1dd4900af2e1930772bf3960bce8bffc,Legacy GHz header corrected to Hz; numeric rows preserved from 17f0a758.,three_columns_per_data_row;finite_numeric_data;strictly_increasing_frequency;declared_unit_Hz;corrected_frequency_unit_header;numeric_rows_preserved_from_17f0a758
Results/Touchstone_Files/ANT1368H_P2.s1p,ea42259d292336e400d1cb3c7687758fe0ec3311a8ecfb23f3eff5315f0594a0,8183,touchstone_s1p,canonical_valid,ANT1368H,P2,201,Hz,10000000.0,2000000000.0,e61052e8ba3eff649994c31e2f71e58d31011c4f05d39602c2c2234b060b56c8,Legacy GHz header corrected to Hz; numeric rows preserved from 17f0a758.,three_columns_per_data_row;finite_numeric_data;strictly_increasing_frequency;declared_unit_Hz;corrected_frequency_unit_header;numeric_rows_preserved_from_17f0a758
Results/Touchstone_Files/ANT1369H_P1.s1p,72814f757bb46bbc5490634d31cc993d33624ca29486869c7ec2b5c1d675c8dc,8167,touchstone_s1p,canonical_valid,ANT1369H,P1,201,Hz,10000000.0,2000000000.0,5ea937f400f5ac0c90aad3209c9fa952d2db44344ee2043f2b69a5c93c772bcd,Legacy GHz header corrected to Hz; numeric rows preserved from 17f0a758.,three_columns_per_data_row;finite_numeric_data;strictly_increasing_frequency;declared_unit_Hz;corrected_frequency_unit_header;numeric_rows_preserved_from_17f0a758
Results/Touchstone_Files/ANT1369H_P2.s1p,a3401bff98ceaa5b963e66d0876dd406027c92e3c1755a757d53d889c65f9d84,8186,touchstone_s1p,canonical_valid,ANT1369H,P2,201,Hz,10000000.0,2000000000.0,ea3bf704a3a4f286df2affe928fa0c6c62ca9330fac4cc3e4827be911c1256cf,Legacy GHz header corrected to Hz; numeric rows preserved from 17f0a758.,three_columns_per_data_row;finite_numeric_data;strictly_increasing_frequency;declared_unit_Hz;corrected_frequency_unit_header;numeric_rows_preserved_from_17f0a758
Results/Touchstone_Files/ANT1370H_P1.s1p,b3943efa61f8e4e186f14dcc032b8a8a5d06109a0dc5208ec22259f6df0d53eb,8180,touchstone_s1p,canonical_valid,ANT1370H,P1,201,Hz,10000000.0,2000000000.0,e6ee86fcedd974f9013da4d8746f3d8d4f6e4887da9135150998c14e7af58b7e,Legacy GHz header corrected to Hz; numeric rows preserved from 17f0a758.,three_columns_per_data_row;finite_numeric_data;strictly_increasing_frequency;declared_unit_Hz;corrected_frequency_unit_header;numeric_rows_preserved_from_17f0a758
Results/Touchstone_Files/ANT1370H_P2.s1p,0799359b712cddcd365833fd2818c48b54ecebacb4fe981a1ffb4745aa1c381e,8181,touchstone_s1p,canonical_valid,ANT1370H,P2,201,Hz,10000000.0,2000000000.0,f6eb5b4163a513939176d0b0d31bee220ada5cf4f87309c377999dee7b2cabd7,Legacy GHz header corrected to Hz; numeric rows preserved from 17f0a758.,three_columns_per_data_row;finite_numeric_data;strictly_increasing_frequency;declared_unit_Hz;corrected_frequency_unit_header;numeric_rows_preserved_from_17f0a758
Results/Touchstone_Files/ANT1371H_P1.s1p,58464e3e1a4cf8b1c14a7eaab585c26fd2c2855a0081d70b8dd04e8a9245ecfe,8180,touchstone_s1p,canonical_valid,ANT1371H,P1,201,Hz,10000000.0,2000000000.0,9a7c8a465991a4f343de1af817d3a61a6c32a092f12a02add7ae2e2eb2a2e40c,Legacy GHz header corrected to Hz; numeric rows preserved from 17f0a758.,three_columns_per_data_row;finite_numeric_data;strictly_increasing_frequency;declared_unit_Hz;corrected_frequency_unit_header;numeric_rows_preserved_from_17f0a758
Results/Touchstone_Files/ANT1371H_P2.s1p,6bb38ecd4e5c5cf456d1a0fc1a05d46b0cb3cef86964d26f4fc62bced4ca3b80,8182,touchstone_s1p,canonical_valid,ANT1371H,P2,201,Hz,10000000.0,2000000000.0,dfc05a552205d8b5ca6d4ef0b885522a751589594b19154dfb7210ec18723229,Legacy GHz header corrected to Hz; numeric rows preserved from 17f0a758.,three_columns_per_data_row;finite_numeric_data;strictly_increasing_frequency;declared_unit_Hz;corrected_frequency_unit_header;numeric_rows_preserved_from_17f0a758
Results/Touchstone_Files/ANT1372H_P1.s1p,b9d20cb2265829e1eb754797f857627e906f493e1e68b097ed56a55669d1b099,8187,touchstone_s1p,canonical_valid,ANT1372H,P1,201,Hz,10000000.0,2000000000.0,c4aba3e68c98c00555cdec470f6f62372b4ed056b6ed0fc86240c018c067d3e0,Legacy GHz header corrected to Hz; numeric rows preserved from 17f0a758.,three_columns_per_data_row;finite_numeric_data;strictly_increasing_frequency;declared_unit_Hz;corrected_frequency_unit_header;numeric_rows_preserved_from_17f0a758
Results/Touchstone_Files/ANT1372H_P2.s1p,777e68bb9666f46f428558c2d406610c1d51317fbc3d2d04ea51e7232c1f803c,8170,touchstone_s1p,canonical_valid,ANT1372H,P2,201,Hz,10000000.0,2000000000.0,31f6282ee5bbd82003a01f0c73b3087d653bec6c8a9d4a00352fba4ffe084359,Legacy GHz header corrected to Hz; numeric rows preserved from 17f0a758.,three_columns_per_data_row;finite_numeric_data;strictly_increasing_frequency;declared_unit_Hz;corrected_frequency_unit_header;numeric_rows_preserved_from_17f0a758
Results/Touchstone_Files/ANT1373H_P1.s1p,3e97e87103f89f89cdedddab285a70d46fcc58c607f5a5ce601cf444d92b8f14,8176,touchstone_s1p,canonical_valid,ANT1373H,P1,201,Hz,10000000.0,2000000000.0,eebe42d40eef8518e5ef564e027ec293a85e925a6fe3c22228099242113d5944,Legacy GHz header corrected to Hz; numeric rows preserved from 17f0a758.,three_columns_per_data_row;finite_numeric_data;strictly_increasing_frequency;declared_unit_Hz;corrected_frequency_unit_header;numeric_rows_preserved_from_17f0a758
Results/Touchstone_Files/ANT1373H_P2.s1p,9f938714303b0d20e8abcf356fcddaf66c7ea686effa66c22e561164fdd419d3,8166,touchstone_s1p,canonical_valid,ANT1373H,P2,201,Hz,10000000.0,2000000000.0,fbf2cf2c16ef92db951aa6176e5adc96ec2f2e83cecc0616551800502d179112,Legacy GHz header corrected to Hz; numeric rows preserved from 17f0a758.,three_columns_per_data_row;finite_numeric_data;strictly_increasing_frequency;declared_unit_Hz;corrected_frequency_unit_header;numeric_rows_preserved_from_17f0a758
Results/Touchstone_Files/ANT1374H_P1.s1p,4d8f375f64c4dd892a985b20baa83e996b3153305d3925130d6ee640fb2f6442,8161,touchstone_s1p,canonical_valid,ANT1374H,P1,201,Hz,10000000.0,2000000000.0,77d5ed9cbf74597a6aa81052e36f80552362a43d5dcaed96a4a10d81e038be5f,Legacy GHz header corrected to Hz; numeric rows preserved from 17f0a758.,three_columns_per_data_row;finite_numeric_data;strictly_increasing_frequency;declared_unit_Hz;corrected_frequency_unit_header;numeric_rows_preserved_from_17f0a758
Results/Touchstone_Files/ANT1374H_P2.s1p,b9e507d285019bb5e12c6307257df4a78c6e0b13dd2bbb1c4538deceda186647,8169,touchstone_s1p,canonical_valid,ANT1374H,P2,201,Hz,10000000.0,2000000000.0,33ec29735ee01b22d7fc77aaca7cdadb6259a06d8000c9cdc89b1d5659843577,Legacy GHz header corrected to Hz; numeric rows preserved from 17f0a758.,three_columns_per_data_row;finite_numeric_data;strictly_increasing_frequency;declared_unit_Hz;corrected_frequency_unit_header;numeric_rows_preserved_from_17f0a758
Results/Touchstone_Files/ANT1375H_P1.s1p,95283c7fd0ff0001be6223e27c8003cb2e6bb2fbc3d9ea970695e67b389fe5b1,8179,touchstone_s1p,canonical_valid,ANT1375H,P1,201,Hz,10000000.0,2000000000.0,423ca53e04a1ce4fc25fffb60010f3a138fe46cca995061ff9541802d53bc063,Legacy GHz header corrected to Hz; numeric rows preserved from 17f0a758.,three_columns_per_data_row;finite_numeric_data;strictly_increasing_frequency;declared_unit_Hz;corrected_frequency_unit_header;numeric_rows_preserved_from_17f0a758
Results/Touchstone_Files/ANT1375H_P2.s1p,a0a79770a8d4d19aa3a70db1fd941312cb53c23ac9c5491a2fd474afc5647202,8176,touchstone_s1p,canonical_valid,ANT1375H,P2,201,Hz,10000000.0,2000000000.0,430ff1869ad074a4ae35781ca5a5b3cd90a57c273cd0ccd77fc523a36d220ee1,Legacy GHz header corrected to Hz; numeric rows preserved from 17f0a758.,three_columns_per_data_row;finite_numeric_data;strictly_increasing_frequency;declared_unit_Hz;corrected_frequency_unit_header;numeric_rows_preserved_from_17f0a758
Results/Touchstone_Files/ANT1376H_P1.s1p,0a9adece92b08c2fb553f71598d8f526c22ef1abf19465977b8c7b714c155f1c,8177,touchstone_s1p,canonical_valid,ANT1376H,P1,201,Hz,10000000.0,2000000000.0,8eed168e024efe9a07402c704c761c86fcf3538102e071556b046c1c0704d765,Legacy GHz header corrected to Hz; numeric rows preserved from 17f0a758.,three_columns_per_data_row;finite_numeric_data;strictly_increasing_frequency;declared_unit_Hz;corrected_frequency_unit_header;numeric_rows_preserved_from_17f0a758
Results/Touchstone_Files/ANT1376H_P2.s1p,518d2852e40a1b894ce437cc53242c05adff168c915a91027b13f2e352b5ee9e,8158,touchstone_s1p,canonical_valid,ANT1376H,P2,201,Hz,10000000.0,2000000000.0,0a182aed4af5793cc356c8ffb1cbc848d5c064176c150e04c2122c7c68d6b6b7,Legacy GHz header corrected to Hz; numeric rows preserved from 17f0a758.,three_columns_per_data_row;finite_numeric_data;strictly_increasing_frequency;declared_unit_Hz;corrected_frequency_unit_header;numeric_rows_preserved_from_17f0a758
Results/Touchstone_Files/ANT1377H_P1.s1p,b3a067ed76dc8dba16dbb3d4ae1a0eab924b89151272948ad96643d6b5e34b9a,8170,touchstone_s1p,canonical_valid,ANT1377H,P1,201,Hz,10000000.0,2000000000.0,1755477087bf08f41660f8f4320679a2f1fdc0c267622ed3e46571538b926087,Legacy GHz header corrected to Hz; numeric rows preserved from 17f0a758.,three_columns_per_data_row;finite_numeric_data;strictly_increasing_frequency;declared_unit_Hz;corrected_frequency_unit_header;numeric_rows_preserved_from_17f0a758
Results/Touchstone_Files/ANT1377H_P2.s1p,cb6ad74f958da02fe79671647092eb45763ad29491a6e1d9c3cd4ed97f5c30af,8171,touchstone_s1p,canonical_valid,ANT1377H,P2,201,Hz,10000000.0,2000000000.0,cdf0d6d2177655178a943c237ae6dcccd61f89131cdb8ef9a14d6f335044fa97,Legacy GHz header corrected to Hz; numeric rows preserved from 17f0a758.,three_columns_per_data_row;finite_numeric_data;strictly_increasing_frequency;declared_unit_Hz;corrected_frequency_unit_header;numeric_rows_preserved_from_17f0a758
Results/Touchstone_Files/ANT1378H_P1.s1p,1129628555c64ec7f7b345813b91cb176d100da82621b8858d7322826746d255,8185,touchstone_s1p,canonical_valid,ANT1378H,P1,201,Hz,10000000.0,2000000000.0,062ab1c02b828125a255ffd6f42eaa4020d1d49d2de91b19cfda4f08997f36e0,Legacy GHz header corrected to Hz; numeric rows preserved from 17f0a758.,three_columns_per_data_row;finite_numeric_data;strictly_increasing_frequency;declared_unit_Hz;corrected_frequency_unit_header;numeric_rows_preserved_from_17f0a758
Results/Touchstone_Files/ANT1378H_P2.s1p,742ec366174557a805687229667c8ffaf0ed8e5178d6a5b3a8acb641edfccdb9,8173,touchstone_s1p,canonical_valid,ANT1378H,P2,201,Hz,10000000.0,2000000000.0,6c21c1e02f19e6c636d4b8d94433382fc6e124dbb8c7fe21562cb55a91ab0aaf,Legacy GHz header corrected to Hz; numeric rows preserved from 17f0a758.,three_columns_per_data_row;finite_numeric_data;strictly_increasing_frequency;declared_unit_Hz;corrected_frequency_unit_header;numeric_rows_preserved_from_17f0a758
Results/Touchstone_Files/ANT1379H_P1.s1p,7a032b80363bbd2869364c861d937b3e7273ea55433b0271b8ef1bd0bacd1164,8180,touchstone_s1p,canonical_valid,ANT1379H,P1,201,Hz,10000000.0,2000000000.0,f24772ad307eef9407510a267007c83a5d501b81866c4f6ec97e923a0069fc12,Legacy GHz header corrected to Hz; numeric rows preserved from 17f0a758.,three_columns_per_data_row;finite_numeric_data;strictly_increasing_frequency;declared_unit_Hz;corrected_frequency_unit_header;numeric_rows_preserved_from_17f0a758
Results/Touchstone_Files/ANT1379H_P2.s1p,513beb0c1f85b40b46d6db70b7ebeacdfaa959a9c22f17828b7256428fe9e24b,8162,touchstone_s1p,canonical_valid,ANT1379H,P2,201,Hz,10000000.0,2000000000.0,f10cd1a2f37c45b124a2e9ad59bf5b8de046892b9b51e7e167896451e0411f93,Legacy GHz header corrected to Hz; numeric rows preserved from 17f0a758.,three_columns_per_data_row;finite_numeric_data;strictly_increasing_frequency;declared_unit_Hz;corrected_frequency_unit_header;numeric_rows_preserved_from_17f0a758
Results/Touchstone_Files/ANT1380H_P1.s1p,cd725bfa4e5ca47cdf33a01d1041ddd2251a477d4f36062f2db3be8268abe47d,8170,touchstone_s1p,canonical_valid,ANT1380H,P1,201,Hz,10000000.0,2000000000.0,0c62cd44a37daa4daff2bff1df9b5d2f3007d8f95106881224acf95de7cfd52c,Legacy GHz header corrected to Hz; numeric rows preserved from 17f0a758.,three_columns_per_data_row;finite_numeric_data;strictly_increasing_frequency;declared_unit_Hz;corrected_frequency_unit_header;numeric_rows_preserved_from_17f0a758
Results/Touchstone_Files/ANT1380H_P2.s1p,922ffa07dbd49b2695bdfd8c6d8e2d58b8e17c79398a4d7b5371538789481888,8176,touchstone_s1p,canonical_valid,ANT1380H,P2,201,Hz,10000000.0,2000000000.0,c66ac903fcb4756b70783a6972f4e7975818658d7af5577468cdcf7fb59e1ca3,Legacy GHz header corrected to Hz; numeric rows preserved from 17f0a758.,three_columns_per_data_row;finite_numeric_data;strictly_increasing_frequency;declared_unit_Hz;corrected_frequency_unit_header;numeric_rows_preserved_from_17f0a758
Results/Touchstone_Files/ANT1381H_P1.s1p,76361a9bd98626575b2dc7d77964f03b3b4cefedaf6623ef5d6f72038f14ac67,8172,touchstone_s1p,canonical_valid,ANT1381H,P1,201,Hz,10000000.0,2000000000.0,dbc9804016480f09988828f1d9057095eb25ebab6533556099972ff47415882e,Legacy GHz header corrected to Hz; numeric rows preserved from 17f0a758.,three_columns_per_data_row;finite_numeric_data;strictly_increasing_frequency;declared_unit_Hz;corrected_frequency_unit_header;numeric_rows_preserved_from_17f0a758
Results/Touchstone_Files/ANT1381H_P2.s1p,a07c11ff0fdf41541f36bb56c9ac4e7698dbbe413fe00dea655f37e994630f56,8179,touchstone_s1p,canonical_valid,ANT1381H,P2,201,Hz,10000000.0,2000000000.0,b2e58edf8b69fdf4100a7374c13f0e5927c29630cbcbacb8148740e083d766a0,Legacy GHz header corrected to Hz; numeric rows preserved from 17f0a758.,three_columns_per_data_row;finite_numeric_data;strictly_increasing_frequency;declared_unit_Hz;corrected_frequency_unit_header;numeric_rows_preserved_from_17f0a758
Results/Touchstone_Files/ANT1382H_P1.s1p,da22bbbab77b56afb1ea0c17874b470e0165789015a9d621745bfdc7d0ec10f4,8179,touchstone_s1p,canonical_valid,ANT1382H,P1,201,Hz,10000000.0,2000000000.0,0f22c7c38050b4fa8ad35a7c260c5045dbe0e0ab8952b12662692ab0b047583b,Legacy GHz header corrected to Hz; numeric rows preserved from 17f0a758.,three_columns_per_data_row;finite_numeric_data;strictly_increasing_frequency;declared_unit_Hz;corrected_frequency_unit_header;numeric_rows_preserved_from_17f0a758
Results/Touchstone_Files/ANT1382H_P2.s1p,0a85cce02da82870e3148ee67d3d2c61cef3834c53b2b4b8fa74268e279718ca,8167,touchstone_s1p,canonical_valid,ANT1382H,P2,201,Hz,10000000.0,2000000000.0,44ddaa8a65014f29b8a7e963b46a573e6fc8f0212f742588161e7be66de7fa2f,Legacy GHz header corrected to Hz; numeric rows preserved from 17f0a758.,three_columns_per_data_row;finite_numeric_data;strictly_increasing_frequency;declared_unit_Hz;corrected_frequency_unit_header;numeric_rows_preserved_from_17f0a758
Results/Touchstone_Files/ANT1383H_P1.s1p,df1b7000d3c35c53b59f35189b416ad9e4403bdad0a36cafc659f7055e1c7c22,8168,touchstone_s1p,canonical_valid,ANT1383H,P1,201,Hz,10000000.0,2000000000.0,ed576691eab3da8c8d0ebebfd8b176475291cf74a5bba4817b5ee60d127ebeaa,Legacy GHz header corrected to Hz; numeric rows preserved from 17f0a758.,three_columns_per_data_row;finite_numeric_data;strictly_increasing_frequency;declared_unit_Hz;corrected_frequency_unit_header;numeric_rows_preserved_from_17f0a758
Results/Touchstone_Files/ANT1383H_P2.s1p,0936125b19a014b8407a363eeff0590b2cd3c585e4c2a42b0a30a35ad4ecd537,8175,touchstone_s1p,canonical_valid,ANT1383H,P2,201,Hz,10000000.0,2000000000.0,159b2396b591ea998ad468e70667c95a62115984a6c698d957975176c1b40b7d,Legacy GHz header corrected to Hz; numeric rows preserved from 17f0a758.,three_columns_per_data_row;finite_numeric_data;strictly_increasing_frequency;declared_unit_Hz;corrected_frequency_unit_header;numeric_rows_preserved_from_17f0a758
Results/Touchstone_Files/ANT1384H_P1.s1p,67c65dab053d8eb20e5c47e82bdd36bf17cd7f42fa3493743948a404b68622d9,8183,touchstone_s1p,canonical_valid,ANT1384H,P1,201,Hz,10000000.0,2000000000.0,094bef63de40a417bca4b1156abecccaadb9a3b4abedc8e00a49d122ac6fb87d,Legacy GHz header corrected to Hz; numeric rows preserved from 17f0a758.,three_columns_per_data_row;finite_numeric_data;strictly_increasing_frequency;declared_unit_Hz;corrected_frequency_unit_header;numeric_rows_preserved_from_17f0a758
Results/Touchstone_Files/ANT1384H_P2.s1p,3d7291e09420f19b1708f3086b8fd4cc98379138f188e199eb1eda09c93044f3,8182,touchstone_s1p,canonical_valid,ANT1384H,P2,201,Hz,10000000.0,2000000000.0,36b6bb0ba4b5e98440531e90486d1c4474c87bb72cf94872815853330add83dc,Legacy GHz header corrected to Hz; numeric rows preserved from 17f0a758.,three_columns_per_data_row;finite_numeric_data;strictly_increasing_frequency;declared_unit_Hz;corrected_frequency_unit_header;numeric_rows_preserved_from_17f0a758
Results/Touchstone_Files/ANT1385H_P1.s1p,863b7ad71e4cca958cdfdc9518551b21e6a13475539b44188f76c265e98e5f06,8167,touchstone_s1p,canonical_valid,ANT1385H,P1,201,Hz,10000000.0,2000000000.0,e47ec641314ac733faba394b551a868ebc67453c7698eb5219e06423b30c8c34,Legacy GHz header corrected to Hz; numeric rows preserved from 17f0a758.,three_columns_per_data_row;finite_numeric_data;strictly_increasing_frequency;declared_unit_Hz;corrected_frequency_unit_header;numeric_rows_preserved_from_17f0a758
Results/Touchstone_Files/ANT1385H_P2.s1p,ccc783ec2d7f3359289d8b77ee6438fe17480166b2b795bd5bee881fe434b66e,8175,touchstone_s1p,canonical_valid,ANT1385H,P2,201,Hz,10000000.0,2000000000.0,41aa127749bdc50d1787160cabf14c7af074d4beb013dd3a5837cf1835e642dc,Legacy GHz header corrected to Hz; numeric rows preserved from 17f0a758.,three_columns_per_data_row;finite_numeric_data;strictly_increasing_frequency;declared_unit_Hz;corrected_frequency_unit_header;numeric_rows_preserved_from_17f0a758
Results/Touchstone_Files/ANT1386H_P1.s1p,31687a6dec46db6d4c4469ba592b455c5d64c1bc9771c8109386e772cfb9ea83,8169,touchstone_s1p,canonical_valid,ANT1386H,P1,201,Hz,10000000.0,2000000000.0,755acf3b890d117a8bc84a554848ab3032f36600010b2322ba15470e1e1ab6f2,Legacy GHz header corrected to Hz; numeric rows preserved from 17f0a758.,three_columns_per_data_row;finite_numeric_data;strictly_increasing_frequency;declared_unit_Hz;corrected_frequency_unit_header;numeric_rows_preserved_from_17f0a758
Results/Touchstone_Files/ANT1386H_P2.s1p,bcc4d2165313774e7e0a2ed03cd48e864c546289f4f9339f1c44ca90453b19fe,8178,touchstone_s1p,canonical_valid,ANT1386H,P2,201,Hz,10000000.0,2000000000.0,75b764eadebb28bd44841098c33dc241531558091a5c8999506e2e7227fd69f2,Legacy GHz header corrected to Hz; numeric rows preserved from 17f0a758.,three_columns_per_data_row;finite_numeric_data;strictly_increasing_frequency;declared_unit_Hz;corrected_frequency_unit_header;numeric_rows_preserved_from_17f0a758
Results/Touchstone_Files/ANT1387H_P1.s1p,3a01025c27a19d250a8b65603c0c8acc5524078056fba82ba54877c25c1bff02,8178,touchstone_s1p,canonical_valid,ANT1387H,P1,201,Hz,10000000.0,2000000000.0,5d4b3af57cb1a22cfc7bd52f3b1274c46c48c98250e1d8c714b3750baae6a847,Legacy GHz header corrected to Hz; numeric rows preserved from 17f0a758.,three_columns_per_data_row;finite_numeric_data;strictly_increasing_frequency;declared_unit_Hz;corrected_frequency_unit_header;numeric_rows_preserved_from_17f0a758
Results/Touchstone_Files/ANT1387H_P2.s1p,cf4f63004a2e5688c5dd653ebb46b3a49ebe251434c67c2f3a28e9c527d43b8d,8184,touchstone_s1p,canonical_valid,ANT1387H,P2,201,Hz,10000000.0,2000000000.0,d64443943e99ddae986754e557136dc4cc1bb12c6eb47b2006632a5f73054601,Legacy GHz header corrected to Hz; numeric rows preserved from 17f0a758.,three_columns_per_data_row;finite_numeric_data;strictly_increasing_frequency;declared_unit_Hz;corrected_frequency_unit_header;numeric_rows_preserved_from_17f0a758
Results/Touchstone_Files/ANT1388H_P1.s1p,c09ef70fc2fc8d1aad2457c4b4d2a336b1adf54f96b79934ceccab3eeaedee35,8158,touchstone_s1p,canonical_valid,ANT1388H,P1,201,Hz,10000000.0,2000000000.0,c885c7395b522f0fb8daf2fe3eb8590bf701dc3787d98b446adc1f87e16324b9,Legacy GHz header corrected to Hz; numeric rows preserved from 17f0a758.,three_columns_per_data_row;finite_numeric_data;strictly_increasing_frequency;declared_unit_Hz;corrected_frequency_unit_header;numeric_rows_preserved_from_17f0a758
Results/Touchstone_Files/ANT1388H_P2.s1p,485501e5abe4010963a4e88e2509da562b203089c6ad07cad0d31c95a745fb7f,8174,touchstone_s1p,canonical_valid,ANT1388H,P2,201,Hz,10000000.0,2000000000.0,3bc4cd6641537e82b725a8f59385c0ed8ca36474cff48ac5bd0d3212900d0b17,Legacy GHz header corrected to Hz; numeric rows preserved from 17f0a758.,three_columns_per_data_row;finite_numeric_data;strictly_increasing_frequency;declared_unit_Hz;corrected_frequency_unit_header;numeric_rows_preserved_from_17f0a758
Results/Touchstone_Files/ANT1389H_P1.s1p,015ff74f59b10d25fcebd564869612049581943ccc7cc4568e6cf089352957a8,8176,touchstone_s1p,canonical_valid,ANT1389H,P1,201,Hz,10000000.0,2000000000.0,b2643bb5238bdf1c225b8811f0e2ef1159150cc64e3f148ba4073e0d2d093742,Legacy GHz header corrected to Hz; numeric rows preserved from 17f0a758.,three_columns_per_data_row;finite_numeric_data;strictly_increasing_frequency;declared_unit_Hz;corrected_frequency_unit_header;numeric_rows_preserved_from_17f0a758
Results/Touchstone_Files/ANT1389H_P2.s1p,f6cbe2ac1d98d338b5b5c5d7e1a5262372b7812f5d475b6cde78f85b5bf75297,8167,touchstone_s1p,canonical_valid,ANT1389H,P2,201,Hz,10000000.0,2000000000.0,1fb3d3be955e8c3937888beba0dfea1e0bcde6f77869e9cd5fc9934ffb01d218,Legacy GHz header corrected to Hz; numeric rows preserved from 17f0a758.,three_columns_per_data_row;finite_numeric_data;strictly_increasing_frequency;declared_unit_Hz;corrected_frequency_unit_header;numeric_rows_preserved_from_17f0a758
Results/Touchstone_Files/ANT1390H_P1.s1p,122eb7cfd5e09f000a51e1b3b06661c664575ad62f25353cce981ead5bc10d65,8182,touchstone_s1p,canonical_valid,ANT1390H,P1,201,Hz,10000000.0,2000000000.0,d3749cfbf6602a1504c7ea04276eae2a9ae2fdbe444df46c903c355ed46c8d01,Legacy GHz header corrected to Hz; numeric rows preserved from 17f0a758.,three_columns_per_data_row;finite_numeric_data;strictly_increasing_frequency;declared_unit_Hz;corrected_frequency_unit_header;numeric_rows_preserved_from_17f0a758
Results/Touchstone_Files/ANT1390H_P2.s1p,7823348ddb40b4c3cb23672df168c828e3c7e6a43a9d0f0f59e00aad4dd2638e,8170,touchstone_s1p,canonical_valid,ANT1390H,P2,201,Hz,10000000.0,2000000000.0,8d9ae7985e62ab780bb57a9bfa7b4b9b7274ec3d071eb17699e1cf1c33b7f3f2,Legacy GHz header corrected to Hz; numeric rows preserved from 17f0a758.,three_columns_per_data_row;finite_numeric_data;strictly_increasing_frequency;declared_unit_Hz;corrected_frequency_unit_header;numeric_rows_preserved_from_17f0a758
Results/Touchstone_Files/ANT1391H_P1.s1p,bd00126017d01fb82face91b0b267c3a7c7e26ad1ed60bfce000c50a199f6638,8181,touchstone_s1p,canonical_valid,ANT1391H,P1,201,Hz,10000000.0,2000000000.0,9fa62d4a3678c9de22c3ba7aa19ea548f3b85be2292f2fcb4a4264887a110acb,Legacy GHz header corrected to Hz; numeric rows preserved from 17f0a758.,three_columns_per_data_row;finite_numeric_data;strictly_increasing_frequency;declared_unit_Hz;corrected_frequency_unit_header;numeric_rows_preserved_from_17f0a758
Results/Touchstone_Files/ANT1391H_P2.s1p,4c90b6504e2e44c3216c099d21bd325d817848e4b55996cb2b401c7c7a1db1ce,8183,touchstone_s1p,canonical_valid,ANT1391H,P2,201,Hz,10000000.0,2000000000.0,40ec1c70044199ec33fa2c43bc143542f86a285c4bff50679c7926f76dd0f2c1,Legacy GHz header corrected to Hz; numeric rows preserved from 17f0a758.,three_columns_per_data_row;finite_numeric_data;strictly_increasing_frequency;declared_unit_Hz;corrected_frequency_unit_header;numeric_rows_preserved_from_17f0a758
Results/Touchstone_Files/ANT1392H_P1.s1p,0b5f175ea6dc9f30f8df0a97e6cf797c10bf72419a726527f2eba173e79b129f,8174,touchstone_s1p,canonical_valid,ANT1392H,P1,201,Hz,10000000.0,2000000000.0,09abb5667e8a6c9c1f0a12956a76966eab33d01a642c34a4a4355a9caa40d9ba,Legacy GHz header corrected to Hz; numeric rows preserved from 17f0a758.,three_columns_per_data_row;finite_numeric_data;strictly_increasing_frequency;declared_unit_Hz;corrected_frequency_unit_header;numeric_rows_preserved_from_17f0a758
Results/Touchstone_Files/ANT1392H_P2.s1p,14a54a98114f1bab94f9dc28bfdbe0460d4e84036005c51d2c2808d0f90e55ab,8165,touchstone_s1p,canonical_valid,ANT1392H,P2,201,Hz,10000000.0,2000000000.0,603386c07ce25959cc7bf9ef0b41041d77a8d802268509ab7c433c786d165ea9,Legacy GHz header corrected to Hz; numeric rows preserved from 17f0a758.,three_columns_per_data_row;finite_numeric_data;strictly_increasing_frequency;declared_unit_Hz;corrected_frequency_unit_header;numeric_rows_preserved_from_17f0a758
Results/Touchstone_Files/ANT1393H_P1.s1p,6c6b4eafe65cdea851fae1098e2a82e952479ee510517ec3ba43761ceda00c2e,8167,touchstone_s1p,canonical_valid,ANT1393H,P1,201,Hz,10000000.0,2000000000.0,ffe89719521d9383ed03dac1d06b583f1e56ca3be09c60cd66c9061b87db0abf,Legacy GHz header corrected to Hz; numeric rows preserved from 17f0a758.,three_columns_per_data_row;finite_numeric_data;strictly_increasing_frequency;declared_unit_Hz;corrected_frequency_unit_header;numeric_rows_preserved_from_17f0a758
Results/Touchstone_Files/ANT1393H_P2.s1p,c055d147486cacdc07527320b0954560574bbb230381efee97ffe921622bfd9c,8174,touchstone_s1p,canonical_valid,ANT1393H,P2,201,Hz,10000000.0,2000000000.0,f72b2b79d8d8a97f03eacc115d6b3e2f59c13a1f814f8f21adf4169fb9bc51b3,Legacy GHz header corrected to Hz; numeric rows preserved from 17f0a758.,three_columns_per_data_row;finite_numeric_data;strictly_increasing_frequency;declared_unit_Hz;corrected_frequency_unit_header;numeric_rows_preserved_from_17f0a758
Results/Touchstone_Files/ANT1394H_P1.s1p,3e1e8ef0ff87adb80a26ace00b0e416af57defa91117d59f959940fc8eaee17b,8181,touchstone_s1p,canonical_valid,ANT1394H,P1,201,Hz,10000000.0,2000000000.0,a3172424b2d9378f2326b163d08ce48e127b07dd875bc78dda33b17873dba277,Legacy GHz header corrected to Hz; numeric rows preserved from 17f0a758.,three_columns_per_data_row;finite_numeric_data;strictly_increasing_frequency;declared_unit_Hz;corrected_frequency_unit_header;numeric_rows_preserved_from_17f0a758
Results/Touchstone_Files/ANT1394H_P2.s1p,0ecc1cb4bac446ba66e223c82a1508ee5c562764a3a6c9b2d8c81b7a651a35d3,8189,touchstone_s1p,canonical_valid,ANT1394H,P2,201,Hz,10000000.0,2000000000.0,8d9c2f0e3ca9390fa9f1bc325b387b8f3d9f3caf7d8f59095e7b4b992d54f1b3,Legacy GHz header corrected to Hz; numeric rows preserved from 17f0a758.,three_columns_per_data_row;finite_numeric_data;strictly_increasing_frequency;declared_unit_Hz;corrected_frequency_unit_header;numeric_rows_preserved_from_17f0a758
Results/Touchstone_Files/ANT1395H_P1.s1p,a3876ee38938c55cb48dac5a2cc1277c5ab79d43f4728c914d138c40305a4fa1,8169,touchstone_s1p,canonical_valid,ANT1395H,P1,201,Hz,10000000.0,2000000000.0,88f213aeafbf1fbb25c3de3dc5d338411aa415f7bcfefb5938683f567f47722c,Legacy GHz header corrected to Hz; numeric rows preserved from 17f0a758.,three_columns_per_data_row;finite_numeric_data;strictly_increasing_frequency;declared_unit_Hz;corrected_frequency_unit_header;numeric_rows_preserved_from_17f0a758
Results/Touchstone_Files/ANT1395H_P2.s1p,fd70cdb394661fd04226ee385e770cc79a408f8a3a9a0d86584588c2e65e75ed,8171,touchstone_s1p,canonical_valid,ANT1395H,P2,201,Hz,10000000.0,2000000000.0,9741d31acd76d61755cdb28dcfee2a9aae666131673b4c96f86aea5a6f2f1a7f,Legacy GHz header corrected to Hz; numeric rows preserved from 17f0a758.,three_columns_per_data_row;finite_numeric_data;strictly_increasing_frequency;declared_unit_Hz;corrected_frequency_unit_header;numeric_rows_preserved_from_17f0a758
Results/Touchstone_Files/ANT1396H_P1.s1p,96ed009faded98341c2286af41b36e5852c82caf912e7cd524b0269453ed8bc1,8154,touchstone_s1p,canonical_valid,ANT1396H,P1,201,Hz,10000000.0,2000000000.0,4d726648e666feeb2303a9236ae1989e01d1d2c9b895c98eadccac5f46f84ce6,Legacy GHz header corrected to Hz; numeric rows preserved from 17f0a758.,three_columns_per_data_row;finite_numeric_data;strictly_increasing_frequency;declared_unit_Hz;corrected_frequency_unit_header;numeric_rows_preserved_from_17f0a758
Results/Touchstone_Files/ANT1396H_P2.s1p,931115015c0cbd3852506481de40d2e0dc87dfb89e98e1d8c4ae61bbbc136d7a,8161,touchstone_s1p,canonical_valid,ANT1396H,P2,201,Hz,10000000.0,2000000000.0,4072f8eaa6ee7964c14253a07df41031c71f9908d185038e2558fcf7e4cbcc39,Legacy GHz header corrected to Hz; numeric rows preserved from 17f0a758.,three_columns_per_data_row;finite_numeric_data;strictly_increasing_frequency;declared_unit_Hz;corrected_frequency_unit_header;numeric_rows_preserved_from_17f0a758
Results/Touchstone_Files/ANT1397H_P1.s1p,55fa4c71293918118650b7c592bc849b3ae51894a0828738507633536bb47d81,8174,touchstone_s1p,canonical_valid,ANT1397H,P1,201,Hz,10000000.0,2000000000.0,0483f8d47088df23e121399da2e1f513f3d6ee86f4c4a70bc959f02350bcef7a,Legacy GHz header corrected to Hz; numeric rows preserved from 17f0a758.,three_columns_per_data_row;finite_numeric_data;strictly_increasing_frequency;declared_unit_Hz;corrected_frequency_unit_header;numeric_rows_preserved_from_17f0a758
Results/Touchstone_Files/ANT1397H_P2.s1p,68575bf6e46b54749fc3b0d68cee3dcabfbff0c10b9c6df4cb1a10e155f11571,8183,touchstone_s1p,canonical_valid,ANT1397H,P2,201,Hz,10000000.0,2000000000.0,465485cd1256aa7663fc0befab7eb177673258761894128246b03cff7615221c,Legacy GHz header corrected to Hz; numeric rows preserved from 17f0a758.,three_columns_per_data_row;finite_numeric_data;strictly_increasing_frequency;declared_unit_Hz;corrected_frequency_unit_header;numeric_rows_preserved_from_17f0a758
Results/Touchstone_Files/ANT1398H_P1.s1p,03377565558a9cddc74f38ef8b8dd164caf34903359f63e50208a9b8fb3e3924,8184,touchstone_s1p,canonical_valid,ANT1398H,P1,201,Hz,10000000.0,2000000000.0,7c1ee86a80b28e1e88ac37cd9a48bb772c57954d07301ef8efb5feb0569a0862,Legacy GHz header corrected to Hz; numeric rows preserved from 17f0a758.,three_columns_per_data_row;finite_numeric_data;strictly_increasing_frequency;declared_unit_Hz;corrected_frequency_unit_header;numeric_rows_preserved_from_17f0a758
Results/Touchstone_Files/ANT1398H_P2.s1p,a9cada2a3350698d246c1676d563aa429e155a877a43c38529416a41a0a4e51e,8177,touchstone_s1p,canonical_valid,ANT1398H,P2,201,Hz,10000000.0,2000000000.0,a5d308576c4b6b9e07e88c432ec9f0ef6fff262811561abf2545a5c2293e1053,Legacy GHz header corrected to Hz; numeric rows preserved from 17f0a758.,three_columns_per_data_row;finite_numeric_data;strictly_increasing_frequency;declared_unit_Hz;corrected_frequency_unit_header;numeric_rows_preserved_from_17f0a758
Results/Touchstone_Files/ANT1399H_P1.s1p,770749dfdb77011204a0d11f8082bf0803713a536e08a03e10c9d46c84152dcf,8164,touchstone_s1p,canonical_valid,ANT1399H,P1,201,Hz,10000000.0,2000000000.0,0a8a88d136c0ac565e7334efd0973502b0138e2f63df4d44522b1b89444c3cba,Legacy GHz header corrected to Hz; numeric rows preserved from 17f0a758.,three_columns_per_data_row;finite_numeric_data;strictly_increasing_frequency;declared_unit_Hz;corrected_frequency_unit_header;numeric_rows_preserved_from_17f0a758
Results/Touchstone_Files/ANT1399H_P2.s1p,9940f1f1eab2997bc0ecd3944aa0683d4ffef5dcf99acc68e7bfcfca4d462a7f,8177,touchstone_s1p,canonical_valid,ANT1399H,P2,201,Hz,10000000.0,2000000000.0,54788a266c29ddad0a96ef2926367c22da211b95a1b6cfe742d1bbc7be94f6f3,Legacy GHz header corrected to Hz; numeric rows preserved from 17f0a758.,three_columns_per_data_row;finite_numeric_data;strictly_increasing_frequency;declared_unit_Hz;corrected_frequency_unit_header;numeric_rows_preserved_from_17f0a758
Results/Touchstone_Files/ANT1400H_P1.s1p,57ee1464b0a619d76d8f13e6a6a72a4570cde3930834f7140eb5de9ad3eb532a,8186,touchstone_s1p,canonical_valid,ANT1400H,P1,201,Hz,10000000.0,2000000000.0,7ebee4d5f35787a2ee9f774357d4cd26e2fa79ff8119fe4a1848886fe6569632,Legacy GHz header corrected to Hz; numeric rows preserved from 17f0a758.,three_columns_per_data_row;finite_numeric_data;strictly_increasing_frequency;declared_unit_Hz;corrected_frequency_unit_header;numeric_rows_preserved_from_17f0a758
Results/Touchstone_Files/ANT1400H_P2.s1p,0120080b099738f7ec62c6cf759af8aaf9140801636282d8c3397bc87c74c3b5,8181,touchstone_s1p,canonical_valid,ANT1400H,P2,201,Hz,10000000.0,2000000000.0,48cf386a16f2eb4ea3b59b4f0eb1bb50d0bfcf1ea4c7e78fbbbe68ac7be03414,Legacy GHz header corrected to Hz; numeric rows preserved from 17f0a758.,three_columns_per_data_row;finite_numeric_data;strictly_increasing_frequency;declared_unit_Hz;corrected_frequency_unit_header;numeric_rows_preserved_from_17f0a758
Results/Touchstone_Files/ANT1401H_P1.s1p,403f48e7062e23d4cdc7239b5cd6b401ae50b9d1603675b5e3fe97af102ab5c2,8175,touchstone_s1p,canonical_valid,ANT1401H,P1,201,Hz,10000000.0,2000000000.0,aca592e318f60fa2b5e0c444ab6d2467aba40c2db872a62fc22dda2b22d16e59,Legacy GHz header corrected to Hz; numeric rows preserved from 17f0a758.,three_columns_per_data_row;finite_numeric_data;strictly_increasing_frequency;declared_unit_Hz;corrected_frequency_unit_header;numeric_rows_preserved_from_17f0a758
Results/Touchstone_Files/ANT1401H_P2.s1p,f03a2a3bdc14a28424a5aba21e63770a86303668ecf036b1362a7d7ecc42598a,8171,touchstone_s1p,canonical_valid,ANT1401H,P2,201,Hz,10000000.0,2000000000.0,fdd35df05c15d2d4e9681d40c0223ca55a69314254f00c20c13fa7cef75810a2,Legacy GHz header corrected to Hz; numeric rows preserved from 17f0a758.,three_columns_per_data_row;finite_numeric_data;strictly_increasing_frequency;declared_unit_Hz;corrected_frequency_unit_header;numeric_rows_preserved_from_17f0a758
Results/Touchstone_Files/ANT1402H_P1.s1p,2cc54cbea627e08f9b2ba430d2a45c03b5a3cca3cdd5543ed914cdb06ce6fb67,8186,touchstone_s1p,canonical_valid,ANT1402H,P1,201,Hz,10000000.0,2000000000.0,910f8a4dc2623742cca424cdb99262f3aae79deb6306b1c85b3b0aa7ca59b447,Legacy GHz header corrected to Hz; numeric rows preserved from 17f0a758.,three_columns_per_data_row;finite_numeric_data;strictly_increasing_frequency;declared_unit_Hz;corrected_frequency_unit_header;numeric_rows_preserved_from_17f0a758
Results/Touchstone_Files/ANT1402H_P2.s1p,326b18479cbc7c3a68427788dd59118fd8a03aefc86d4b30f3bb3cb792a20ba4,8171,touchstone_s1p,canonical_valid,ANT1402H,P2,201,Hz,10000000.0,2000000000.0,440f043344f87421386c32f3b21825753fcb3a6475e6e1ec91f03ea73b207adf,Legacy GHz header corrected to Hz; numeric rows preserved from 17f0a758.,three_columns_per_data_row;finite_numeric_data;strictly_increasing_frequency;declared_unit_Hz;corrected_frequency_unit_header;numeric_rows_preserved_from_17f0a758
Results/Touchstone_Files/ANT1403H_P1.s1p,43a3ccd9f28a694cfb278c94016add64f58a0bc0c6608a96c3693d4bd2486082,8165,touchstone_s1p,canonical_valid,ANT1403H,P1,201,Hz,10000000.0,2000000000.0,9aab02ffcfd7c0e956ee66c7d5b55de8a4fb912291561035922ac1d7faa46e87,Legacy GHz header corrected to Hz; numeric rows preserved from 17f0a758.,three_columns_per_data_row;finite_numeric_data;strictly_increasing_frequency;declared_unit_Hz;corrected_frequency_unit_header;numeric_rows_preserved_from_17f0a758
Results/Touchstone_Files/ANT1403H_P2.s1p,f115ec603095ed19a1dddee2371c14ac00224b9eca4c15f95249a4a17c4eedc2,8167,touchstone_s1p,canonical_valid,ANT1403H,P2,201,Hz,10000000.0,2000000000.0,dbc613e90c709146cb17fa51cf6c14ec29b5a8c7b22bc4a0252b676d01dd4a73,Legacy GHz header corrected to Hz; numeric rows preserved from 17f0a758.,three_columns_per_data_row;finite_numeric_data;strictly_increasing_frequency;declared_unit_Hz;corrected_frequency_unit_header;numeric_rows_preserved_from_17f0a758
Results/Touchstone_Files/ANT1404H_P1.s1p,a0bdc9b6fac8a27f229bb0005aa8a870cd3af6a59a63b4367b131efe74521406,8169,touchstone_s1p,canonical_valid,ANT1404H,P1,201,Hz,10000000.0,2000000000.0,2c491ef2be2a98c2e43397dc071c8f4ab1930b7e13791a7e7e1b48d15b6159e3,Legacy GHz header corrected to Hz; numeric rows preserved from 17f0a758.,three_columns_per_data_row;finite_numeric_data;strictly_increasing_frequency;declared_unit_Hz;corrected_frequency_unit_header;numeric_rows_preserved_from_17f0a758
Results/Touchstone_Files/ANT1404H_P2.s1p,b7ac1a4b3ddc493a8a12c6559b2b37ec53ffb1a4d9185965e8a52338387c5617,8170,touchstone_s1p,canonical_valid,ANT1404H,P2,201,Hz,10000000.0,2000000000.0,5d8f0a7aade70b97725ed154da1872ee21dd697500996670a90064223e0a92b2,Legacy GHz header corrected to Hz; numeric rows preserved from 17f0a758.,three_columns_per_data_row;finite_numeric_data;strictly_increasing_frequency;declared_unit_Hz;corrected_frequency_unit_header;numeric_rows_preserved_from_17f0a758
Results/Touchstone_Files/ANT1405H_P1.s1p,b29a8c06c671913f691542d1ce97c47b1affb33e7c8779ab31a0e9424a14642c,8176,touchstone_s1p,canonical_valid,ANT1405H,P1,201,Hz,10000000.0,2000000000.0,55a7d193ef311d3d385db7b9a7d8d7f3bb52d5684cfa6a33835583ac3868ce4d,Legacy GHz header corrected to Hz; numeric rows preserved from 17f0a758.,three_columns_per_data_row;finite_numeric_data;strictly_increasing_frequency;declared_unit_Hz;corrected_frequency_unit_header;numeric_rows_preserved_from_17f0a758
Results/Touchstone_Files/ANT1405H_P2.s1p,04c9d99f099f9fbf8d5516fb67001e236ce11d1ea22d86057f8c64574410dc1b,8168,touchstone_s1p,canonical_valid,ANT1405H,P2,201,Hz,10000000.0,2000000000.0,0a7bfd2c3b643a6fae81fb14014769feb4c34c48bd8a51b603e388d376e22926,Legacy GHz header corrected to Hz; numeric rows preserved from 17f0a758.,three_columns_per_data_row;finite_numeric_data;strictly_increasing_frequency;declared_unit_Hz;corrected_frequency_unit_header;numeric_rows_preserved_from_17f0a758
Results/Touchstone_Files/ANT1406H_P1.s1p,e7833948c90a33919e4c48b68be145f49cbd3b6e9ba2a060c17847cc64d9df15,8178,touchstone_s1p,canonical_valid,ANT1406H,P1,201,Hz,10000000.0,2000000000.0,66ab1f8bcf8ff2571a337fd482aab4a439d242af41037ea12e88d67c3b2f7c40,Legacy GHz header corrected to Hz; numeric rows preserved from 17f0a758.,three_columns_per_data_row;finite_numeric_data;strictly_increasing_frequency;declared_unit_Hz;corrected_frequency_unit_header;numeric_rows_preserved_from_17f0a758
Results/Touchstone_Files/ANT1406H_P2.s1p,993cfbb233306fecbce9b3f0877e253586a5eaa9b4dddfc95e300a48c4b9d7da,8175,touchstone_s1p,canonical_valid,ANT1406H,P2,201,Hz,10000000.0,2000000000.0,28fe1d66ee4858e306c195efe3c72181b88be62e9fdfba109bec822893757bbb,Legacy GHz header corrected to Hz; numeric rows preserved from 17f0a758.,three_columns_per_data_row;finite_numeric_data;strictly_increasing_frequency;declared_unit_Hz;corrected_frequency_unit_header;numeric_rows_preserved_from_17f0a758
Results/Touchstone_Files/ANT1407H_P1.s1p,1112116ca2eb449a061551a20e7d5ef52170f987a80a2b7dab25366aeac13925,8170,touchstone_s1p,canonical_valid,ANT1407H,P1,201,Hz,10000000.0,2000000000.0,794218eb50e227cb31aaae65e58400a64379cd9ddc3a002500087922df158459,Legacy GHz header corrected to Hz; numeric rows preserved from 17f0a758.,three_columns_per_data_row;finite_numeric_data;strictly_increasing_frequency;declared_unit_Hz;corrected_frequency_unit_header;numeric_rows_preserved_from_17f0a758
Results/Touchstone_Files/ANT1407H_P2.s1p,e8a7929fbf4d0da6ddeb03f21af240d71ab1e693feca62ebfd8f950eed901df2,8174,touchstone_s1p,canonical_valid,ANT1407H,P2,201,Hz,10000000.0,2000000000.0,f70b9be8a486b02f8d66f7691d6cdca53b2c43d064bdd0433f486915f2604bdf,Legacy GHz header corrected to Hz; numeric rows preserved from 17f0a758.,three_columns_per_data_row;finite_numeric_data;strictly_increasing_frequency;declared_unit_Hz;corrected_frequency_unit_header;numeric_rows_preserved_from_17f0a758
Results/Touchstone_Files/ANT1408H_P1.s1p,aed84ed8a908cc6d0cd27fa9cff232dc0a95aaae34e50780f62a5b813f2251fd,8177,touchstone_s1p,canonical_valid,ANT1408H,P1,201,Hz,10000000.0,2000000000.0,ae6c8852b23d1db59222ed77e747e4cb742dff8daa25549291156ced26c7ed78,Legacy GHz header corrected to Hz; numeric rows preserved from 17f0a758.,three_columns_per_data_row;finite_numeric_data;strictly_increasing_frequency;declared_unit_Hz;corrected_frequency_unit_header;numeric_rows_preserved_from_17f0a758
Results/Touchstone_Files/ANT1408H_P2.s1p,59d6ce8f5f8f62cde3e2330ac0021d03e741a40ab0524ca6dd63d3a0be8b615e,8159,touchstone_s1p,canonical_valid,ANT1408H,P2,201,Hz,10000000.0,2000000000.0,aee6c568f457ae06a8d3f7ce3f06739793d5d87366b93f3ce81a43419bc2674e,Legacy GHz header corrected to Hz; numeric rows preserved from 17f0a758.,three_columns_per_data_row;finite_numeric_data;strictly_increasing_frequency;declared_unit_Hz;corrected_frequency_unit_header;numeric_rows_preserved_from_17f0a758
Results/Touchstone_Files/ANT1409H_P1.s1p,c2fafc01e0bb54320ec7c7ea5caa8159667a6b8347b93ae9c18159ddd8e6e5fe,8172,touchstone_s1p,canonical_valid,ANT1409H,P1,201,Hz,10000000.0,2000000000.0,45475ac618bf9c5f763d1588ae3708db5fc754763c1ed8e800e08a229c56988d,Legacy GHz header corrected to Hz; numeric rows preserved from 17f0a758.,three_columns_per_data_row;finite_numeric_data;strictly_increasing_frequency;declared_unit_Hz;corrected_frequency_unit_header;numeric_rows_preserved_from_17f0a758
Results/Touchstone_Files/ANT1409H_P2.s1p,a8eddaa3137a10c1f0dc83641e2a44a6a255cb75dc8fe9b852c9e9d1356a255e,8172,touchstone_s1p,canonical_valid,ANT1409H,P2,201,Hz,10000000.0,2000000000.0,f96f1b21ef73df4f202cee0eae90eee5ec00b7ac8dc64002e9264d2726f73800,Legacy GHz header corrected to Hz; numeric rows preserved from 17f0a758.,three_columns_per_data_row;finite_numeric_data;strictly_increasing_frequency;declared_unit_Hz;corrected_frequency_unit_header;numeric_rows_preserved_from_17f0a758
Results/Touchstone_Files/ANT1410H_P1.s1p,e85de79b1e86123476b18207e44cd7a3e352562550fdb1a53ce740ae48e441ce,8173,touchstone_s1p,canonical_valid,ANT1410H,P1,201,Hz,10000000.0,2000000000.0,d85b16b038fd6619bfeac3b10f0d87237839a1aefd8b8232585d4c36fb8fed35,Legacy GHz header corrected to Hz; numeric rows preserved from 17f0a758.,three_columns_per_data_row;finite_numeric_data;strictly_increasing_frequency;declared_unit_Hz;corrected_frequency_unit_header;numeric_rows_preserved_from_17f0a758
Results/Touchstone_Files/ANT1410H_P2.s1p,b0f9b4c89bea906b87569cdd8351c99e5b714c8532f30348275394f643d79e6a,8188,touchstone_s1p,canonical_valid,ANT1410H,P2,201,Hz,10000000.0,2000000000.0,5dd80adc220959bfdd15212ed2c0e3aec702b6b79e79d2d6b1367b519cc053ab,Legacy GHz header corrected to Hz; numeric rows preserved from 17f0a758.,three_columns_per_data_row;finite_numeric_data;strictly_increasing_frequency;declared_unit_Hz;corrected_frequency_unit_header;numeric_rows_preserved_from_17f0a758
Results/Touchstone_Files/ANT1411H_P1.s1p,856372d4b0a81a01d47132f1078fd712bfe66fb382326e5314506fcb907ab704,8181,touchstone_s1p,canonical_valid,ANT1411H,P1,201,Hz,10000000.0,2000000000.0,1f28be68b1e3baefb1bba41c08ddb1cd293d24b4a5c6ec7a48692af5c8ab6246,Legacy GHz header corrected to Hz; numeric rows preserved from 17f0a758.,three_columns_per_data_row;finite_numeric_data;strictly_increasing_frequency;declared_unit_Hz;corrected_frequency_unit_header;numeric_rows_preserved_from_17f0a758
Results/Touchstone_Files/ANT1411H_P2.s1p,66852ea64f5da0bebed067eedc51c0f80e4548901c999e96860c7bbc776a4327,8165,touchstone_s1p,canonical_valid,ANT1411H,P2,201,Hz,10000000.0,2000000000.0,357980687a8968af86d7b738c0dba01afee191aaf8b5aba4438ccf336c068a3f,Legacy GHz header corrected to Hz; numeric rows preserved from 17f0a758.,three_columns_per_data_row;finite_numeric_data;strictly_increasing_frequency;declared_unit_Hz;corrected_frequency_unit_header;numeric_rows_preserved_from_17f0a758
Results/Touchstone_Files/ANT1412H_P1.s1p,5f3b80e4f77db0eec30803cf9fcbc267d1c3ff4906493d6709bc43be76693e07,8173,touchstone_s1p,canonical_valid,ANT1412H,P1,201,Hz,10000000.0,2000000000.0,c990d0dab7cd7231b692fa34ee8c21eca7dfc1512219fc78410f0850b0f6f8c7,Legacy GHz header corrected to Hz; numeric rows preserved from 17f0a758.,three_columns_per_data_row;finite_numeric_data;strictly_increasing_frequency;declared_unit_Hz;corrected_frequency_unit_header;numeric_rows_preserved_from_17f0a758
Results/Touchstone_Files/ANT1412H_P2.s1p,ded0d2f3836ab9ce4ea456b560ae867dd6b193eb8ca7d714cb89186c0b545829,8177,touchstone_s1p,canonical_valid,ANT1412H,P2,201,Hz,10000000.0,2000000000.0,24a5249d38cfc7de521905e90758eda109a52e663c63237ee8fd3105f40ff8c7,Legacy GHz header corrected to Hz; numeric rows preserved from 17f0a758.,three_columns_per_data_row;finite_numeric_data;strictly_increasing_frequency;declared_unit_Hz;corrected_frequency_unit_header;numeric_rows_preserved_from_17f0a758
Results/Touchstone_Files/ANT1413H_P1.s1p,c658d244c2d96ac6d9b412efab2b0f3b5c8f304976df81bc29f0f6bcf89d6564,8172,touchstone_s1p,canonical_valid,ANT1413H,P1,201,Hz,10000000.0,2000000000.0,99f0025716d7c5925093cf5c501ab1f1f94eb41b83ceb1948c6c11a8bf19e13c,Legacy GHz header corrected to Hz; numeric rows preserved from 17f0a758.,three_columns_per_data_row;finite_numeric_data;strictly_increasing_frequency;declared_unit_Hz;corrected_frequency_unit_header;numeric_rows_preserved_from_17f0a758
Results/Touchstone_Files/ANT1413H_P2.s1p,df2af3e3d52855562c9c9f820e4ec9f919f0b3e36f7608ea99e225e05801c7a8,8168,touchstone_s1p,canonical_valid,ANT1413H,P2,201,Hz,10000000.0,2000000000.0,eae6576daed03b32a596ee50db6c00254cd7aaefcd59cb751c75a9be2d112bab,Legacy GHz header corrected to Hz; numeric rows preserved from 17f0a758.,three_columns_per_data_row;finite_numeric_data;strictly_increasing_frequency;declared_unit_Hz;corrected_frequency_unit_header;numeric_rows_preserved_from_17f0a758
Results/Touchstone_Files/ANT1414H_P1.s1p,4c82afc236a99b4ca3653913bb0f121b46fa5f6a678b6bc38644a975994e0616,8185,touchstone_s1p,canonical_valid,ANT1414H,P1,201,Hz,10000000.0,2000000000.0,12d2b86f59d17ed83f81d9912ed8895789f4bf40e4373bfb974c7f722f5b2403,Legacy GHz header corrected to Hz; numeric rows preserved from 17f0a758.,three_columns_per_data_row;finite_numeric_data;strictly_increasing_frequency;declared_unit_Hz;corrected_frequency_unit_header;numeric_rows_preserved_from_17f0a758
Results/Touchstone_Files/ANT1414H_P2.s1p,1c0ccaefe6662e51e329da493d2414c26b92bda2a594f8d1495732e4eff3fbb2,8173,touchstone_s1p,canonical_valid,ANT1414H,P2,201,Hz,10000000.0,2000000000.0,a9da68e09cbe7c75bbd8fef63a1a41790e4d9deadbd3a1d01d220b8f11706334,Legacy GHz header corrected to Hz; numeric rows preserved from 17f0a758.,three_columns_per_data_row;finite_numeric_data;strictly_increasing_frequency;declared_unit_Hz;corrected_frequency_unit_header;numeric_rows_preserved_from_17f0a758
Results/Touchstone_Files/ANT1415H_P1.s1p,a82b72f99f457d3fe13a68ebac5b320ca4eb0220c1d1ec9e9862ec56a5b63b23,8174,touchstone_s1p,canonical_valid,ANT1415H,P1,201,Hz,10000000.0,2000000000.0,98c0236eacf7909051a9fd77bbdb21a870788d0e13fcaf4c398a24e2f6368605,Legacy GHz header corrected to Hz; numeric rows preserved from 17f0a758.,three_columns_per_data_row;finite_numeric_data;strictly_increasing_frequency;declared_unit_Hz;corrected_frequency_unit_header;numeric_rows_preserved_from_17f0a758
Results/Touchstone_Files/ANT1415H_P2.s1p,76619071d5b5b4a6ef70feb88d19a75aa24ec882a05673634d31d9994a657790,8164,touchstone_s1p,canonical_valid,ANT1415H,P2,201,Hz,10000000.0,2000000000.0,f150a0ded3927b6dae7d191247a263027b23efa7e32573639f03da29fa847418,Legacy GHz header corrected to Hz; numeric rows preserved from 17f0a758.,three_columns_per_data_row;finite_numeric_data;strictly_increasing_frequency;declared_unit_Hz;corrected_frequency_unit_header;numeric_rows_preserved_from_17f0a758
Results/Touchstone_Files/ANT1416H_P1.s1p,6da1ccc3e87c9453f6a4d97b56398c8473787fedec9a0c21b614c54f6eee6e64,8190,touchstone_s1p,canonical_valid,ANT1416H,P1,201,Hz,10000000.0,2000000000.0,ae84c3451ee38cf26ba44d25be2807536aade1c3d9dc0efaad3bf87c2a09c406,Legacy GHz header corrected to Hz; numeric rows preserved from 17f0a758.,three_columns_per_data_row;finite_numeric_data;strictly_increasing_frequency;declared_unit_Hz;corrected_frequency_unit_header;numeric_rows_preserved_from_17f0a758
Results/Touchstone_Files/ANT1416H_P2.s1p,075ad6d73de558aae1af9217a5c57fc00cd7bca4576392d02408e2eb80239d3b,8196,touchstone_s1p,canonical_valid,ANT1416H,P2,201,Hz,10000000.0,2000000000.0,e90e8927f1b5a3deee7bde5e37e549140aaf1ce62e39ca83b0d2448b9e72f75c,Legacy GHz header corrected to Hz; numeric rows preserved from 17f0a758.,three_columns_per_data_row;finite_numeric_data;strictly_increasing_frequency;declared_unit_Hz;corrected_frequency_unit_header;numeric_rows_preserved_from_17f0a758
Results/Touchstone_Files/ANT1417H_P1.s1p,ae3059f7877df39de6c00df2869cbb5afa89ffcb5856598f5ca0d3dd4079d5b0,8184,touchstone_s1p,canonical_valid,ANT1417H,P1,201,Hz,10000000.0,2000000000.0,7cbb6f6d4bea1f9e5804e92df5a68fffb46451882d3ae53192b3eb973cfcd307,Legacy GHz header corrected to Hz; numeric rows preserved from 17f0a758.,three_columns_per_data_row;finite_numeric_data;strictly_increasing_frequency;declared_unit_Hz;corrected_frequency_unit_header;numeric_rows_preserved_from_17f0a758
Results/Touchstone_Files/ANT1417H_P2.s1p,c211284557cdc45eb7321d58b4ca507146b4dc4b0b708785e4bdff9ea0f2a4f3,8166,touchstone_s1p,canonical_valid,ANT1417H,P2,201,Hz,10000000.0,2000000000.0,8eccd193a1421030b2a30f210f009d497fb6f4e19c0fa097986a2f545b1257e5,Legacy GHz header corrected to Hz; numeric rows preserved from 17f0a758.,three_columns_per_data_row;finite_numeric_data;strictly_increasing_frequency;declared_unit_Hz;corrected_frequency_unit_header;numeric_rows_preserved_from_17f0a758
Results/Touchstone_Files/ANT1418H_P1.s1p,87bcedc7499f0c78a56669e80fdabe40c6306354b0b54f4ff8b9764d7bb1ab50,8190,touchstone_s1p,canonical_valid,ANT1418H,P1,201,Hz,10000000.0,2000000000.0,67b5872f65d7835132757d9eaf1611636fc0eaa41fda982b470415e5fde0243a,Legacy GHz header corrected to Hz; numeric rows preserved from 17f0a758.,three_columns_per_data_row;finite_numeric_data;strictly_increasing_frequency;declared_unit_Hz;corrected_frequency_unit_header;numeric_rows_preserved_from_17f0a758
Results/Touchstone_Files/ANT1418H_P2.s1p,d1a314e6e4a52a712408d753136d3bc788e948ab9c6988498d931536fab5e049,8191,touchstone_s1p,canonical_valid,ANT1418H,P2,201,Hz,10000000.0,2000000000.0,17a1619b5fb7ab7867c7a1e011aabbdd21fec52cb61169d5a1b7d2386216671c,Legacy GHz header corrected to Hz; numeric rows preserved from 17f0a758.,three_columns_per_data_row;finite_numeric_data;strictly_increasing_frequency;declared_unit_Hz;corrected_frequency_unit_header;numeric_rows_preserved_from_17f0a758
Results/Touchstone_Files/ANT1419H_P1.s1p,f0174b7588b285a1355b419ba9f53797c4dc98a39f443e6b95505ed05ee2e6f0,8170,touchstone_s1p,canonical_valid,ANT1419H,P1,201,Hz,10000000.0,2000000000.0,89ed5fd78bc06de94d12b807dec4d87fb168492d1a7611b1db9a28c7686d446f,Legacy GHz header corrected to Hz; numeric rows preserved from 17f0a758.,three_columns_per_data_row;finite_numeric_data;strictly_increasing_frequency;declared_unit_Hz;corrected_frequency_unit_header;numeric_rows_preserved_from_17f0a758
Results/Touchstone_Files/ANT1419H_P2.s1p,1c8b464cf5e1d2418ff65723d10884986bc344de5f14c16b576d6cbf1bf0d511,8192,touchstone_s1p,canonical_valid,ANT1419H,P2,201,Hz,10000000.0,2000000000.0,fb52336dba83e5c15999f4c374a16e630ecf78574ff51b8cfe4c23151da2a59e,Legacy GHz header corrected to Hz; numeric rows preserved from 17f0a758.,three_columns_per_data_row;finite_numeric_data;strictly_increasing_frequency;declared_unit_Hz;corrected_frequency_unit_header;numeric_rows_preserved_from_17f0a758
Results/Touchstone_Files/ANT1420H_P1.s1p,8a9519792aded11b25ecee5dd26433007e5e9a710910284ff841af7bd90950bc,8178,touchstone_s1p,canonical_valid,ANT1420H,P1,201,Hz,10000000.0,2000000000.0,34a3f047b4f556d36312e7b23f1a3bb2d67d8ff369e701f9a163cbc78387acf2,Legacy GHz header corrected to Hz; numeric rows preserved from 17f0a758.,three_columns_per_data_row;finite_numeric_data;strictly_increasing_frequency;declared_unit_Hz;corrected_frequency_unit_header;numeric_rows_preserved_from_17f0a758
Results/Touchstone_Files/ANT1420H_P2.s1p,4c7b32530e676f1d7b72d362cd3f6c78dfb49c9fdfb8cd80c82be5b403bf2a2a,8186,touchstone_s1p,canonical_valid,ANT1420H,P2,201,Hz,10000000.0,2000000000.0,a5021154cbfb75e50737488bccc41d28221f6794f1fae3d30a94c2b4da529f7c,Legacy GHz header corrected to Hz; numeric rows preserved from 17f0a758.,three_columns_per_data_row;finite_numeric_data;strictly_increasing_frequency;declared_unit_Hz;corrected_frequency_unit_header;numeric_rows_preserved_from_17f0a758
Results/Touchstone_Files/ANT1421H_P1.s1p,2932c47ea9abff7b5fbfc7427b865d153d548f6cb49107e0e30792632b52bb0e,8170,touchstone_s1p,canonical_valid,ANT1421H,P1,201,Hz,10000000.0,2000000000.0,6d99a8253b8c9fcc75f139512bcd2409ef30a6932e9a4c0190b951b20852d6c6,Legacy GHz header corrected to Hz; numeric rows preserved from 17f0a758.,three_columns_per_data_row;finite_numeric_data;strictly_increasing_frequency;declared_unit_Hz;corrected_frequency_unit_header;numeric_rows_preserved_from_17f0a758
Results/Touchstone_Files/ANT1421H_P2.s1p,ac05a35377e7d3f48be772c8b6bad7a6fde06b650a2f406e98c1a5bd9bc7772b,8179,touchstone_s1p,canonical_valid,ANT1421H,P2,201,Hz,10000000.0,2000000000.0,ff2136a058edae593c656d4a958fa97fc4e600ad8cabc0657883d297b3618793,Legacy GHz header corrected to Hz; numeric rows preserved from 17f0a758.,three_columns_per_data_row;finite_numeric_data;strictly_increasing_frequency;declared_unit_Hz;corrected_frequency_unit_header;numeric_rows_preserved_from_17f0a758
Results/Touchstone_Files/ANT1422H_P1.s1p,aabb72bfd7282430a03007dd946a2c149f67598bdf3a6bf14617f7fa3452dc6c,8189,touchstone_s1p,canonical_valid,ANT1422H,P1,201,Hz,10000000.0,2000000000.0,da5c10d1918d7ff1e623bffa926ca5acf438a8a2c3529c04b2d438ef3fb8d6a1,Legacy GHz header corrected to Hz; numeric rows preserved from 17f0a758.,three_columns_per_data_row;finite_numeric_data;strictly_increasing_frequency;declared_unit_Hz;corrected_frequency_unit_header;numeric_rows_preserved_from_17f0a758
Results/Touchstone_Files/ANT1422H_P2.s1p,3c3eecdf9869ef4a214a3d253703ac7a73aa391768d9baec4eb4f9e30b2e4428,8171,touchstone_s1p,canonical_valid,ANT1422H,P2,201,Hz,10000000.0,2000000000.0,afa125aa8210f9bf0099387b67cb7c2bc0fe2e520f652c770d4421725e94b486,Legacy GHz header corrected to Hz; numeric rows preserved from 17f0a758.,three_columns_per_data_row;finite_numeric_data;strictly_increasing_frequency;declared_unit_Hz;corrected_frequency_unit_header;numeric_rows_preserved_from_17f0a758
Results/Touchstone_Files/ANT1423H_P1.s1p,daae3aac267b352ad6524ad14c772b0525fd4713e156cc13fd5d1b7bd96951d5,8188,touchstone_s1p,canonical_valid,ANT1423H,P1,201,Hz,10000000.0,2000000000.0,df063a2727f7eff8c8a7ed0a9fba6a23896f66b8722142d4cd40c27680df0088,Legacy GHz header corrected to Hz; numeric rows preserved from 17f0a758.,three_columns_per_data_row;finite_numeric_data;strictly_increasing_frequency;declared_unit_Hz;corrected_frequency_unit_header;numeric_rows_preserved_from_17f0a758
Results/Touchstone_Files/ANT1423H_P2.s1p,3d7f3660b1c1e305eb523f40fc04a6989d66fd7baffa972dd8727e1e6efc2f3e,8168,touchstone_s1p,canonical_valid,ANT1423H,P2,201,Hz,10000000.0,2000000000.0,665ad8c7d3212846cb0b9d197c7d91abd89fda252d85597f9e066f893cc36ed2,Legacy GHz header corrected to Hz; numeric rows preserved from 17f0a758.,three_columns_per_data_row;finite_numeric_data;strictly_increasing_frequency;declared_unit_Hz;corrected_frequency_unit_header;numeric_rows_preserved_from_17f0a758
Results/Touchstone_Files/ANT1424H_P1.s1p,1f77a6b5f1a3e586396493321ce1504070253aa76dfbacaee69c259529cd5770,8180,touchstone_s1p,canonical_valid,ANT1424H,P1,201,Hz,10000000.0,2000000000.0,ef9081858146eee2b3634c27edf4d93adcdfa7308aa6305b0f9f72f4f97c3316,Legacy GHz header corrected to Hz; numeric rows preserved from 17f0a758.,three_columns_per_data_row;finite_numeric_data;strictly_increasing_frequency;declared_unit_Hz;corrected_frequency_unit_header;numeric_rows_preserved_from_17f0a758
Results/Touchstone_Files/ANT1424H_P2.s1p,0e8ae27ee6addbfda4cd5e250641cf80d60024a963587ad19ce0494a97b25970,8183,touchstone_s1p,canonical_valid,ANT1424H,P2,201,Hz,10000000.0,2000000000.0,be09029db4a3ca6ec11a68c7525eb64c803e8bf9d827768dfead887890ecbdf1,Legacy GHz header corrected to Hz; numeric rows preserved from 17f0a758.,three_columns_per_data_row;finite_numeric_data;strictly_increasing_frequency;declared_unit_Hz;corrected_frequency_unit_header;numeric_rows_preserved_from_17f0a758
Results/Touchstone_Files/ANT1425H_P1.s1p,3520e463dca3fdaa94829b2b13a7e8ca51c5079e76d92b95179f322209f58ab9,8186,touchstone_s1p,canonical_valid,ANT1425H,P1,201,Hz,10000000.0,2000000000.0,adb09c82f2a9df45e9e859f5a640935f16781cea0316d94e9fc31fc418b75829,Legacy GHz header corrected to Hz; numeric rows preserved from 17f0a758.,three_columns_per_data_row;finite_numeric_data;strictly_increasing_frequency;declared_unit_Hz;corrected_frequency_unit_header;numeric_rows_preserved_from_17f0a758
Results/Touchstone_Files/ANT1425H_P2.s1p,8b2aac78854e2a6772009e35e1e8f9e9dd36c431d488c6e5936868d1b515da51,8170,touchstone_s1p,canonical_valid,ANT1425H,P2,201,Hz,10000000.0,2000000000.0,353d1c84e83665770b6e80d78d86eced49ce619df971df3cc7424e6879ab1b08,Legacy GHz header corrected to Hz; numeric rows preserved from 17f0a758.,three_columns_per_data_row;finite_numeric_data;strictly_increasing_frequency;declared_unit_Hz;corrected_frequency_unit_header;numeric_rows_preserved_from_17f0a758
Results/Touchstone_Files/ANT1426H_P1.s1p,c0703d161673f33bfd050cea0a6d0de6fbe71a21ea68e0f0a872e41a38a3223b,8172,touchstone_s1p,canonical_valid,ANT1426H,P1,201,Hz,10000000.0,2000000000.0,d08f6783c3207e2e1aa92a3f0269746505b916359ecf3d766d42ac48526ebaf5,Legacy GHz header corrected to Hz; numeric rows preserved from 17f0a758.,three_columns_per_data_row;finite_numeric_data;strictly_increasing_frequency;declared_unit_Hz;corrected_frequency_unit_header;numeric_rows_preserved_from_17f0a758
Results/Touchstone_Files/ANT1426H_P2.s1p,e888ed3170ad225d8320846fb4d38298fe0cc50ee6d654bdc478062359873598,8172,touchstone_s1p,canonical_valid,ANT1426H,P2,201,Hz,10000000.0,2000000000.0,8b26ebe72f1dd06d782ec3543e7b96b170854397d343ce9d7aacc6f51e8d6d72,Legacy GHz header corrected to Hz; numeric rows preserved from 17f0a758.,three_columns_per_data_row;finite_numeric_data;strictly_increasing_frequency;declared_unit_Hz;corrected_frequency_unit_header;numeric_rows_preserved_from_17f0a758
Results/Touchstone_Files/ANT1427H_P1.s1p,44c7554bc42a6c70b5634b257cc49066fdc8fbec7124e9194117b1837458bd0e,8153,touchstone_s1p,canonical_valid,ANT1427H,P1,201,Hz,10000000.0,2000000000.0,1801095a4388541a67f4ac19fe41f00edd7e18aa75173ba925f97f5dc726fcf3,Legacy GHz header corrected to Hz; numeric rows preserved from 17f0a758.,three_columns_per_data_row;finite_numeric_data;strictly_increasing_frequency;declared_unit_Hz;corrected_frequency_unit_header;numeric_rows_preserved_from_17f0a758
Results/Touchstone_Files/ANT1427H_P2.s1p,3fb327023bdee1dc9bf67854ec44012fcc5c2b5184935222a971c019f80d2f49,8160,touchstone_s1p,canonical_valid,ANT1427H,P2,201,Hz,10000000.0,2000000000.0,09e87ec00d4ed3754e17a0a18214d1a3f78afa6ac5c16c18228b6646ef379c65,Legacy GHz header corrected to Hz; numeric rows preserved from 17f0a758.,three_columns_per_data_row;finite_numeric_data;strictly_increasing_frequency;declared_unit_Hz;corrected_frequency_unit_header;numeric_rows_preserved_from_17f0a758
Results/Touchstone_Files/ANT1428H_P1.s1p,2a2d383c327b9c456e66d64d2dbb12c4c6825e297f34505180a943cfaef7493d,8168,touchstone_s1p,canonical_valid,ANT1428H,P1,201,Hz,10000000.0,2000000000.0,37b2932f2a24c9a73fccc078af217cca007dabf5252b76ccc2dd42d5f2d4d83f,Legacy GHz header corrected to Hz; numeric rows preserved from 17f0a758.,three_columns_per_data_row;finite_numeric_data;strictly_increasing_frequency;declared_unit_Hz;corrected_frequency_unit_header;numeric_rows_preserved_from_17f0a758
Results/Touchstone_Files/ANT1428H_P2.s1p,428a616dde7e3906f5ef72ea159bef620698847df789d2ba528ae7da5a6f0354,8159,touchstone_s1p,canonical_valid,ANT1428H,P2,201,Hz,10000000.0,2000000000.0,486cd671da97e03285057efd9492fd6b758143a227b0b09b6a716e0ce4925f0a,Legacy GHz header corrected to Hz; numeric rows preserved from 17f0a758.,three_columns_per_data_row;finite_numeric_data;strictly_increasing_frequency;declared_unit_Hz;corrected_frequency_unit_header;numeric_rows_preserved_from_17f0a758
Results/Touchstone_Files/ANT1429H_P1.s1p,060a9cd8980261f51a8cdd1286238625f121e742fc453cf8c7c9b7ad35f707e4,8190,touchstone_s1p,canonical_valid,ANT1429H,P1,201,Hz,10000000.0,2000000000.0,2e05a76f402a7b9604c4584ea0a7d6cc9c440b36067b0932e1dba1a8aad37f32,Legacy GHz header corrected to Hz; numeric rows preserved from 17f0a758.,three_columns_per_data_row;finite_numeric_data;strictly_increasing_frequency;declared_unit_Hz;corrected_frequency_unit_header;numeric_rows_preserved_from_17f0a758
Results/Touchstone_Files/ANT1429H_P2.s1p,d40bbb67e97eee168e8de6037e28590140a6b20e4321fee1c3c857d0b6a6ec53,8188,touchstone_s1p,canonical_valid,ANT1429H,P2,201,Hz,10000000.0,2000000000.0,e002ddc60980592173d8f38cb160600a6e09085735da7a4676095929777b387f,Legacy GHz header corrected to Hz; numeric rows preserved from 17f0a758.,three_columns_per_data_row;finite_numeric_data;strictly_increasing_frequency;declared_unit_Hz;corrected_frequency_unit_header;numeric_rows_preserved_from_17f0a758
Results/Touchstone_Files/ANT1430H_P1.s1p,779b13ba02d73d6680a86823636525155105e5b21e032eb68f39d5fbb4652329,8188,touchstone_s1p,canonical_valid,ANT1430H,P1,201,Hz,10000000.0,2000000000.0,a550a0de1b2a9b4d1cbe7b7535c15fc9da81e740c8c545b967c557ed8f89cfd2,Legacy GHz header corrected to Hz; numeric rows preserved from 17f0a758.,three_columns_per_data_row;finite_numeric_data;strictly_increasing_frequency;declared_unit_Hz;corrected_frequency_unit_header;numeric_rows_preserved_from_17f0a758
Results/Touchstone_Files/ANT1430H_P2.s1p,61e40990e2cbc981961141db631eeb20fccbdcc85f15087a3025c0418cd63217,8168,touchstone_s1p,canonical_valid,ANT1430H,P2,201,Hz,10000000.0,2000000000.0,53d28149a4ecdf5c7dc6d4ddda25af935957bb9beb8d9948f1af95cbb1eb8f36,Legacy GHz header corrected to Hz; numeric rows preserved from 17f0a758.,three_columns_per_data_row;finite_numeric_data;strictly_increasing_frequency;declared_unit_Hz;corrected_frequency_unit_header;numeric_rows_preserved_from_17f0a758
Results/Touchstone_Files/ANT1431H_P1.s1p,46a61761bcd114c99fbef0ab436c26e331e03373d1befbaa1e9ec80d910a696b,8207,touchstone_s1p,canonical_valid,ANT1431H,P1,201,Hz,10000000.0,2000000000.0,5f6bce4125e54e912c27ba356b665f62f516bdc43f34ac4e789d88903d41adf5,Legacy GHz header corrected to Hz; numeric rows preserved from 17f0a758.,three_columns_per_data_row;finite_numeric_data;strictly_increasing_frequency;declared_unit_Hz;corrected_frequency_unit_header;numeric_rows_preserved_from_17f0a758
Results/Touchstone_Files/ANT1431H_P2.s1p,65a1310505425721f3b2df58a86cb33f6b353ada092d62e2bca9038001938efa,8189,touchstone_s1p,canonical_valid,ANT1431H,P2,201,Hz,10000000.0,2000000000.0,6ffea68d048b74eb3ca842af78fb2d196f9cd9227b3be49f74ea9b6a00a1ebd1,Legacy GHz header corrected to Hz; numeric rows preserved from 17f0a758.,three_columns_per_data_row;finite_numeric_data;strictly_increasing_frequency;declared_unit_Hz;corrected_frequency_unit_header;numeric_rows_preserved_from_17f0a758
Results/Touchstone_Files/ANT1432H_P1.s1p,a23436c7eee82fb993d7eb17459e6a925704b5702519ebb73d34084fcabd3e69,8194,touchstone_s1p,canonical_valid,ANT1432H,P1,201,Hz,10000000.0,2000000000.0,d2e0b1234c68a84274ef5c40e477986de298dae1f36569fd3dc4e8f1662cd668,Legacy GHz header corrected to Hz; numeric rows preserved from 17f0a758.,three_columns_per_data_row;finite_numeric_data;strictly_increasing_frequency;declared_unit_Hz;corrected_frequency_unit_header;numeric_rows_preserved_from_17f0a758
Results/Touchstone_Files/ANT1432H_P2.s1p,f9eac42eda78d1ad8c1c1551b67fd4611931bbe582368cfd03b9666c7f64d249,8174,touchstone_s1p,canonical_valid,ANT1432H,P2,201,Hz,10000000.0,2000000000.0,9990aba6eae87cf4c63a625f34a99400bd2ea14f24541e9f7aa35ca5a1b9b5da,Legacy GHz header corrected to Hz; numeric rows preserved from 17f0a758.,three_columns_per_data_row;finite_numeric_data;strictly_increasing_frequency;declared_unit_Hz;corrected_frequency_unit_header;numeric_rows_preserved_from_17f0a758
Results/Touchstone_Files/ANT1433H_P1.s1p,f47825b0fab3442953b4fc61d9c34d55c38fda818df8aaa2fad757de24195535,8187,touchstone_s1p,canonical_valid,ANT1433H,P1,201,Hz,10000000.0,2000000000.0,9e4d941964710ceb6715d9618bb3b542b468d6ae57ffdc8beac2d209fbe28433,Legacy GHz header corrected to Hz; numeric rows preserved from 17f0a758.,three_columns_per_data_row;finite_numeric_data;strictly_increasing_frequency;declared_unit_Hz;corrected_frequency_unit_header;numeric_rows_preserved_from_17f0a758
Results/Touchstone_Files/ANT1433H_P2.s1p,2eee786adb19a175d6d9fcd417194f5178306714cd6031ee75b6eb3bfd8edf68,8174,touchstone_s1p,canonical_valid,ANT1433H,P2,201,Hz,10000000.0,2000000000.0,9d830c7f00aef556c118d51898d59506331d78796aea51ff359c086f25209689,Legacy GHz header corrected to Hz; numeric rows preserved from 17f0a758.,three_columns_per_data_row;finite_numeric_data;strictly_increasing_frequency;declared_unit_Hz;corrected_frequency_unit_header;numeric_rows_preserved_from_17f0a758
Results/Touchstone_Files/ANT1434H_P1.s1p,3a9412723ff683ca9fe8a42e26994ba413a20edb03e5b99e8be779950d2c2e5c,8195,touchstone_s1p,canonical_valid,ANT1434H,P1,201,Hz,10000000.0,2000000000.0,d0122ba4e7c92eff58db5eaad756638ebd4189c1a0226dd4a3950b73c6e7ba0e,Legacy GHz header corrected to Hz; numeric rows preserved from 17f0a758.,three_columns_per_data_row;finite_numeric_data;strictly_increasing_frequency;declared_unit_Hz;corrected_frequency_unit_header;numeric_rows_preserved_from_17f0a758
Results/Touchstone_Files/ANT1434H_P2.s1p,361675217d8af2c2639fd0d79b851ec1294e1ab9768a20d0d6f7e631cb0ddb95,8176,touchstone_s1p,canonical_valid,ANT1434H,P2,201,Hz,10000000.0,2000000000.0,511fc2419ea5461a5b65f2b26a3772f1b69cce678d300172f466ef7ff1021247,Legacy GHz header corrected to Hz; numeric rows preserved from 17f0a758.,three_columns_per_data_row;finite_numeric_data;strictly_increasing_frequency;declared_unit_Hz;corrected_frequency_unit_header;numeric_rows_preserved_from_17f0a758
Results/Touchstone_Files/ANT1435H_P1.s1p,e9dad2f66c604766303fb1a0ba04b1d17499ae72690c1662aff1dc3334029752,8194,touchstone_s1p,canonical_valid,ANT1435H,P1,201,Hz,10000000.0,2000000000.0,3f124cae0d76828f134af82dbff9bbbc6faee16d837a4bc01c31f0b777289a1e,Legacy GHz header corrected to Hz; numeric rows preserved from 17f0a758.,three_columns_per_data_row;finite_numeric_data;strictly_increasing_frequency;declared_unit_Hz;corrected_frequency_unit_header;numeric_rows_preserved_from_17f0a758
Results/Touchstone_Files/ANT1435H_P2.s1p,514d9186b15e0e45028c434bc37bceec3c4d231045c6b12a0c8376905ac7bf05,8178,touchstone_s1p,canonical_valid,ANT1435H,P2,201,Hz,10000000.0,2000000000.0,fa8548703becfaf85a0addf839fc6be74382f60a1dfc7619afb56588af6966b1,Legacy GHz header corrected to Hz; numeric rows preserved from 17f0a758.,three_columns_per_data_row;finite_numeric_data;strictly_increasing_frequency;declared_unit_Hz;corrected_frequency_unit_header;numeric_rows_preserved_from_17f0a758
Results/Touchstone_Files/ANT1436H_P1.s1p,887871dedbf641ff2e569d75138ed75c543759793af9915f60deace0fabf8fe8,8194,touchstone_s1p,canonical_valid,ANT1436H,P1,201,Hz,10000000.0,2000000000.0,28b0d1427eb2c5b60c86ae547724183a59ccb931ae8607efeda7554768d1cc20,Legacy GHz header corrected to Hz; numeric rows preserved from 17f0a758.,three_columns_per_data_row;finite_numeric_data;strictly_increasing_frequency;declared_unit_Hz;corrected_frequency_unit_header;numeric_rows_preserved_from_17f0a758
Results/Touchstone_Files/ANT1436H_P2.s1p,5b7e02275fe3e266aa1ae36603e66b644aa0f18a65ee75a61bbe9a8615d72cbf,8192,touchstone_s1p,canonical_valid,ANT1436H,P2,201,Hz,10000000.0,2000000000.0,c8e2699ac1c27bfdac79bbc378299c4a4b03187ffbb0ca90fe6dc1e5cc2b4210,Legacy GHz header corrected to Hz; numeric rows preserved from 17f0a758.,three_columns_per_data_row;finite_numeric_data;strictly_increasing_frequency;declared_unit_Hz;corrected_frequency_unit_header;numeric_rows_preserved_from_17f0a758
Results/Touchstone_Files/ANT1437H_P1.s1p,79e0565186a9c2671d1f4fec6ece7bd896f650452f91f99dd5b311125b0c6182,8176,touchstone_s1p,canonical_valid,ANT1437H,P1,201,Hz,10000000.0,2000000000.0,6115b5a20ff1a5eb08a03b9bb37c5499f7e6bb88daae6e1d53f7eec3e23f85bd,Legacy GHz header corrected to Hz; numeric rows preserved from 17f0a758.,three_columns_per_data_row;finite_numeric_data;strictly_increasing_frequency;declared_unit_Hz;corrected_frequency_unit_header;numeric_rows_preserved_from_17f0a758
Results/Touchstone_Files/ANT1437H_P2.s1p,d3f0c9ceccaaa881f64746ddf43e08d577a2afa30873d602a0d4d48160e1da1f,8176,touchstone_s1p,canonical_valid,ANT1437H,P2,201,Hz,10000000.0,2000000000.0,c97ce056181436406b6205ccdd8e2c06c9a3fe0374497497f08fe87d1d5ac5ea,Legacy GHz header corrected to Hz; numeric rows preserved from 17f0a758.,three_columns_per_data_row;finite_numeric_data;strictly_increasing_frequency;declared_unit_Hz;corrected_frequency_unit_header;numeric_rows_preserved_from_17f0a758
Results/Touchstone_Files/ANT1438H_P1.s1p,fc8c6e9f4202cfd66dc6f658adebea65a94e6ec7f71cd8da4c914e4dcdac8210,8174,touchstone_s1p,canonical_valid,ANT1438H,P1,201,Hz,10000000.0,2000000000.0,0b1514c704d326d976785a81bfcbc41cf178725ef1a9eea99c7ad8d9077532e3,Legacy GHz header corrected to Hz; numeric rows preserved from 17f0a758.,three_columns_per_data_row;finite_numeric_data;strictly_increasing_frequency;declared_unit_Hz;corrected_frequency_unit_header;numeric_rows_preserved_from_17f0a758
Results/Touchstone_Files/ANT1438H_P2.s1p,7b40294c54b141630e39822715bf283a3dbebb0b82315b0855afbcad5fdb37ba,8184,touchstone_s1p,canonical_valid,ANT1438H,P2,201,Hz,10000000.0,2000000000.0,39d2191595c45e0da3ab43e84e3aa7010f58274659d07a1cefce73e0137e9366,Legacy GHz header corrected to Hz; numeric rows preserved from 17f0a758.,three_columns_per_data_row;finite_numeric_data;strictly_increasing_frequency;declared_unit_Hz;corrected_frequency_unit_header;numeric_rows_preserved_from_17f0a758
Results/Touchstone_Files/ANT1439H_P1.s1p,eb7cfdd5fa60b5acd0d15f8ad1b5ecfa359f544466c45f18b93368a3e1395fe9,8186,touchstone_s1p,canonical_valid,ANT1439H,P1,201,Hz,10000000.0,2000000000.0,f0d275a5c41c0b756b48d132c4e14c734e66e9ea449539b276811d702f3cd191,Legacy GHz header corrected to Hz; numeric rows preserved from 17f0a758.,three_columns_per_data_row;finite_numeric_data;strictly_increasing_frequency;declared_unit_Hz;corrected_frequency_unit_header;numeric_rows_preserved_from_17f0a758
Results/Touchstone_Files/ANT1439H_P2.s1p,09c36b1d9445c1e139f6bac6e735b5f0c1a45fca56211871d8385fe07200efd6,8183,touchstone_s1p,canonical_valid,ANT1439H,P2,201,Hz,10000000.0,2000000000.0,e6e0b04153fbfa2ed8965870b57056d61eb27a9747f37ad6499a7de8196b6dc3,Legacy GHz header corrected to Hz; numeric rows preserved from 17f0a758.,three_columns_per_data_row;finite_numeric_data;strictly_increasing_frequency;declared_unit_Hz;corrected_frequency_unit_header;numeric_rows_preserved_from_17f0a758
Results/Touchstone_Files/ANT1440H_P1.s1p,e5b19d414130624cb5aa4cae23e5f1649dbbb153fa5b7f49606bc45c6fae7dc8,8197,touchstone_s1p,canonical_valid,ANT1440H,P1,201,Hz,10000000.0,2000000000.0,590767dc6da8733b6f0aad47034ad953023f6a5883645ce2f1bebeb1fbcca6b8,Legacy GHz header corrected to Hz; numeric rows preserved from 17f0a758.,three_columns_per_data_row;finite_numeric_data;strictly_increasing_frequency;declared_unit_Hz;corrected_frequency_unit_header;numeric_rows_preserved_from_17f0a758
Results/Touchstone_Files/ANT1440H_P2.s1p,14d7c54ef0c9c7e50ee04abf30e8b889089d15dba489323407e89ba3fea5e72c,8185,touchstone_s1p,canonical_valid,ANT1440H,P2,201,Hz,10000000.0,2000000000.0,bbc63d571ecaeb5d04a279640591f81158d312368ad0ee49b625a4ee3c35c256,Legacy GHz header corrected to Hz; numeric rows preserved from 17f0a758.,three_columns_per_data_row;finite_numeric_data;strictly_increasing_frequency;declared_unit_Hz;corrected_frequency_unit_header;numeric_rows_preserved_from_17f0a758
Results/Touchstone_Files/ANT1441H_P1.s1p,fadc9ec6fda0274b6d1c8aed043936fc4f6dd490cb78063cc8551b325446f5d0,8190,touchstone_s1p,canonical_valid,ANT1441H,P1,201,Hz,10000000.0,2000000000.0,f4e927ee7268af07b3a6593450bd37c05af7dde9aae816cb1548f57cc3dc3bb9,Legacy GHz header corrected to Hz; numeric rows preserved from 17f0a758.,three_columns_per_data_row;finite_numeric_data;strictly_increasing_frequency;declared_unit_Hz;corrected_frequency_unit_header;numeric_rows_preserved_from_17f0a758
Results/Touchstone_Files/ANT1441H_P2.s1p,e8c2768cae6bbec2e0ecc9ea3ae3197466410601a6bea2be3fa7fa943fc65366,8170,touchstone_s1p,canonical_valid,ANT1441H,P2,201,Hz,10000000.0,2000000000.0,a8aa1dfac801b8b4caffbf34a303d8707d91a01b761ce8a0775678035ce14dea,Legacy GHz header corrected to Hz; numeric rows preserved from 17f0a758.,three_columns_per_data_row;finite_numeric_data;strictly_increasing_frequency;declared_unit_Hz;corrected_frequency_unit_header;numeric_rows_preserved_from_17f0a758
Results/Touchstone_Files/ANT1442H_P1.s1p,b25605914e67aad14e53e780ecd6363a7f02783d66cccec6c51e9d7e611d7755,8191,touchstone_s1p,canonical_valid,ANT1442H,P1,201,Hz,10000000.0,2000000000.0,e0862d2de38af7ade087ce47bf31ac7c0ce129731a1436c724eee883ef930e9e,Legacy GHz header corrected to Hz; numeric rows preserved from 17f0a758.,three_columns_per_data_row;finite_numeric_data;strictly_increasing_frequency;declared_unit_Hz;corrected_frequency_unit_header;numeric_rows_preserved_from_17f0a758
Results/Touchstone_Files/ANT1442H_P2.s1p,0e2668de7d7626d5f67b5ca7f9a66df845d416101e7191da9ad13a117751b84b,8193,touchstone_s1p,canonical_valid,ANT1442H,P2,201,Hz,10000000.0,2000000000.0,a966ad1d07c302231c48fdc2a473c63880d3b6b9040fdd702bd0cce40583ef58,Legacy GHz header corrected to Hz; numeric rows preserved from 17f0a758.,three_columns_per_data_row;finite_numeric_data;strictly_increasing_frequency;declared_unit_Hz;corrected_frequency_unit_header;numeric_rows_preserved_from_17f0a758
Results/Touchstone_Files/ANT1444H_P1.s1p,2ba84c33fc9b3cdd4cff5e910c3f65bd062c122ec63912b9c23469c55d282b3e,8165,touchstone_s1p,canonical_valid,ANT1444H,P1,201,Hz,10000000.0,2000000000.0,fb22689a36380ea3a554f09a07c16eadf8262cb94a096b652480458955ee4918,Legacy GHz header corrected to Hz; numeric rows preserved from 17f0a758.,three_columns_per_data_row;finite_numeric_data;strictly_increasing_frequency;declared_unit_Hz;corrected_frequency_unit_header;numeric_rows_preserved_from_17f0a758
Results/Touchstone_Files/ANT1444H_P2.s1p,1c9d865e0f5de7e4eed9898ef514ea6b44f2eed29e631732a4f4890f45fba868,8174,touchstone_s1p,canonical_valid,ANT1444H,P2,201,Hz,10000000.0,2000000000.0,382d6bdecb86505d50f8af361023e2463fe84ce1b2a1ed99cca9775c2aec90f6,Legacy GHz header corrected to Hz; numeric rows preserved from 17f0a758.,three_columns_per_data_row;finite_numeric_data;strictly_increasing_frequency;declared_unit_Hz;corrected_frequency_unit_header;numeric_rows_preserved_from_17f0a758
Results/Touchstone_Files/ANT1445H_P1.s1p,c026d9003059b1c394ef8ca35bf7d7986acca6e0741a6fe0597b9579de20d1db,8200,touchstone_s1p,canonical_valid,ANT1445H,P1,201,Hz,10000000.0,2000000000.0,00f2ec14ec8382b8f771cbef7dd37dcc2df4d9962b946ff3152f893d569ddc5d,Legacy GHz header corrected to Hz; numeric rows preserved from 17f0a758.,three_columns_per_data_row;finite_numeric_data;strictly_increasing_frequency;declared_unit_Hz;corrected_frequency_unit_header;numeric_rows_preserved_from_17f0a758
Results/Touchstone_Files/ANT1445H_P2.s1p,272c0d60349d4a2cd7c0a551f610bd54f8eb5d19b4fffdbf2ed95f34a6dcf346,8175,touchstone_s1p,canonical_valid,ANT1445H,P2,201,Hz,10000000.0,2000000000.0,2d3da64a8300b6463b647caaf1bda8093c177c79ac3c1b45fdeb50e110a3e106,Legacy GHz header corrected to Hz; numeric rows preserved from 17f0a758.,three_columns_per_data_row;finite_numeric_data;strictly_increasing_frequency;declared_unit_Hz;corrected_frequency_unit_header;numeric_rows_preserved_from_17f0a758
Results/Touchstone_Files/ANT1446H_P1.s1p,9e6a26b6df1367753383b6715360f0e477b4d55a19fb929aef418c77fcaca74b,8167,touchstone_s1p,canonical_valid,ANT1446H,P1,201,Hz,10000000.0,2000000000.0,285137ad26581f446321ec48839edc79e77cddec12103aaf99311c4fada72a5e,Legacy GHz header corrected to Hz; numeric rows preserved from 17f0a758.,three_columns_per_data_row;finite_numeric_data;strictly_increasing_frequency;declared_unit_Hz;corrected_frequency_unit_header;numeric_rows_preserved_from_17f0a758
Results/Touchstone_Files/ANT1446H_P2.s1p,c2096ebfe1e6a07278dbf04c52d56b99f5c5d5d4c667219d7bc7676d7b47b43f,8203,touchstone_s1p,canonical_valid,ANT1446H,P2,201,Hz,10000000.0,2000000000.0,0271a2bb09c1eb037c7ef024b57da24cb6a7b00cb554255b13e6dc1b0fc7eae7,Legacy GHz header corrected to Hz; numeric rows preserved from 17f0a758.,three_columns_per_data_row;finite_numeric_data;strictly_increasing_frequency;declared_unit_Hz;corrected_frequency_unit_header;numeric_rows_preserved_from_17f0a758
Results/Touchstone_Files/ANT1447H_P1.s1p,bef81d939a5608f6eefcb24172ee9be024d0419cbfd5ce046ec7f35457770c6d,8205,touchstone_s1p,canonical_valid,ANT1447H,P1,201,Hz,10000000.0,2000000000.0,cdf94c4ff574dbc8901ff2f0ff6fc60388fca5c38ae2b7cf622acb8e2e394766,Legacy GHz header corrected to Hz; numeric rows preserved from 17f0a758.,three_columns_per_data_row;finite_numeric_data;strictly_increasing_frequency;declared_unit_Hz;corrected_frequency_unit_header;numeric_rows_preserved_from_17f0a758
Results/Touchstone_Files/ANT1447H_P2.s1p,d322def223ec913b236c7d66ed9a4631e985fc7565cbef74ea9f284b7db359e0,8195,touchstone_s1p,canonical_valid,ANT1447H,P2,201,Hz,10000000.0,2000000000.0,5c4ba59a31a514e6984c5e01b07f57e16a969e10f2bcf9c4728e5976f465be58,Legacy GHz header corrected to Hz; numeric rows preserved from 17f0a758.,three_columns_per_data_row;finite_numeric_data;strictly_increasing_frequency;declared_unit_Hz;corrected_frequency_unit_header;numeric_rows_preserved_from_17f0a758
Results/Touchstone_Files/ANT1448H_P1.s1p,66ea33740b8a97296cea3673a2e0e586a18c9b19da5b91ad481894c7f42c73ee,8198,touchstone_s1p,canonical_valid,ANT1448H,P1,201,Hz,10000000.0,2000000000.0,1f3950428bf3298b8b27033f68dd4e70a1132fb0f5ab769fb8860a45191e4ba0,Legacy GHz header corrected to Hz; numeric rows preserved from 17f0a758.,three_columns_per_data_row;finite_numeric_data;strictly_increasing_frequency;declared_unit_Hz;corrected_frequency_unit_header;numeric_rows_preserved_from_17f0a758
Results/Touchstone_Files/ANT1448H_P2.s1p,40d4d63eb726c4f01a3f75979ac2012d181e7293a564306ed9e3a91aee848167,8167,touchstone_s1p,canonical_valid,ANT1448H,P2,201,Hz,10000000.0,2000000000.0,dc1dc6a3b38575f41d1066b0dccbfd205fe415d2619c27efc128483abab5c189,Legacy GHz header corrected to Hz; numeric rows preserved from 17f0a758.,three_columns_per_data_row;finite_numeric_data;strictly_increasing_frequency;declared_unit_Hz;corrected_frequency_unit_header;numeric_rows_preserved_from_17f0a758
Results/Touchstone_Files/ANT1449H_P1.s1p,acd2e56939a59d8e568d4de4a8c1c7ea6c02396b71f836e5e3de9e1103d27c41,8144,touchstone_s1p,canonical_valid,ANT1449H,P1,201,Hz,10000000.0,2000000000.0,ccc58344d39e01a762eb5cf8b6563925117545effe05d26e2f00866ec444cd59,Legacy GHz header corrected to Hz; numeric rows preserved from 17f0a758.,three_columns_per_data_row;finite_numeric_data;strictly_increasing_frequency;declared_unit_Hz;corrected_frequency_unit_header;numeric_rows_preserved_from_17f0a758
Results/Touchstone_Files/ANT1449H_P2.s1p,77fd9750bf76cf44f4a5362e25eb6e7fa74d4a916eb80ebfb242df5fee943cd2,8159,touchstone_s1p,canonical_valid,ANT1449H,P2,201,Hz,10000000.0,2000000000.0,84f71087cee8d40f7533f8c29d47d1081f9ccfd34398ccad999fe9b3636ce5e3,Legacy GHz header corrected to Hz; numeric rows preserved from 17f0a758.,three_columns_per_data_row;finite_numeric_data;strictly_increasing_frequency;declared_unit_Hz;corrected_frequency_unit_header;numeric_rows_preserved_from_17f0a758
Results/Touchstone_Files/ANT1450H_P1.s1p,dd549fd58a1553ae0a4d33ebde74c2993cf2f4e3addd568592fd6d9427f770f6,8009,touchstone_s1p,canonical_valid,ANT1450H,P1,201,Hz,10000000.0,2000000000.0,742d8b37817b6ed6ddeba131a6f628453e65ab240085ceed336fae5b1611e1c2,Legacy GHz header corrected to Hz; numeric rows preserved from 17f0a758.,three_columns_per_data_row;finite_numeric_data;strictly_increasing_frequency;declared_unit_Hz;corrected_frequency_unit_header;numeric_rows_preserved_from_17f0a758
Results/Touchstone_Files/ANT1450H_P2.s1p,eb5cdeb6e250dc3c2f9e1ad50bb05c12f44da5bb434e818f84b141f32bbd34ee,7983,touchstone_s1p,canonical_valid,ANT1450H,P2,201,Hz,10000000.0,2000000000.0,8ffbfd819a8db616ad2589c740b92b4d2cb47a2ecb46c59cf685008a234b30b6,Legacy GHz header corrected to Hz; numeric rows preserved from 17f0a758.,three_columns_per_data_row;finite_numeric_data;strictly_increasing_frequency;declared_unit_Hz;corrected_frequency_unit_header;numeric_rows_preserved_from_17f0a758
Results/Touchstone_Files/ANT1451H_P1.s1p,4cde6dd186fe48a5d641a9f0846ed035de2250f83927f3edc08075591052e45c,7985,touchstone_s1p,canonical_valid,ANT1451H,P1,201,Hz,10000000.0,2000000000.0,24a109d833678289960db2000853ea6d7cb814ca0b0b6822e34f90000f7ffd09,Legacy GHz header corrected to Hz; numeric rows preserved from 17f0a758.,three_columns_per_data_row;finite_numeric_data;strictly_increasing_frequency;declared_unit_Hz;corrected_frequency_unit_header;numeric_rows_preserved_from_17f0a758
Results/Touchstone_Files/ANT1451H_P2.s1p,7258caf30b1bf55d1fed1fb3ebc9758e214c4ce234dd153e24d3e9b7d32c5e36,7978,touchstone_s1p,canonical_valid,ANT1451H,P2,201,Hz,10000000.0,2000000000.0,1ba996597373f51e18ba154430910223e13ebf289fbcf0d3e8726b971e40c9e6,Legacy GHz header corrected to Hz; numeric rows preserved from 17f0a758.,three_columns_per_data_row;finite_numeric_data;strictly_increasing_frequency;declared_unit_Hz;corrected_frequency_unit_header;numeric_rows_preserved_from_17f0a758
Results/Touchstone_Files/ANT1452H_P1.s1p,1de6c8e2a3dc832b3a7ed3bf00bb3a6c5fa3de94b2d7a6141a879ea83f229756,7985,touchstone_s1p,canonical_valid,ANT1452H,P1,201,Hz,10000000.0,2000000000.0,cffb7962134bc6c5e561bd496710d33fa38a537c753b4f14c959df1df98a08f5,Legacy GHz header corrected to Hz; numeric rows preserved from 17f0a758.,three_columns_per_data_row;finite_numeric_data;strictly_increasing_frequency;declared_unit_Hz;corrected_frequency_unit_header;numeric_rows_preserved_from_17f0a758
Results/Touchstone_Files/ANT1452H_P2.s1p,5e5730b45ca7e603570a1d9c6e1131cb257a801b05c563a2761ba99e49fef113,7973,touchstone_s1p,canonical_valid,ANT1452H,P2,201,Hz,10000000.0,2000000000.0,0c385285606d1e697d063736bac289bc33bf39b255e6ce1507143a3607a5a696,Legacy GHz header corrected to Hz; numeric rows preserved from 17f0a758.,three_columns_per_data_row;finite_numeric_data;strictly_increasing_frequency;declared_unit_Hz;corrected_frequency_unit_header;numeric_rows_preserved_from_17f0a758
Results/Touchstone_Files/ANT1453H_P1.s1p,c52495c8f03b304286eb98b596c96440e7a6339e26e82407658d3b2f71e721b7,7986,touchstone_s1p,canonical_valid,ANT1453H,P1,201,Hz,10000000.0,2000000000.0,d69d3a3b2556bbc54b47a3be1e84475b7d8e7fc9f74875d1c9ff76dc8e41e1d7,Legacy GHz header corrected to Hz; numeric rows preserved from 17f0a758.,three_columns_per_data_row;finite_numeric_data;strictly_increasing_frequency;declared_unit_Hz;corrected_frequency_unit_header;numeric_rows_preserved_from_17f0a758
Results/Touchstone_Files/ANT1453H_P2.s1p,145f28bc1125574676b2209741fbb4a47c16fba18a10f4a62de7f6bece8dd896,7972,touchstone_s1p,canonical_valid,ANT1453H,P2,201,Hz,10000000.0,2000000000.0,44e3a6b94c8b74477eb29c121db40a25ae6f3f8c942feafd72d01999aa56c6a4,Legacy GHz header corrected to Hz; numeric rows preserved from 17f0a758.,three_columns_per_data_row;finite_numeric_data;strictly_increasing_frequency;declared_unit_Hz;corrected_frequency_unit_header;numeric_rows_preserved_from_17f0a758
Results/Touchstone_Files/ANT1454H_P1.s1p,d6366fbdf9b74f8d7d20a34ccfd571de46f650576454d1cebe42590bd321b5da,7973,touchstone_s1p,canonical_valid,ANT1454H,P1,201,Hz,10000000.0,2000000000.0,480eb9efe9506f4029ba0928f34842eac71502942f47d3bfdaa7298210a08f66,Legacy GHz header corrected to Hz; numeric rows preserved from 17f0a758.,three_columns_per_data_row;finite_numeric_data;strictly_increasing_frequency;declared_unit_Hz;corrected_frequency_unit_header;numeric_rows_preserved_from_17f0a758
Results/Touchstone_Files/ANT1454H_P2.s1p,f9b7e1823fb04d9da29b8380861c4da949981051b547c2369d0ca2d6f920fdc9,7968,touchstone_s1p,canonical_valid,ANT1454H,P2,201,Hz,10000000.0,2000000000.0,7ead2deeb7e03e73f0d648e2b506ec98c02ba4fc6a478b284a059d8c33c332fe,Legacy GHz header corrected to Hz; numeric rows preserved from 17f0a758.,three_columns_per_data_row;finite_numeric_data;strictly_increasing_frequency;declared_unit_Hz;corrected_frequency_unit_header;numeric_rows_preserved_from_17f0a758
Results/Touchstone_Files/ANT1455H_P1.s1p,87ddedbcf0b3eac08b4ebc8b82de2b7e7975e4f7a3fa6f5a438c904ca8458d99,7993,touchstone_s1p,canonical_valid,ANT1455H,P1,201,Hz,10000000.0,2000000000.0,929aa736dae2dfaa8cc8542d325c615eb1ac832218475583e7735d53cd0ecb3e,Legacy GHz header corrected to Hz; numeric rows preserved from 17f0a758.,three_columns_per_data_row;finite_numeric_data;strictly_increasing_frequency;declared_unit_Hz;corrected_frequency_unit_header;numeric_rows_preserved_from_17f0a758
Results/Touchstone_Files/ANT1455H_P2.s1p,977142aa05be26a9c3fc5ace88014943055262fd8f99bef89356fc49bff09523,7981,touchstone_s1p,canonical_valid,ANT1455H,P2,201,Hz,10000000.0,2000000000.0,ce619d1e55864c6ebb06685bcf7d95340709f51588a83d262359bb47449df9ba,Legacy GHz header corrected to Hz; numeric rows preserved from 17f0a758.,three_columns_per_data_row;finite_numeric_data;strictly_increasing_frequency;declared_unit_Hz;corrected_frequency_unit_header;numeric_rows_preserved_from_17f0a758
Results/Touchstone_Files/ANT1456H_P1.s1p,61767cb020da756adc79986235847fb204f203ec7d240f32203f861d6320a9a3,7990,touchstone_s1p,canonical_valid,ANT1456H,P1,201,Hz,10000000.0,2000000000.0,a25c21b3aa824658228bacb3ae6936673aea6bdf137434d58a761b5192d2362c,Legacy GHz header corrected to Hz; numeric rows preserved from 17f0a758.,three_columns_per_data_row;finite_numeric_data;strictly_increasing_frequency;declared_unit_Hz;corrected_frequency_unit_header;numeric_rows_preserved_from_17f0a758
Results/Touchstone_Files/ANT1456H_P2.s1p,43a7c92d958690b9aa5cb127054fddc6ea0d5e5d248fb6c58ddc6c304227b4fa,7970,touchstone_s1p,canonical_valid,ANT1456H,P2,201,Hz,10000000.0,2000000000.0,02f0e68cb514586557e7126f2a9ba7f05f048a3629d96a12d374caa253fbcefb,Legacy GHz header corrected to Hz; numeric rows preserved from 17f0a758.,three_columns_per_data_row;finite_numeric_data;strictly_increasing_frequency;declared_unit_Hz;corrected_frequency_unit_header;numeric_rows_preserved_from_17f0a758
Results/Touchstone_Files/ANT1457H_P1.s1p,1ce7b2a679489b249d2259f70bfc43ff9434707c0deb9c2689e9f05b44629d29,7979,touchstone_s1p,canonical_valid,ANT1457H,P1,201,Hz,10000000.0,2000000000.0,ec6e37371a23c21fa5d648cb02f6ed1e759350791cf391a03f20f310e292003a,Legacy GHz header corrected to Hz; numeric rows preserved from 17f0a758.,three_columns_per_data_row;finite_numeric_data;strictly_increasing_frequency;declared_unit_Hz;corrected_frequency_unit_header;numeric_rows_preserved_from_17f0a758
Results/Touchstone_Files/ANT1457H_P2.s1p,7a58cc0ced0b2474db7c87e138a38c988c9d2fbb8a51ffbd4b63aae6e809a51e,7970,touchstone_s1p,canonical_valid,ANT1457H,P2,201,Hz,10000000.0,2000000000.0,40d7f6eb89f77827b48bed84ca898bf713a05a6506bafa9af5a999061927e026,Legacy GHz header corrected to Hz; numeric rows preserved from 17f0a758.,three_columns_per_data_row;finite_numeric_data;strictly_increasing_frequency;declared_unit_Hz;corrected_frequency_unit_header;numeric_rows_preserved_from_17f0a758
Results/Touchstone_Files/ANT1459H_P1.s1p,3dcbcfd9e4e481aed84afa85688aedc6d048743970e933e46e16cd6db3e9e5ad,7976,touchstone_s1p,canonical_valid,ANT1459H,P1,201,Hz,10000000.0,2000000000.0,e3b07d69a703444ed1a3aa2c8e7a5e9f7c63c3f87d798d906a5a78da1f5cc30d,Legacy GHz header corrected to Hz; numeric rows preserved from 17f0a758.,three_columns_per_data_row;finite_numeric_data;strictly_increasing_frequency;declared_unit_Hz;corrected_frequency_unit_header;numeric_rows_preserved_from_17f0a758
Results/Touchstone_Files/ANT1459H_P2.s1p,5162c0cf248050495197c5525a9ccef1644c12b21e50829c264ddd1c230cb8c1,7972,touchstone_s1p,canonical_valid,ANT1459H,P2,201,Hz,10000000.0,2000000000.0,e5521f39049fdee0a12dca2cbe7d093de6ef5fd9533996295961214b848a9a17,Legacy GHz header corrected to Hz; numeric rows preserved from 17f0a758.,three_columns_per_data_row;finite_numeric_data;strictly_increasing_frequency;declared_unit_Hz;corrected_frequency_unit_header;numeric_rows_preserved_from_17f0a758
Results/Touchstone_Files/ANT1460H_P1.s1p,364de2292df50638d8d0bce4441bd66c2de7999ab62ba5c13cb77b3b4f604831,7982,touchstone_s1p,canonical_valid,ANT1460H,P1,201,Hz,10000000.0,2000000000.0,aafbe7df84a97fb2ec3de423dc2c5a5db416d4786d5efe3b6bf4bb96bb556e03,Legacy GHz header corrected to Hz; numeric rows preserved from 17f0a758.,three_columns_per_data_row;finite_numeric_data;strictly_increasing_frequency;declared_unit_Hz;corrected_frequency_unit_header;numeric_rows_preserved_from_17f0a758
Results/Touchstone_Files/ANT1460H_P2.s1p,461407ba96001680eb2fbf9c89693b085bc1cc9779bbfca9263ecfc9b9b67475,7987,touchstone_s1p,canonical_valid,ANT1460H,P2,201,Hz,10000000.0,2000000000.0,cb19191f740872327b345ffa74a4e32668281071a8efadba48c25b502cb3a285,Legacy GHz header corrected to Hz; numeric rows preserved from 17f0a758.,three_columns_per_data_row;finite_numeric_data;strictly_increasing_frequency;declared_unit_Hz;corrected_frequency_unit_header;numeric_rows_preserved_from_17f0a758
Results/Touchstone_Files/ANT1461H_P1.s1p,a327b502ac7417c884c65f3f623351004f7d25f7aa5a4a23c0a2e37774edd799,7999,touchstone_s1p,canonical_valid,ANT1461H,P1,201,Hz,10000000.0,2000000000.0,cebd43466fa2a74501fe085705b29394342bbbc6adcb4efe839cc121d1cb6831,Legacy GHz header corrected to Hz; numeric rows preserved from 17f0a758.,three_columns_per_data_row;finite_numeric_data;strictly_increasing_frequency;declared_unit_Hz;corrected_frequency_unit_header;numeric_rows_preserved_from_17f0a758
Results/Touchstone_Files/ANT1461H_P2.s1p,052a54a319700ee67461c3b464fe8af0c3b40e6fc4e53cac81d880bce55525d5,7978,touchstone_s1p,canonical_valid,ANT1461H,P2,201,Hz,10000000.0,2000000000.0,8d788203926f20bc25b2078c444906330d300ee35f25f72e8d39e3b5a465a082,Legacy GHz header corrected to Hz; numeric rows preserved from 17f0a758.,three_columns_per_data_row;finite_numeric_data;strictly_increasing_frequency;declared_unit_Hz;corrected_frequency_unit_header;numeric_rows_preserved_from_17f0a758
Results/Touchstone_Files/ANT1462H_P1.s1p,f4152cd4fab7c305a9fca1a1338317e0f9b255708a8449f05b61c8026a145733,7995,touchstone_s1p,canonical_valid,ANT1462H,P1,201,Hz,10000000.0,2000000000.0,67f828f1e53053c363ed91ff7f7ad2460ff9efc19383fdf0ee1507e350ee97d9,Legacy GHz header corrected to Hz; numeric rows preserved from 17f0a758.,three_columns_per_data_row;finite_numeric_data;strictly_increasing_frequency;declared_unit_Hz;corrected_frequency_unit_header;numeric_rows_preserved_from_17f0a758
Results/Touchstone_Files/ANT1462H_P2.s1p,f3e2904482242caaea38ee5b803e2fb49c75521d502d65f1ab0d4a9c603f4ec6,7970,touchstone_s1p,canonical_valid,ANT1462H,P2,201,Hz,10000000.0,2000000000.0,e3c79f04289e6df242860e50d823c4ce6bc863a43bd55ca72b9efba90d08b476,Legacy GHz header corrected to Hz; numeric rows preserved from 17f0a758.,three_columns_per_data_row;finite_numeric_data;strictly_increasing_frequency;declared_unit_Hz;corrected_frequency_unit_header;numeric_rows_preserved_from_17f0a758
Results/Touchstone_Files/ANT1463H_P1.s1p,f24c1f35160309d4fb61315010e03b0926fb5368c6ee8f48621b427c77ffdd5c,7998,touchstone_s1p,canonical_valid,ANT1463H,P1,201,Hz,10000000.0,2000000000.0,ca82d426a2746c4cf086eb137be43218b2a224255b5fe991bcf11ea6f639e797,Legacy GHz header corrected to Hz; numeric rows preserved from 17f0a758.,three_columns_per_data_row;finite_numeric_data;strictly_increasing_frequency;declared_unit_Hz;corrected_frequency_unit_header;numeric_rows_preserved_from_17f0a758
Results/Touchstone_Files/ANT1463H_P2.s1p,4a7cae825d4e4c37e768c5e8c7f8adb766f190ab5ef375338f99048090b484bb,7984,touchstone_s1p,canonical_valid,ANT1463H,P2,201,Hz,10000000.0,2000000000.0,d6179a423171fdc4ab119ee66eab6e22cafe5e8741b83fb6d46f772233d38b72,Legacy GHz header corrected to Hz; numeric rows preserved from 17f0a758.,three_columns_per_data_row;finite_numeric_data;strictly_increasing_frequency;declared_unit_Hz;corrected_frequency_unit_header;numeric_rows_preserved_from_17f0a758
Results/Touchstone_Files/ANT1464H_P1.s1p,095dcaaf354f00185bb1b09c63c86c438054d901197ba0418ff89f2b8f3d1bfb,7983,touchstone_s1p,canonical_valid,ANT1464H,P1,201,Hz,10000000.0,2000000000.0,71fbecd70b1cf50c1d964ebff66bb585602f6d4c83919694af658e89cdd98a83,Legacy GHz header corrected to Hz; numeric rows preserved from 17f0a758.,three_columns_per_data_row;finite_numeric_data;strictly_increasing_frequency;declared_unit_Hz;corrected_frequency_unit_header;numeric_rows_preserved_from_17f0a758
Results/Touchstone_Files/ANT1464H_P2.s1p,3fc9be556ce70228c4f93fac14af9eaf5438a2b922b75f87b5db731e1bfaa9ad,7981,touchstone_s1p,canonical_valid,ANT1464H,P2,201,Hz,10000000.0,2000000000.0,394619d391f8f9c7dabac23283191c036e3be13c96440bb3c3e7e8776e9bbe02,Legacy GHz header corrected to Hz; numeric rows preserved from 17f0a758.,three_columns_per_data_row;finite_numeric_data;strictly_increasing_frequency;declared_unit_Hz;corrected_frequency_unit_header;numeric_rows_preserved_from_17f0a758
Results/Touchstone_Files/ANT1465H_P1.s1p,627ecda2c4fbbcf91968af89357ddfe0ebf9ea1d9ba024fd5c38ee0ff08b0e88,7982,touchstone_s1p,canonical_valid,ANT1465H,P1,201,Hz,10000000.0,2000000000.0,b9ddc7d40cc37b7c628659608fdb76ad9292a1fe6031d85ec214030a923cd532,Legacy GHz header corrected to Hz; numeric rows preserved from 17f0a758.,three_columns_per_data_row;finite_numeric_data;strictly_increasing_frequency;declared_unit_Hz;corrected_frequency_unit_header;numeric_rows_preserved_from_17f0a758
Results/Touchstone_Files/ANT1465H_P2.s1p,21700dca7d76b63484da7864cf28ace8d6d8780b9d2f557947fa125d0881e5fe,7983,touchstone_s1p,canonical_valid,ANT1465H,P2,201,Hz,10000000.0,2000000000.0,4b8b41f5437d75fa7ba30811c2b34410c7e2caa605a904e994df29b3998568d3,Legacy GHz header corrected to Hz; numeric rows preserved from 17f0a758.,three_columns_per_data_row;finite_numeric_data;strictly_increasing_frequency;declared_unit_Hz;corrected_frequency_unit_header;numeric_rows_preserved_from_17f0a758
Results/Touchstone_Files/ANT1466H_P1.s1p,60c4794b35a45ac0ca50d6bbe4c4de8c82b1bd7ac282257c64b8b74c953e628d,7984,touchstone_s1p,canonical_valid,ANT1466H,P1,201,Hz,10000000.0,2000000000.0,9526814538a0bef56065ac6d425fdcd543d59e11041d928751d893c4ca7a0aad,Legacy GHz header corrected to Hz; numeric rows preserved from 17f0a758.,three_columns_per_data_row;finite_numeric_data;strictly_increasing_frequency;declared_unit_Hz;corrected_frequency_unit_header;numeric_rows_preserved_from_17f0a758
Results/Touchstone_Files/ANT1466H_P2.s1p,da3818e598d31bc13b0c641b1c585a0422b11d336d5046b91cc7c1721bad6446,7985,touchstone_s1p,canonical_valid,ANT1466H,P2,201,Hz,10000000.0,2000000000.0,79aeb0b9a39a09257c650d5a1d801e560765d0ad49f7b630fdc29c30e532e675,Legacy GHz header corrected to Hz; numeric rows preserved from 17f0a758.,three_columns_per_data_row;finite_numeric_data;strictly_increasing_frequency;declared_unit_Hz;corrected_frequency_unit_header;numeric_rows_preserved_from_17f0a758
Results/Touchstone_Files/ANT1467H_P1.s1p,77c8b6741d7522569d01488bfc3231a097c91ebfa8328bfbf51308a51d49e2cd,7981,touchstone_s1p,canonical_valid,ANT1467H,P1,201,Hz,10000000.0,2000000000.0,fc7dde07749be7322b2fca1ff36178759a67f622f9385a0a9e3645b60bc0dc87,Legacy GHz header corrected to Hz; numeric rows preserved from 17f0a758.,three_columns_per_data_row;finite_numeric_data;strictly_increasing_frequency;declared_unit_Hz;corrected_frequency_unit_header;numeric_rows_preserved_from_17f0a758
Results/Touchstone_Files/ANT1467H_P2.s1p,df0dd6563d514f7c564e0de9d29c461bd1761e8ebe578bc27fd864edda43414f,7985,touchstone_s1p,canonical_valid,ANT1467H,P2,201,Hz,10000000.0,2000000000.0,a28aeadfa03375c54c33180d3ff568c16ca4be7712c7fb578fa2ce643cea0ee7,Legacy GHz header corrected to Hz; numeric rows preserved from 17f0a758.,three_columns_per_data_row;finite_numeric_data;strictly_increasing_frequency;declared_unit_Hz;corrected_frequency_unit_header;numeric_rows_preserved_from_17f0a758
Results/Touchstone_Files/ANT1468H_P1.s1p,49235ad11264e2c4559f69c6a4b7fe95ad968ec6395fe186de5c21fd6eafb667,7973,touchstone_s1p,canonical_valid,ANT1468H,P1,201,Hz,10000000.0,2000000000.0,1e8d5e9d8d74b472e5dfa33bc7a0d7431c09805fb830321148eb7e4d244c9507,Legacy GHz header corrected to Hz; numeric rows preserved from 17f0a758.,three_columns_per_data_row;finite_numeric_data;strictly_increasing_frequency;declared_unit_Hz;corrected_frequency_unit_header;numeric_rows_preserved_from_17f0a758
Results/Touchstone_Files/ANT1468H_P2.s1p,d31bdf0f2bd4a193b2fec4864e75806cb00f1cc455b369de11a6bef20541d976,7973,touchstone_s1p,canonical_valid,ANT1468H,P2,201,Hz,10000000.0,2000000000.0,c79ab8192e259a634ca464f5f51011c6637df4db453cde1c3c3883d07b0e32eb,Legacy GHz header corrected to Hz; numeric rows preserved from 17f0a758.,three_columns_per_data_row;finite_numeric_data;strictly_increasing_frequency;declared_unit_Hz;corrected_frequency_unit_header;numeric_rows_preserved_from_17f0a758
Results/Touchstone_Files/ANT1469H_P1.s1p,0b5d1b16a848b748f556fc27d6b77fdccffcd3d7a561b81f6703ebe79f2238b0,7966,touchstone_s1p,canonical_valid,ANT1469H,P1,201,Hz,10000000.0,2000000000.0,f095845318ee7e7294c919e035a5d27184276f3ba1076581275375ba879f38c7,Legacy GHz header corrected to Hz; numeric rows preserved from 17f0a758.,three_columns_per_data_row;finite_numeric_data;strictly_increasing_frequency;declared_unit_Hz;corrected_frequency_unit_header;numeric_rows_preserved_from_17f0a758
Results/Touchstone_Files/ANT1469H_P2.s1p,24e5240089f1324dc95a3184903a330eda6d3bfa4d6c2eeb64f2a59f8bc35d10,7984,touchstone_s1p,canonical_valid,ANT1469H,P2,201,Hz,10000000.0,2000000000.0,d1aaa42cc39759df660d31fa0456072cd2a66d341525b3ba6a635be43f1b72e3,Legacy GHz header corrected to Hz; numeric rows preserved from 17f0a758.,three_columns_per_data_row;finite_numeric_data;strictly_increasing_frequency;declared_unit_Hz;corrected_frequency_unit_header;numeric_rows_preserved_from_17f0a758
Results/Touchstone_Files/ANT1470H_P1 (2).s1p,456636724fe1a70037e495ea7824971a3c23a0a207a36656837077731121ff3c,7947,touchstone_s1p,canonical_valid,ANT1470H,P1,201,Hz,10000000.0,2000000000.0,152ef04716687dc42aca036345b21e21d65ab687816cecda46120d2bbee5f321,Legacy GHz header corrected to Hz; numeric rows preserved from 17f0a758.,three_columns_per_data_row;finite_numeric_data;strictly_increasing_frequency;declared_unit_Hz;corrected_frequency_unit_header;numeric_rows_preserved_from_17f0a758
Results/Touchstone_Files/ANT1470H_P2 (2).s1p,ad875276cb02afb57a09d256b9cde8714200fefc0e4054daf62ddfc2c63bb126,7966,touchstone_s1p,canonical_valid,ANT1470H,P2,201,Hz,10000000.0,2000000000.0,107a89a1a8eb775c40bff5e2581538ef9e4bc2f69bc4178d8526422ade023533,Legacy GHz header corrected to Hz; numeric rows preserved from 17f0a758.,three_columns_per_data_row;finite_numeric_data;strictly_increasing_frequency;declared_unit_Hz;corrected_frequency_unit_header;numeric_rows_preserved_from_17f0a758
Results/Touchstone_Files/ANT1470h_P1.s1p,264b0766c73a7708074f96f8cf7883860fb3bc4e80b021ca588afe904b101c8e,7958,touchstone_s1p,canonical_valid,ANT1470h,P1,201,Hz,10000000.0,2000000000.0,9a4304feaebf0d4027356596202663b5de823fcdf169057fce9ca3159c6c9283,Legacy GHz header corrected to Hz; numeric rows preserved from 17f0a758.,three_columns_per_data_row;finite_numeric_data;strictly_increasing_frequency;declared_unit_Hz;corrected_frequency_unit_header;numeric_rows_preserved_from_17f0a758
Results/Touchstone_Files/ANT1470h_P2.s1p,b561ecd33497944ca00dbe2539e96e0a7e368d1a7081fa23038e97b1769ec404,7959,touchstone_s1p,canonical_valid,ANT1470h,P2,201,Hz,10000000.0,2000000000.0,910639d9a5d81bb61bb9b2de4aa374abad148f480702cc1e8973fc7be1f14aec,Legacy GHz header corrected to Hz; numeric rows preserved from 17f0a758.,three_columns_per_data_row;finite_numeric_data;strictly_increasing_frequency;declared_unit_Hz;corrected_frequency_unit_header;numeric_rows_preserved_from_17f0a758
Results/Touchstone_Files/ANT1471H_P1.s1p,838cfbfb5af7625793224d64b92de311bfe73a0dd5937ec6967ac1aa2f8da0db,7951,touchstone_s1p,canonical_valid,ANT1471H,P1,201,Hz,10000000.0,2000000000.0,92f674ae4fe6b0473c5384b4145ef1ba862110db64277836f9a18bceb6bd5f6c,Legacy GHz header corrected to Hz; numeric rows preserved from 17f0a758.,three_columns_per_data_row;finite_numeric_data;strictly_increasing_frequency;declared_unit_Hz;corrected_frequency_unit_header;numeric_rows_preserved_from_17f0a758
Results/Touchstone_Files/ANT1471H_P2.s1p,1a30d7c03df510b35a5e749137895508b3c20f6659c9cf456c57df216e024883,7950,touchstone_s1p,canonical_valid,ANT1471H,P2,201,Hz,10000000.0,2000000000.0,dbd94720ba27b777e64617f19ec74340a94f2b09d2f1361b3fab4ba17cd6ef5f,Legacy GHz header corrected to Hz; numeric rows preserved from 17f0a758.,three_columns_per_data_row;finite_numeric_data;strictly_increasing_frequency;declared_unit_Hz;corrected_frequency_unit_header;numeric_rows_preserved_from_17f0a758
Results/Touchstone_Files/ANT1472H_P1.s1p,1f40c1bd02c43be550d002f428dc10cebe76f27e24cef15357219b0fdf4efe74,8150,touchstone_s1p,canonical_valid,ANT1472H,P1,201,Hz,10000000.0,2000000000.0,46c64d6009f5c4de867e33dd11edbc11ee29c8370d443d24918ecf4462e50b46,Legacy GHz header corrected to Hz; numeric rows preserved from 17f0a758.,three_columns_per_data_row;finite_numeric_data;strictly_increasing_frequency;declared_unit_Hz;corrected_frequency_unit_header;numeric_rows_preserved_from_17f0a758
Results/Touchstone_Files/ANT1472H_P2.s1p,e70ec0444013294f4d92f8b990b0730c53eeaf0b28455ca46574ec93705f5fb2,8166,touchstone_s1p,canonical_valid,ANT1472H,P2,201,Hz,10000000.0,2000000000.0,9618332693079b3e75bd6685cb2ebedc00b071fc71f9c3f72e8b2047a9679192,Legacy GHz header corrected to Hz; numeric rows preserved from 17f0a758.,three_columns_per_data_row;finite_numeric_data;strictly_increasing_frequency;declared_unit_Hz;corrected_frequency_unit_header;numeric_rows_preserved_from_17f0a758
Results/Touchstone_Files/ANT1472_P1.s1p,5c3cc84801937a46fc5a89ac85d76e4474fac46f05cd1eb404458519f01cd654,7972,touchstone_s1p,canonical_valid,ANT1472,P1,201,Hz,10000000.0,2000000000.0,28befcbc6182d7e7e64ed24e72eb5269d6b54938ac602f2262f240d94020df4b,Legacy GHz header corrected to Hz; numeric rows preserved from 17f0a758.,three_columns_per_data_row;finite_numeric_data;strictly_increasing_frequency;declared_unit_Hz;corrected_frequency_unit_header;numeric_rows_preserved_from_17f0a758
Results/Touchstone_Files/ANT1472_P2.s1p,7c17d26880983a06d8c3bb9a939cc966edd34e7dfb61ea54a372d4ce4ac1fc96,7969,touchstone_s1p,canonical_valid,ANT1472,P2,201,Hz,10000000.0,2000000000.0,8fa156382243f4e7371eb0a40f196e0411c3da7908aeda5ddf61eb3bbadcfddf,Legacy GHz header corrected to Hz; numeric rows preserved from 17f0a758.,three_columns_per_data_row;finite_numeric_data;strictly_increasing_frequency;declared_unit_Hz;corrected_frequency_unit_header;numeric_rows_preserved_from_17f0a758
Results/Touchstone_Files/ANT1473H_P1.s1p,e385e3c4a03f0d9d1b38bb17b8410f30fe2ce4d321b7d19bb788f335bcfbf34b,8166,touchstone_s1p,canonical_valid,ANT1473H,P1,201,Hz,10000000.0,2000000000.0,c43d3fe06819b24a40578da8ccd0e0702a1e303ea71ce852126ba0283cf5ddab,Legacy GHz header corrected to Hz; numeric rows preserved from 17f0a758.,three_columns_per_data_row;finite_numeric_data;strictly_increasing_frequency;declared_unit_Hz;corrected_frequency_unit_header;numeric_rows_preserved_from_17f0a758
Results/Touchstone_Files/ANT1473H_P2.s1p,e1817678cd1d412f20b53800e42ac6c89aea3141981736269f31bf88e58a5f91,8172,touchstone_s1p,canonical_valid,ANT1473H,P2,201,Hz,10000000.0,2000000000.0,6cc9c7745bf72d89551ba3b10c8e4c99c51f2773aa4afaa7918b7cb06f3c40f1,Legacy GHz header corrected to Hz; numeric rows preserved from 17f0a758.,three_columns_per_data_row;finite_numeric_data;strictly_increasing_frequency;declared_unit_Hz;corrected_frequency_unit_header;numeric_rows_preserved_from_17f0a758
Results/Touchstone_Files/ANT1473_P1.s1p,b12df2a7ff31b77376ae373a1ce6b4bdf3dfcacf0e32e03449d68712de767fe9,7958,touchstone_s1p,canonical_valid,ANT1473,P1,201,Hz,10000000.0,2000000000.0,08a3db99bb05ccf8e896390f651bf3846cd3945b695b89788d255b512b681f20,Legacy GHz header corrected to Hz; numeric rows preserved from 17f0a758.,three_columns_per_data_row;finite_numeric_data;strictly_increasing_frequency;declared_unit_Hz;corrected_frequency_unit_header;numeric_rows_preserved_from_17f0a758
Results/Touchstone_Files/ANT1473_P2.s1p,e1e5dff0820b8c2d8f024c4e1dddc8bef7941ead7c671735130f92499d92e734,7950,touchstone_s1p,canonical_valid,ANT1473,P2,201,Hz,10000000.0,2000000000.0,480082567ffe34a50ec5189f2701e6c09512397fc232f57bd0c415174efcbc4b,Legacy GHz header corrected to Hz; numeric rows preserved from 17f0a758.,three_columns_per_data_row;finite_numeric_data;strictly_increasing_frequency;declared_unit_Hz;corrected_frequency_unit_header;numeric_rows_preserved_from_17f0a758
Results/Touchstone_Files/ANT1474H_P1.s1p,4e3f0977b13a9fa8cf63af8e9ba11ea61bb665d8ef702b9ff4ba21ce9351793f,8168,touchstone_s1p,canonical_valid,ANT1474H,P1,201,Hz,10000000.0,2000000000.0,d9cce3610776f86b5bc5ccd1ebb287f06aacdbb4cf868c6ff1f248403510a018,Legacy GHz header corrected to Hz; numeric rows preserved from 17f0a758.,three_columns_per_data_row;finite_numeric_data;strictly_increasing_frequency;declared_unit_Hz;corrected_frequency_unit_header;numeric_rows_preserved_from_17f0a758
Results/Touchstone_Files/ANT1474H_P2.s1p,e277e07f0713d8fe62512d5152b326c789ab7bab0d0705fa28f555026970e2a9,8168,touchstone_s1p,canonical_valid,ANT1474H,P2,201,Hz,10000000.0,2000000000.0,97c013b4a1de59f51ae4a43deac3d9509386ce5d100cec18792504dd8743c6eb,Legacy GHz header corrected to Hz; numeric rows preserved from 17f0a758.,three_columns_per_data_row;finite_numeric_data;strictly_increasing_frequency;declared_unit_Hz;corrected_frequency_unit_header;numeric_rows_preserved_from_17f0a758
Results/Touchstone_Files/ANT1474_P1.s1p,ba65f3172c7c1389ded411eedef9572e45053f590065784dd509f4cd9cdd364d,7960,touchstone_s1p,canonical_valid,ANT1474,P1,201,Hz,10000000.0,2000000000.0,d65c114f700bd3fec9eaa30c32d0c0ebe05bb6ad79692edc3e3fef568cee4f31,Legacy GHz header corrected to Hz; numeric rows preserved from 17f0a758.,three_columns_per_data_row;finite_numeric_data;strictly_increasing_frequency;declared_unit_Hz;corrected_frequency_unit_header;numeric_rows_preserved_from_17f0a758
Results/Touchstone_Files/ANT1474_P2.s1p,89711fb8bfb7894e8aa6f519346d0a1ada7381b70cf07595fa8295b75a067644,7966,touchstone_s1p,canonical_valid,ANT1474,P2,201,Hz,10000000.0,2000000000.0,adb00a85182d5d9f5fc381f97a6e2df437827fcd054cb657cc76e0f2e0b1b892,Legacy GHz header corrected to Hz; numeric rows preserved from 17f0a758.,three_columns_per_data_row;finite_numeric_data;strictly_increasing_frequency;declared_unit_Hz;corrected_frequency_unit_header;numeric_rows_preserved_from_17f0a758
Results/Touchstone_Files/ANT1475H_P1.s1p,fccc06471ac9afca36e7010fa64210585c682fea9cd733ef1313cef4cde6752f,8180,touchstone_s1p,canonical_valid,ANT1475H,P1,201,Hz,10000000.0,2000000000.0,156601e3354262b544469edf52ed5b406884a25f6b75c54ef7a63a5199d4aea3,Legacy GHz header corrected to Hz; numeric rows preserved from 17f0a758.,three_columns_per_data_row;finite_numeric_data;strictly_increasing_frequency;declared_unit_Hz;corrected_frequency_unit_header;numeric_rows_preserved_from_17f0a758
Results/Touchstone_Files/ANT1475H_P2.s1p,927c9eb720ac9e113220dfbee851c8dd3990aa12bcb528475fdb5f601056a21e,8170,touchstone_s1p,canonical_valid,ANT1475H,P2,201,Hz,10000000.0,2000000000.0,0d5302a984e3ab9f86b8fcf0d17c607534fe7634772f38543bb652019be9ab0c,Legacy GHz header corrected to Hz; numeric rows preserved from 17f0a758.,three_columns_per_data_row;finite_numeric_data;strictly_increasing_frequency;declared_unit_Hz;corrected_frequency_unit_header;numeric_rows_preserved_from_17f0a758
Results/Touchstone_Files/ANT1475_P1.s1p,2341ef3a6c58ba10c3006afd1645b619373823ff27427f8c33f6a117742e2067,7964,touchstone_s1p,canonical_valid,ANT1475,P1,201,Hz,10000000.0,2000000000.0,5806794d251b4f9bd24d9818b223430c8d02548359f22152887083260ca3592e,Legacy GHz header corrected to Hz; numeric rows preserved from 17f0a758.,three_columns_per_data_row;finite_numeric_data;strictly_increasing_frequency;declared_unit_Hz;corrected_frequency_unit_header;numeric_rows_preserved_from_17f0a758
Results/Touchstone_Files/ANT1475_P2.s1p,b5cccc59d32910af6c202aed3188d8510742970456be2ede92fd54de6efbabdd,7959,touchstone_s1p,canonical_valid,ANT1475,P2,201,Hz,10000000.0,2000000000.0,735d94097bc3b22e1506737ae10f5196d8f12db2524bfb601477981aa37681cd,Legacy GHz header corrected to Hz; numeric rows preserved from 17f0a758.,three_columns_per_data_row;finite_numeric_data;strictly_increasing_frequency;declared_unit_Hz;corrected_frequency_unit_header;numeric_rows_preserved_from_17f0a758
Results/Touchstone_Files/ANT1476H_P1.s1p,a002e8783b937380cb36ff881c0bf7ed5160f309825e844a20cb1e1c65d4b25c,8140,touchstone_s1p,canonical_valid,ANT1476H,P1,201,Hz,10000000.0,2000000000.0,a944690b9f78909ffbf88d69a42b7e1d4ff4a7d4fbac97e46d77c449cf62dc1a,Legacy GHz header corrected to Hz; numeric rows preserved from 17f0a758.,three_columns_per_data_row;finite_numeric_data;strictly_increasing_frequency;declared_unit_Hz;corrected_frequency_unit_header;numeric_rows_preserved_from_17f0a758
Results/Touchstone_Files/ANT1476H_P2.s1p,6fd51834cc94bfa94ed44a6f974608f9af0815564dbc39a36251ba6eed70c5c8,8154,touchstone_s1p,canonical_valid,ANT1476H,P2,201,Hz,10000000.0,2000000000.0,f9cae3c9877dbab11cd809259b87921a63977aa388bf1bebfd5e2063b25f391f,Legacy GHz header corrected to Hz; numeric rows preserved from 17f0a758.,three_columns_per_data_row;finite_numeric_data;strictly_increasing_frequency;declared_unit_Hz;corrected_frequency_unit_header;numeric_rows_preserved_from_17f0a758
Results/Touchstone_Files/ANT1476_P1.s1p,4881893c2a744b64ebad884b9fd367a533e63842d129436b71ff88f915b5151d,7945,touchstone_s1p,canonical_valid,ANT1476,P1,201,Hz,10000000.0,2000000000.0,c41d79edd2821cf16f02087fb5f24c9384d14b9e7528fa7e4cdc2295103f83b1,Legacy GHz header corrected to Hz; numeric rows preserved from 17f0a758.,three_columns_per_data_row;finite_numeric_data;strictly_increasing_frequency;declared_unit_Hz;corrected_frequency_unit_header;numeric_rows_preserved_from_17f0a758
Results/Touchstone_Files/ANT1476_P2.s1p,38dba5685e9c39e059d41b3f6ac832303a2e22d214ea8211f092897a455ffa37,7962,touchstone_s1p,canonical_valid,ANT1476,P2,201,Hz,10000000.0,2000000000.0,ddca8242fa9a575c053c640a45c9a295e5007c3135e285ef30d5df22962851dd,Legacy GHz header corrected to Hz; numeric rows preserved from 17f0a758.,three_columns_per_data_row;finite_numeric_data;strictly_increasing_frequency;declared_unit_Hz;corrected_frequency_unit_header;numeric_rows_preserved_from_17f0a758
Results/Touchstone_Files/ANT1477_P1.s1p,f4a62368b6f9639d072e600dc5205435922d37eced707bb24020a7143f05fd22,7967,touchstone_s1p,canonical_valid,ANT1477,P1,201,Hz,10000000.0,2000000000.0,f996971c068c5117cd2d190a93b5579c000b8008caeb508e32474247395b3864,Legacy GHz header corrected to Hz; numeric rows preserved from 17f0a758.,three_columns_per_data_row;finite_numeric_data;strictly_increasing_frequency;declared_unit_Hz;corrected_frequency_unit_header;numeric_rows_preserved_from_17f0a758
Results/Touchstone_Files/ANT1477_P2.s1p,c814de5c779f5cefeba1094443ed600b51816b0a0700f5fc2d67b65b0c0751b1,7965,touchstone_s1p,canonical_valid,ANT1477,P2,201,Hz,10000000.0,2000000000.0,e1e3b96abbaf6e664ab856920d649657fc5054e683aeaee5d2a8964a54476bf2,Legacy GHz header corrected to Hz; numeric rows preserved from 17f0a758.,three_columns_per_data_row;finite_numeric_data;strictly_increasing_frequency;declared_unit_Hz;corrected_frequency_unit_header;numeric_rows_preserved_from_17f0a758
Results/Touchstone_Files/ANT1477h_P1.s1p,215d05a2e9009c352d95cac1b504bd4b8474ea96880ebbd1937b079fd1b9ad20,8176,touchstone_s1p,canonical_valid,ANT1477h,P1,201,Hz,10000000.0,2000000000.0,596196e1d9250d54bc54cf228a99e99bbe8618296790d046776a91bf615e2c33,Legacy GHz header corrected to Hz; numeric rows preserved from 17f0a758.,three_columns_per_data_row;finite_numeric_data;strictly_increasing_frequency;declared_unit_Hz;corrected_frequency_unit_header;numeric_rows_preserved_from_17f0a758
Results/Touchstone_Files/ANT1477h_P2.s1p,d4d22d251d271f69949fed80ce7604e355c3fbd585a1d2df245c90340f2c9f08,8185,touchstone_s1p,canonical_valid,ANT1477h,P2,201,Hz,10000000.0,2000000000.0,eec74d06c9bb3d148e34f76785cc72ec606e7435a390e2e0aad302751196db89,Legacy GHz header corrected to Hz; numeric rows preserved from 17f0a758.,three_columns_per_data_row;finite_numeric_data;strictly_increasing_frequency;declared_unit_Hz;corrected_frequency_unit_header;numeric_rows_preserved_from_17f0a758
Results/Touchstone_Files/ANT1478H_P1.s1p,68d4908201acc59c4d68bf83a0ed1ec5cdc73b0b9d82e666725f00d9aea85aa1,8180,touchstone_s1p,canonical_valid,ANT1478H,P1,201,Hz,10000000.0,2000000000.0,0afbd4a2a2e3773fd45cbc284554449531f442dbd712cae732d656f6d660b6ca,Legacy GHz header corrected to Hz; numeric rows preserved from 17f0a758.,three_columns_per_data_row;finite_numeric_data;strictly_increasing_frequency;declared_unit_Hz;corrected_frequency_unit_header;numeric_rows_preserved_from_17f0a758
Results/Touchstone_Files/ANT1478H_P2.s1p,42f6e60d1893244ee235646a9f98c881d81c7cadd8d5d8ddebc5ca3efc430197,8178,touchstone_s1p,canonical_valid,ANT1478H,P2,201,Hz,10000000.0,2000000000.0,5297b6a85a79d5089107eeea1dee34aa556b5c053380df7a966889eac6e8dc19,Legacy GHz header corrected to Hz; numeric rows preserved from 17f0a758.,three_columns_per_data_row;finite_numeric_data;strictly_increasing_frequency;declared_unit_Hz;corrected_frequency_unit_header;numeric_rows_preserved_from_17f0a758
Results/Touchstone_Files/ANT1478_P1.s1p,be05e7a276ac8880b55ae5c9f4fbddf3ec1379e5549310edd45b56442de26ae2,7961,touchstone_s1p,canonical_valid,ANT1478,P1,201,Hz,10000000.0,2000000000.0,714e5cc31932da7027d144e6db252f36d2118d068d3bdf4f5ddbb86cacad2976,Legacy GHz header corrected to Hz; numeric rows preserved from 17f0a758.,three_columns_per_data_row;finite_numeric_data;strictly_increasing_frequency;declared_unit_Hz;corrected_frequency_unit_header;numeric_rows_preserved_from_17f0a758
Results/Touchstone_Files/ANT1478_P2.s1p,542af12f8669631166b08b78a779e2b6f1ade4b5c64f40379afd521da1567db0,7962,touchstone_s1p,canonical_valid,ANT1478,P2,201,Hz,10000000.0,2000000000.0,7c31f4a74e9815942150a4b99b7db54646fca8283565d54f2f0b6b1723ee52c3,Legacy GHz header corrected to Hz; numeric rows preserved from 17f0a758.,three_columns_per_data_row;finite_numeric_data;strictly_increasing_frequency;declared_unit_Hz;corrected_frequency_unit_header;numeric_rows_preserved_from_17f0a758
Results/Touchstone_Files/ANT1479_P1.s1p,76b4085fed5a1a531cbdf588b5c56896b7d0dc900f56e4d22f622251dac473bf,7962,touchstone_s1p,canonical_valid,ANT1479,P1,201,Hz,10000000.0,2000000000.0,770b141c4391c644ade796a9c11e0e1b2139ad2f772a46b1e78d80d17a869439,Legacy GHz header corrected to Hz; numeric rows preserved from 17f0a758.,three_columns_per_data_row;finite_numeric_data;strictly_increasing_frequency;declared_unit_Hz;corrected_frequency_unit_header;numeric_rows_preserved_from_17f0a758
Results/Touchstone_Files/ANT1479_P2.s1p,c788558b32bc1a2a604e49ad51535dd0203e0b64f14bfbfd9af0d2d47c5f07d4,7959,touchstone_s1p,canonical_valid,ANT1479,P2,201,Hz,10000000.0,2000000000.0,b8f4afc27dc95154a07fb546dc44e3f15f674331a1846ea0b87ccac48e0bca97,Legacy GHz header corrected to Hz; numeric rows preserved from 17f0a758.,three_columns_per_data_row;finite_numeric_data;strictly_increasing_frequency;declared_unit_Hz;corrected_frequency_unit_header;numeric_rows_preserved_from_17f0a758
Results/Touchstone_Files/ANT1479h_P1.s1p,34aa09e912ebaf13088158e770c43fab9b6a814c770e703c7e37adc81b4f54b8,8151,touchstone_s1p,canonical_valid,ANT1479h,P1,201,Hz,10000000.0,2000000000.0,346f95a6485e0da4aa8346c2c0e0c46ad62f3aab08ae2f4d0c6b6d4ebea2cceb,Legacy GHz header corrected to Hz; numeric rows preserved from 17f0a758.,three_columns_per_data_row;finite_numeric_data;strictly_increasing_frequency;declared_unit_Hz;corrected_frequency_unit_header;numeric_rows_preserved_from_17f0a758
Results/Touchstone_Files/ANT1479h_P2.s1p,254b05d9ff45f9edda1ea5390c6bfc3f22807a5bdbfe6fe92deb0a2d3ec61565,8169,touchstone_s1p,canonical_valid,ANT1479h,P2,201,Hz,10000000.0,2000000000.0,ebe4e24e060904ca6b46f048e581f1d3987379afb68f729d5578c341682db994,Legacy GHz header corrected to Hz; numeric rows preserved from 17f0a758.,three_columns_per_data_row;finite_numeric_data;strictly_increasing_frequency;declared_unit_Hz;corrected_frequency_unit_header;numeric_rows_preserved_from_17f0a758
Results/Touchstone_Files/ANT1480H_P1.s1p,8c3912ed84072a720cb5d365d29f360dd187be94b3b4fbe4a574461b4a8f7b22,8175,touchstone_s1p,canonical_valid,ANT1480H,P1,201,Hz,10000000.0,2000000000.0,12d78471783319dd8d4b8e3814c029d82fb28f87e1f88fb79868ab79a3ffbc4e,Legacy GHz header corrected to Hz; numeric rows preserved from 17f0a758.,three_columns_per_data_row;finite_numeric_data;strictly_increasing_frequency;declared_unit_Hz;corrected_frequency_unit_header;numeric_rows_preserved_from_17f0a758
Results/Touchstone_Files/ANT1480H_P2.s1p,cbf375bd70308905bf0d04424d476549752df33a5c051ce30bbfd3e865fdec34,8170,touchstone_s1p,canonical_valid,ANT1480H,P2,201,Hz,10000000.0,2000000000.0,8cbb8d1055aefc6bb83b5d3afbd77c2c82867c82d095c7d87472bc92840f7bbf,Legacy GHz header corrected to Hz; numeric rows preserved from 17f0a758.,three_columns_per_data_row;finite_numeric_data;strictly_increasing_frequency;declared_unit_Hz;corrected_frequency_unit_header;numeric_rows_preserved_from_17f0a758
Results/Touchstone_Files/ANT1480_P1.s1p,875b20c89e3be1d6e203a86491efe76dc1037cc124209771688f4bb0291957b4,7970,touchstone_s1p,canonical_valid,ANT1480,P1,201,Hz,10000000.0,2000000000.0,6d1f223a99935a6c4393dff86b0b62b14345230cd05ceffdcda210f72829f370,Legacy GHz header corrected to Hz; numeric rows preserved from 17f0a758.,three_columns_per_data_row;finite_numeric_data;strictly_increasing_frequency;declared_unit_Hz;corrected_frequency_unit_header;numeric_rows_preserved_from_17f0a758
Results/Touchstone_Files/ANT1480_P2.s1p,90e65b1389878eac6db11b0751f2f000bda6d5c9b9a42a38405845c97d826f78,7952,touchstone_s1p,canonical_valid,ANT1480,P2,201,Hz,10000000.0,2000000000.0,3c1f88921586327b82b908234924ebc998a5dd716be1d8daf0959fedb3dc94a7,Legacy GHz header corrected to Hz; numeric rows preserved from 17f0a758.,three_columns_per_data_row;finite_numeric_data;strictly_increasing_frequency;declared_unit_Hz;corrected_frequency_unit_header;numeric_rows_preserved_from_17f0a758
Results/Touchstone_Files/ANT1481H_P1.s1p,0c8e8b198a2a733e5578c6854d93645d341f8ca6328b86d84f908355bc29aedb,8169,touchstone_s1p,canonical_valid,ANT1481H,P1,201,Hz,10000000.0,2000000000.0,4f0270fa0695fd94df40a24f07ae14f83434e4fc617a3019e69ac6cf2a82de2d,Legacy GHz header corrected to Hz; numeric rows preserved from 17f0a758.,three_columns_per_data_row;finite_numeric_data;strictly_increasing_frequency;declared_unit_Hz;corrected_frequency_unit_header;numeric_rows_preserved_from_17f0a758
Results/Touchstone_Files/ANT1481_P1.s1p,c845bfbbcaecefea9e9836ff07503b89ea9826de30e6cd610d680ab82e904752,7959,touchstone_s1p,canonical_valid,ANT1481,P1,201,Hz,10000000.0,2000000000.0,d84aea11cc6474f36736a8f388584a2408b05df1d5c296b5c3b8adfc15386e2e,Legacy GHz header corrected to Hz; numeric rows preserved from 17f0a758.,three_columns_per_data_row;finite_numeric_data;strictly_increasing_frequency;declared_unit_Hz;corrected_frequency_unit_header;numeric_rows_preserved_from_17f0a758
Results/Touchstone_Files/ANT1481_P2.s1p,8e139ebc351964e4c02bc626c91e21d7264afbf8cfabcc812875388ca3f7dc61,7948,touchstone_s1p,canonical_valid,ANT1481,P2,201,Hz,10000000.0,2000000000.0,cdfe46ce91bbc354ed928637637d63f6d351bbdd81e22aa8c86df7c2e09865d6,Legacy GHz header corrected to Hz; numeric rows preserved from 17f0a758.,three_columns_per_data_row;finite_numeric_data;strictly_increasing_frequency;declared_unit_Hz;corrected_frequency_unit_header;numeric_rows_preserved_from_17f0a758
Results/Touchstone_Files/ANT1482_P1.s1p,fa8d2e0cb12eed0dd2683ea7f0135bb027a4831e861754a8d4f1632d7097b726,7967,touchstone_s1p,canonical_valid,ANT1482,P1,201,Hz,10000000.0,2000000000.0,b521be35e9111bcb5c40c7d1d83b6ba336cca93437cbff68352f92ff1feccc11,Legacy GHz header corrected to Hz; numeric rows preserved from 17f0a758.,three_columns_per_data_row;finite_numeric_data;strictly_increasing_frequency;declared_unit_Hz;corrected_frequency_unit_header;numeric_rows_preserved_from_17f0a758
Results/Touchstone_Files/ANT1482_P2.s1p,d307043ffc21a7684d9e3786bc33676e194abc028ec52da547147f7127af1e78,7961,touchstone_s1p,canonical_valid,ANT1482,P2,201,Hz,10000000.0,2000000000.0,fac9876f183d776b0006a6e8306e7a9e00fc240e2d158d8deab3808371b390f5,Legacy GHz header corrected to Hz; numeric rows preserved from 17f0a758.,three_columns_per_data_row;finite_numeric_data;strictly_increasing_frequency;declared_unit_Hz;corrected_frequency_unit_header;numeric_rows_preserved_from_17f0a758
Results/Touchstone_Files/ANT1483_P1.s1p,b20fe1825822e07896a5d1d61391a01e1487b93472f742fa1cfdf56f1beb4400,7953,touchstone_s1p,canonical_valid,ANT1483,P1,201,Hz,10000000.0,2000000000.0,3da0def882a8f122840265e649639325d6a7b613610dfa8078e7479a65572e41,Legacy GHz header corrected to Hz; numeric rows preserved from 17f0a758.,three_columns_per_data_row;finite_numeric_data;strictly_increasing_frequency;declared_unit_Hz;corrected_frequency_unit_header;numeric_rows_preserved_from_17f0a758
Results/Touchstone_Files/ANT1483_P2.s1p,4f63a84c5af4b67132794d5a9bf04d1a57e4468238481efe6f3a46963d30b054,7964,touchstone_s1p,canonical_valid,ANT1483,P2,201,Hz,10000000.0,2000000000.0,0a4da4b191e6869acd37aa6f727f32aebb9c7316e7a1a5d129b6b4a9ebb93132,Legacy GHz header corrected to Hz; numeric rows preserved from 17f0a758.,three_columns_per_data_row;finite_numeric_data;strictly_increasing_frequency;declared_unit_Hz;corrected_frequency_unit_header;numeric_rows_preserved_from_17f0a758
Results/Touchstone_Files/ANT1483h_P1.s1p,f27f795a165f416f7bbee1e13dfad850535b8a4f236dfacfdae1863b87d2a3c2,7960,touchstone_s1p,canonical_valid,ANT1483h,P1,201,Hz,10000000.0,2000000000.0,bd3216a7f7bab6ce6d5d5a2c7b03fb02d6a4965726f4f4b744b56a88fe3cbcd9,Legacy GHz header corrected to Hz; numeric rows preserved from 17f0a758.,three_columns_per_data_row;finite_numeric_data;strictly_increasing_frequency;declared_unit_Hz;corrected_frequency_unit_header;numeric_rows_preserved_from_17f0a758
Results/Touchstone_Files/ANT1483h_P2.s1p,b644cb80aae713500a399e0568d6a0ca452acbfb8018baed143285a5038adf94,7968,touchstone_s1p,canonical_valid,ANT1483h,P2,201,Hz,10000000.0,2000000000.0,24d82bd9d717e2d131992ecbe4fcb5f61b5fac06f242bcf0547bef5e76efc2ee,Legacy GHz header corrected to Hz; numeric rows preserved from 17f0a758.,three_columns_per_data_row;finite_numeric_data;strictly_increasing_frequency;declared_unit_Hz;corrected_frequency_unit_header;numeric_rows_preserved_from_17f0a758
Results/Touchstone_Files/ANT1484H_P1.s1p,46e9afd2927c2ed61df38375bf308c897d6cf429f4b331a3ed330c3b7c8d4589,7968,touchstone_s1p,canonical_valid,ANT1484H,P1,201,Hz,10000000.0,2000000000.0,1ed06f35e930955153966293e94f64311f270d4914e841edf9c9d69d0fd92e9c,Legacy GHz header corrected to Hz; numeric rows preserved from 17f0a758.,three_columns_per_data_row;finite_numeric_data;strictly_increasing_frequency;declared_unit_Hz;corrected_frequency_unit_header;numeric_rows_preserved_from_17f0a758
Results/Touchstone_Files/ANT1484H_P2.s1p,3f00f83207d680d70f1632a58f627fa9ab5ee4caf804d1b5b9278be2c87d0ad5,7963,touchstone_s1p,canonical_valid,ANT1484H,P2,201,Hz,10000000.0,2000000000.0,bd74998228ea2751aa92a88e80c230762a71ffe42b1f70bb01bf784812f2febe,Legacy GHz header corrected to Hz; numeric rows preserved from 17f0a758.,three_columns_per_data_row;finite_numeric_data;strictly_increasing_frequency;declared_unit_Hz;corrected_frequency_unit_header;numeric_rows_preserved_from_17f0a758
Results/Touchstone_Files/ANT1484_P1.s1p,4e246a4f6a661d9a281c13abf07ae04807769820f39f148347d42e82a483d51f,7964,touchstone_s1p,canonical_valid,ANT1484,P1,201,Hz,10000000.0,2000000000.0,e0588655f8a6e00b5f34dd27acb7738ff54f4f3220b8e1bffb72fe9c637b313e,Legacy GHz header corrected to Hz; numeric rows preserved from 17f0a758.,three_columns_per_data_row;finite_numeric_data;strictly_increasing_frequency;declared_unit_Hz;corrected_frequency_unit_header;numeric_rows_preserved_from_17f0a758
Results/Touchstone_Files/ANT1484_P2.s1p,f63cf1c647de54be80a84b657e6bd44c8960201be5715e920266d3dab2d9eb91,7947,touchstone_s1p,canonical_valid,ANT1484,P2,201,Hz,10000000.0,2000000000.0,58f60c7f93dc7ee215ffe043731c6d702a5463a836981dc8b4a7fe4bde1f0590,Legacy GHz header corrected to Hz; numeric rows preserved from 17f0a758.,three_columns_per_data_row;finite_numeric_data;strictly_increasing_frequency;declared_unit_Hz;corrected_frequency_unit_header;numeric_rows_preserved_from_17f0a758
Results/Touchstone_Files/ANT1485_P1.s1p,2c681cd9c86bb9a67cf6d97cf8b2c56a724658c5f1cae6e220318378ca8aec22,7955,touchstone_s1p,canonical_valid,ANT1485,P1,201,Hz,10000000.0,2000000000.0,a252d650b591369518c97aba6a552141cfd7e249f48330cb272045125d6f4f90,Legacy GHz header corrected to Hz; numeric rows preserved from 17f0a758.,three_columns_per_data_row;finite_numeric_data;strictly_increasing_frequency;declared_unit_Hz;corrected_frequency_unit_header;numeric_rows_preserved_from_17f0a758
Results/Touchstone_Files/ANT1485_P2.s1p,b2902f82acbe13b6f2683665c5ca4b77f42068a3bd3dc0592b6a9dd2dbdc69d8,7960,touchstone_s1p,canonical_valid,ANT1485,P2,201,Hz,10000000.0,2000000000.0,17cfe57adf1cdc71e8ade91046a124e00341c191930c8052d6cd25ef3d4e76eb,Legacy GHz header corrected to Hz; numeric rows preserved from 17f0a758.,three_columns_per_data_row;finite_numeric_data;strictly_increasing_frequency;declared_unit_Hz;corrected_frequency_unit_header;numeric_rows_preserved_from_17f0a758
Results/Touchstone_Files/ANT1486H_P1.s1p,850463f5dd82f9a3baddc5e7150f8364f5ef35b32db10db6b65f21b365dc28b7,7964,touchstone_s1p,canonical_valid,ANT1486H,P1,201,Hz,10000000.0,2000000000.0,557309d0d6b0483f5727f82b16201c7c3f32503ff7ee827efe9b09c07bf608aa,Legacy GHz header corrected to Hz; numeric rows preserved from 17f0a758.,three_columns_per_data_row;finite_numeric_data;strictly_increasing_frequency;declared_unit_Hz;corrected_frequency_unit_header;numeric_rows_preserved_from_17f0a758
Results/Touchstone_Files/ANT1486H_P2.s1p,84cbdbd822f5a6e235d1a03c477e7acf45e7c3285bb1c685b7b66ff5e7077bdf,7960,touchstone_s1p,canonical_valid,ANT1486H,P2,201,Hz,10000000.0,2000000000.0,4b7587a9b9a235d51f0c11537f04e8bfc40dd799401c2ea4aff94d61bbd16d8c,Legacy GHz header corrected to Hz; numeric rows preserved from 17f0a758.,three_columns_per_data_row;finite_numeric_data;strictly_increasing_frequency;declared_unit_Hz;corrected_frequency_unit_header;numeric_rows_preserved_from_17f0a758
Results/Touchstone_Files/ANT1486_P1.s1p,a9b29cc64f443b87305574e7b2dab7a9890d6095f4a48c0d044f8e2c2cd22beb,7971,touchstone_s1p,canonical_valid,ANT1486,P1,201,Hz,10000000.0,2000000000.0,38c6cdcdc06ee36bed20f7ac638d63a72a8b3ee25a3320e7c0d87590bd015adf,Legacy GHz header corrected to Hz; numeric rows preserved from 17f0a758.,three_columns_per_data_row;finite_numeric_data;strictly_increasing_frequency;declared_unit_Hz;corrected_frequency_unit_header;numeric_rows_preserved_from_17f0a758
Results/Touchstone_Files/ANT1486_P2.s1p,427207a3fec5d7f56eb8a3eb8d40ce4b6c0fc7822674aaecc679fa0596ee7d3b,7971,touchstone_s1p,canonical_valid,ANT1486,P2,201,Hz,10000000.0,2000000000.0,81dff5ca36ff6b8a8dc62b26e23eb56861a3ce120ca7424721376c3d0bc0c9dc,Legacy GHz header corrected to Hz; numeric rows preserved from 17f0a758.,three_columns_per_data_row;finite_numeric_data;strictly_increasing_frequency;declared_unit_Hz;corrected_frequency_unit_header;numeric_rows_preserved_from_17f0a758
Results/Touchstone_Files/ANT1487H_P1.s1p,618079539829904e18124e11eae4092b36cbabb0868dd063980dac09b1661855,7941,touchstone_s1p,canonical_valid,ANT1487H,P1,201,Hz,10000000.0,2000000000.0,d42d441911e9faf046c4e72a10d7b33efe889b7bc53739e9f50dbcdf8b6014dd,Legacy GHz header corrected to Hz; numeric rows preserved from 17f0a758.,three_columns_per_data_row;finite_numeric_data;strictly_increasing_frequency;declared_unit_Hz;corrected_frequency_unit_header;numeric_rows_preserved_from_17f0a758
Results/Touchstone_Files/ANT1487H_P2.s1p,5fd1e2445381075bc941840c478a2e082e675ceb191de7b2f9a74c45b21f5b75,7958,touchstone_s1p,canonical_valid,ANT1487H,P2,201,Hz,10000000.0,2000000000.0,8f3ad3ee5f448f499d57ec9e3d63ff8a1a987801bb63a9cfd84f20f7e504956b,Legacy GHz header corrected to Hz; numeric rows preserved from 17f0a758.,three_columns_per_data_row;finite_numeric_data;strictly_increasing_frequency;declared_unit_Hz;corrected_frequency_unit_header;numeric_rows_preserved_from_17f0a758
Results/Touchstone_Files/ANT1487_P1.s1p,9544acdaaccc27cf96250169f89ccd13e6772495d4463c5e07143ce5b4455a0a,7957,touchstone_s1p,canonical_valid,ANT1487,P1,201,Hz,10000000.0,2000000000.0,f5c06258df031463ddabecfa665dc1546b9bcd3e5bcdd1215665fbcd60c872a3,Legacy GHz header corrected to Hz; numeric rows preserved from 17f0a758.,three_columns_per_data_row;finite_numeric_data;strictly_increasing_frequency;declared_unit_Hz;corrected_frequency_unit_header;numeric_rows_preserved_from_17f0a758
Results/Touchstone_Files/ANT1487_P2.s1p,f0e78222ec69d9b013d85585113de5c219e19131b13f69aa5b723d3bc9929231,7954,touchstone_s1p,canonical_valid,ANT1487,P2,201,Hz,10000000.0,2000000000.0,acd4bc51ac56d0777af64b8971f34573ba1e07e79bd02fb726a8f29979683dfb,Legacy GHz header corrected to Hz; numeric rows preserved from 17f0a758.,three_columns_per_data_row;finite_numeric_data;strictly_increasing_frequency;declared_unit_Hz;corrected_frequency_unit_header;numeric_rows_preserved_from_17f0a758
Results/Touchstone_Files/ANT1488_P1.s1p,5bb364c5b6ced24e9f8f8da43758a7136c2a18c85838e56c47b101e96e240301,7980,touchstone_s1p,canonical_valid,ANT1488,P1,201,Hz,10000000.0,2000000000.0,42010f45f6f3971b004a83570aa896315bbfc56445b8f330ebf41f4a21a97216,Legacy GHz header corrected to Hz; numeric rows preserved from 17f0a758.,three_columns_per_data_row;finite_numeric_data;strictly_increasing_frequency;declared_unit_Hz;corrected_frequency_unit_header;numeric_rows_preserved_from_17f0a758
Results/Touchstone_Files/ANT1488_P2.s1p,6a0c8e16fc840149057177f19aa8bfe76d6f5bdc43231597237c4d14d62f06e3,7961,touchstone_s1p,canonical_valid,ANT1488,P2,201,Hz,10000000.0,2000000000.0,622a32eccc3437b230a7031f9618642ce3447dcd3fdd3639db30db37f5b0071d,Legacy GHz header corrected to Hz; numeric rows preserved from 17f0a758.,three_columns_per_data_row;finite_numeric_data;strictly_increasing_frequency;declared_unit_Hz;corrected_frequency_unit_header;numeric_rows_preserved_from_17f0a758
Results/Touchstone_Files/ANT1489H_P1.s1p,c981fd27f1bb00653d936c651a2c27145d4e0dcf54e3fe5b819407d08cc27f9e,7966,touchstone_s1p,canonical_valid,ANT1489H,P1,201,Hz,10000000.0,2000000000.0,20286ef2b2816bf007641ca80607c6d43ebbb6b85dd34b18478503c5ec2ceb54,Legacy GHz header corrected to Hz; numeric rows preserved from 17f0a758.,three_columns_per_data_row;finite_numeric_data;strictly_increasing_frequency;declared_unit_Hz;corrected_frequency_unit_header;numeric_rows_preserved_from_17f0a758
Results/Touchstone_Files/ANT1489H_P2.s1p,524440df0ac45b8ed5ca5000be3e7f9a7a0750d9de24ae4011bbd5d65c03048f,7965,touchstone_s1p,canonical_valid,ANT1489H,P2,201,Hz,10000000.0,2000000000.0,716dd54e4111017826765677c252cc3621b72c1641874680a778a4f3eee2eced,Legacy GHz header corrected to Hz; numeric rows preserved from 17f0a758.,three_columns_per_data_row;finite_numeric_data;strictly_increasing_frequency;declared_unit_Hz;corrected_frequency_unit_header;numeric_rows_preserved_from_17f0a758
Results/Touchstone_Files/ANT1500H_P1.s1p,7d4f269a322e33e13d373b902858d9df326d7cab17b46f39df811c9f4574216b,7963,touchstone_s1p,canonical_valid,ANT1500H,P1,201,Hz,10000000.0,2000000000.0,21902097154435daee66de9948268cac1966a9c5f62568c592b42ae3c4f3a4a7,Legacy GHz header corrected to Hz; numeric rows preserved from 17f0a758.,three_columns_per_data_row;finite_numeric_data;strictly_increasing_frequency;declared_unit_Hz;corrected_frequency_unit_header;numeric_rows_preserved_from_17f0a758
Results/Touchstone_Files/ANT1500H_P2.s1p,208f50d6d808fd951b0934e8ad62640484c23ef93727037e9bd209071eec1911,7960,touchstone_s1p,canonical_valid,ANT1500H,P2,201,Hz,10000000.0,2000000000.0,5687e34ea94f8d6be3a84d866a3c165407037a44dc69d84837b47c725f074de9,Legacy GHz header corrected to Hz; numeric rows preserved from 17f0a758.,three_columns_per_data_row;finite_numeric_data;strictly_increasing_frequency;declared_unit_Hz;corrected_frequency_unit_header;numeric_rows_preserved_from_17f0a758
Results/Touchstone_Files/ANT1501H_P1.s1p,69ca48a1d8442ab7345440df5f101be108b7d9f1e47f4c28c1e71f7d1b7a1681,7950,touchstone_s1p,canonical_valid,ANT1501H,P1,201,Hz,10000000.0,2000000000.0,087105e3defe4ce3d45bd5eb4b6a807a69e64e0235acf9c6600afd2dfda8d28a,Legacy GHz header corrected to Hz; numeric rows preserved from 17f0a758.,three_columns_per_data_row;finite_numeric_data;strictly_increasing_frequency;declared_unit_Hz;corrected_frequency_unit_header;numeric_rows_preserved_from_17f0a758
Results/Touchstone_Files/ANT1501H_P2.s1p,f185b8cba7d79511b098aaa31ca19e8a9560fb44032c862aba12e99ba4ae85c8,7962,touchstone_s1p,canonical_valid,ANT1501H,P2,201,Hz,10000000.0,2000000000.0,6066b717447cd8580719a2e9cc2f2ae08d44d6b441f84cbb0b9e5d500410ee73,Legacy GHz header corrected to Hz; numeric rows preserved from 17f0a758.,three_columns_per_data_row;finite_numeric_data;strictly_increasing_frequency;declared_unit_Hz;corrected_frequency_unit_header;numeric_rows_preserved_from_17f0a758
Results/Touchstone_Files/ANT1502H_P1.s1p,aa4437587b24b1d8ea61f9cbd4efae4f0bd7fd5129ba12729121e431e8dc1ea7,7959,touchstone_s1p,canonical_valid,ANT1502H,P1,201,Hz,10000000.0,2000000000.0,07e65532246a706f4cf44d1634c1947351339084bfde90959c37626e9730fa22,Legacy GHz header corrected to Hz; numeric rows preserved from 17f0a758.,three_columns_per_data_row;finite_numeric_data;strictly_increasing_frequency;declared_unit_Hz;corrected_frequency_unit_header;numeric_rows_preserved_from_17f0a758
Results/Touchstone_Files/ANT1502H_P2.s1p,b8674882a9ac6a537c64e47aa19f370174d79ad88d8e42088546d58d1ce2dd2b,7958,touchstone_s1p,canonical_valid,ANT1502H,P2,201,Hz,10000000.0,2000000000.0,348c922b576c4ed57a2496c1ce96412e8ae8559a73f493839a13b0ed3558b883,Legacy GHz header corrected to Hz; numeric rows preserved from 17f0a758.,three_columns_per_data_row;finite_numeric_data;strictly_increasing_frequency;declared_unit_Hz;corrected_frequency_unit_header;numeric_rows_preserved_from_17f0a758
Results/Touchstone_Files/ANT1503H_P1.s1p,2f591061ef9e0cc0357d2464e97e5c30607bc942d716189dd65628a1fcd4b964,7974,touchstone_s1p,canonical_valid,ANT1503H,P1,201,Hz,10000000.0,2000000000.0,65cf50aa18558040a8c40f1d29cbada01a12cb40844325f02bc3e2da437d665a,Legacy GHz header corrected to Hz; numeric rows preserved from 17f0a758.,three_columns_per_data_row;finite_numeric_data;strictly_increasing_frequency;declared_unit_Hz;corrected_frequency_unit_header;numeric_rows_preserved_from_17f0a758
Results/Touchstone_Files/ANT1503H_P2.s1p,7622f78e34b46c327a692e62b72f41baea1f920cfc41b38b0f2ddd72321dc3b4,7962,touchstone_s1p,canonical_valid,ANT1503H,P2,201,Hz,10000000.0,2000000000.0,0adf84b64f6591d41d5bb36ae0460b22cc067e00963c5e60a92e9e0f0130f37a,Legacy GHz header corrected to Hz; numeric rows preserved from 17f0a758.,three_columns_per_data_row;finite_numeric_data;strictly_increasing_frequency;declared_unit_Hz;corrected_frequency_unit_header;numeric_rows_preserved_from_17f0a758
Results/Touchstone_Files/ANT1504HRetest_P1.s1p,9555121f883afdc60a6b33079328fd4446c257adceee1723f4dcfd7c76473374,7947,touchstone_s1p,canonical_valid,ANT1504H,P1,201,Hz,10000000.0,2000000000.0,956ec3d2685e07ad17edbb42d6a10fef57df3f5a688cea0c9f9e93f97e23a7da,Legacy GHz header corrected to Hz; numeric rows preserved from 17f0a758.,three_columns_per_data_row;finite_numeric_data;strictly_increasing_frequency;declared_unit_Hz;corrected_frequency_unit_header;numeric_rows_preserved_from_17f0a758
Results/Touchstone_Files/ANT1504HRetest_P2.s1p,dc12910134b7330e6a639673d9995201eb03ca1b05c77d4599996a4da4ff18f1,7974,touchstone_s1p,canonical_valid,ANT1504H,P2,201,Hz,10000000.0,2000000000.0,13034f422fb14139be7acbd6ad32b3994d2fc7f860eec8e21b5448462410069d,Legacy GHz header corrected to Hz; numeric rows preserved from 17f0a758.,three_columns_per_data_row;finite_numeric_data;strictly_increasing_frequency;declared_unit_Hz;corrected_frequency_unit_header;numeric_rows_preserved_from_17f0a758
Results/Touchstone_Files/ANT1504H_P1.s1p,1f58811c6e842130b3c607ce8957fd17f282da9f3c5c4bc2832925d354469bfe,7964,touchstone_s1p,canonical_valid,ANT1504H,P1,201,Hz,10000000.0,2000000000.0,765db85914d2e7a08a0c1e2e552aeed36ef319e757c201a0dbc3eeb9cbd951a8,Legacy GHz header corrected to Hz; numeric rows preserved from 17f0a758.,three_columns_per_data_row;finite_numeric_data;strictly_increasing_frequency;declared_unit_Hz;corrected_frequency_unit_header;numeric_rows_preserved_from_17f0a758
Results/Touchstone_Files/ANT1504H_P2.s1p,3a1fcffe91b7666aa713e365911daa72674ed641c48379972c6fe343ec3124f0,7945,touchstone_s1p,canonical_valid,ANT1504H,P2,201,Hz,10000000.0,2000000000.0,00d7f8efc60ac9110d2562145ccd2bc798d0b5cbaedcf20fc72d3b8fbb7818ff,Legacy GHz header corrected to Hz; numeric rows preserved from 17f0a758.,three_columns_per_data_row;finite_numeric_data;strictly_increasing_frequency;declared_unit_Hz;corrected_frequency_unit_header;numeric_rows_preserved_from_17f0a758
Results/Touchstone_Files/ANT1505H_P1.s1p,e2ec5d63d701acbac9d3516fec2e2a454419681f09e5daf56b7e2b7dfa4be38e,7967,touchstone_s1p,canonical_valid,ANT1505H,P1,201,Hz,10000000.0,2000000000.0,144c00aeddfa926b5b066f579fecbd8306235dd26fe26bc1481d4332435dae41,Legacy GHz header corrected to Hz; numeric rows preserved from 17f0a758.,three_columns_per_data_row;finite_numeric_data;strictly_increasing_frequency;declared_unit_Hz;corrected_frequency_unit_header;numeric_rows_preserved_from_17f0a758
Results/Touchstone_Files/ANT1505H_P2.s1p,fcde359ecde1b79a75db5733caffcb7ad77471d0494e29d1d7d2cb79d9f1f8c8,7973,touchstone_s1p,canonical_valid,ANT1505H,P2,201,Hz,10000000.0,2000000000.0,5639e3e66bed2fd920541da6484644bb341b3aef80c82cf703803949e69bbf95,Legacy GHz header corrected to Hz; numeric rows preserved from 17f0a758.,three_columns_per_data_row;finite_numeric_data;strictly_increasing_frequency;declared_unit_Hz;corrected_frequency_unit_header;numeric_rows_preserved_from_17f0a758
Results/Touchstone_Files/ANT1506H_P1.s1p,d34093e66e27ebeef18605d6ab54ce2075f7c00431b51cd52a6605d933db0587,7959,touchstone_s1p,canonical_valid,ANT1506H,P1,201,Hz,10000000.0,2000000000.0,c32e6c119bc4a1c698b75adf73c50e021f7ac4466a8b7bd0ac3f7e01582ad683,Legacy GHz header corrected to Hz; numeric rows preserved from 17f0a758.,three_columns_per_data_row;finite_numeric_data;strictly_increasing_frequency;declared_unit_Hz;corrected_frequency_unit_header;numeric_rows_preserved_from_17f0a758
Results/Touchstone_Files/ANT1506H_P2.s1p,b6e44cc3cca4b29350c488301054312eb6d3e7cca75ef60a09db23c3a6519f30,7976,touchstone_s1p,canonical_valid,ANT1506H,P2,201,Hz,10000000.0,2000000000.0,3e4ad5d48c232b2366f30c69515f795743f36063a514482cc32e1b73a3ad3dce,Legacy GHz header corrected to Hz; numeric rows preserved from 17f0a758.,three_columns_per_data_row;finite_numeric_data;strictly_increasing_frequency;declared_unit_Hz;corrected_frequency_unit_header;numeric_rows_preserved_from_17f0a758
Results/Touchstone_Files/ANT1507H_P1.s1p,76b49e8edfae989ea6e35f0b2ea424af554de383f972957d942379ee77db2e41,7960,touchstone_s1p,canonical_valid,ANT1507H,P1,201,Hz,10000000.0,2000000000.0,f98af3b4c8b53b0413a5fe3afeb87152358319d6af8f0814353e08f38cfc3438,Legacy GHz header corrected to Hz; numeric rows preserved from 17f0a758.,three_columns_per_data_row;finite_numeric_data;strictly_increasing_frequency;declared_unit_Hz;corrected_frequency_unit_header;numeric_rows_preserved_from_17f0a758
Results/Touchstone_Files/ANT1507H_P2.s1p,ee110d8cfa7b4289f85cc8cdb5d5f6d156882e8f2c1f8bac6494b4c29b5c0bbb,7968,touchstone_s1p,canonical_valid,ANT1507H,P2,201,Hz,10000000.0,2000000000.0,f04a77fe46682b54dc2f6342b958c263ff61952197fda28ed52f8d81052d8962,Legacy GHz header corrected to Hz; numeric rows preserved from 17f0a758.,three_columns_per_data_row;finite_numeric_data;strictly_increasing_frequency;declared_unit_Hz;corrected_frequency_unit_header;numeric_rows_preserved_from_17f0a758
Results/Touchstone_Files/ANT1508H_P1.s1p,a11da1e2a0d2fccacf1f1f45b03bf46e90cf1b048ba9baf9e0b8270efcc1e2a6,7966,touchstone_s1p,canonical_valid,ANT1508H,P1,201,Hz,10000000.0,2000000000.0,635c965f1ae7f09ac92aef6a4690f0fc000172160e93931381811146245bae19,Legacy GHz header corrected to Hz; numeric rows preserved from 17f0a758.,three_columns_per_data_row;finite_numeric_data;strictly_increasing_frequency;declared_unit_Hz;corrected_frequency_unit_header;numeric_rows_preserved_from_17f0a758
Results/Touchstone_Files/ANT1508H_P2.s1p,3e20727ff49d52872e326cd59b2c53c9594b95eb5f17d6b8a700b041fdc1a9ce,7961,touchstone_s1p,canonical_valid,ANT1508H,P2,201,Hz,10000000.0,2000000000.0,1041145e2b80818cce6a8b8b529fbf7df7b7dc34210b95b17ed5446310771702,Legacy GHz header corrected to Hz; numeric rows preserved from 17f0a758.,three_columns_per_data_row;finite_numeric_data;strictly_increasing_frequency;declared_unit_Hz;corrected_frequency_unit_header;numeric_rows_preserved_from_17f0a758
Results/Touchstone_Files/ANT1509H_P1.s1p,efee5436bb9b641c21271781404b79d4078e9cce5a1df8c4d8edb9be0a890a2c,7978,touchstone_s1p,canonical_valid,ANT1509H,P1,201,Hz,10000000.0,2000000000.0,af4f32ad2e342aed70d9e9a382d61f7e3da7194c4ae995567611c0f99ad8d4cb,Legacy GHz header corrected to Hz; numeric rows preserved from 17f0a758.,three_columns_per_data_row;finite_numeric_data;strictly_increasing_frequency;declared_unit_Hz;corrected_frequency_unit_header;numeric_rows_preserved_from_17f0a758
Results/Touchstone_Files/ANT1509H_P2.s1p,295af61ddb6e66cfb4e93bb9ce6c01072f59ce681f7d4204239ffc3bc47e6965,7958,touchstone_s1p,canonical_valid,ANT1509H,P2,201,Hz,10000000.0,2000000000.0,101ee1187a34f1f0913aebdf545dc318b2cc9e8eea6f55c9cbd053921d800049,Legacy GHz header corrected to Hz; numeric rows preserved from 17f0a758.,three_columns_per_data_row;finite_numeric_data;strictly_increasing_frequency;declared_unit_Hz;corrected_frequency_unit_header;numeric_rows_preserved_from_17f0a758
Results/Touchstone_Files/ANT1510H_P1.s1p,79330c54dc199b6cafd66620575b77b70c2fcc056e4b9874237dd669c37ae62a,7956,touchstone_s1p,canonical_valid,ANT1510H,P1,201,Hz,10000000.0,2000000000.0,9ba328803f1d5019849a17e87ac5d942d2669ff40ade88a782b7e75cb5fb6214,Legacy GHz header corrected to Hz; numeric rows preserved from 17f0a758.,three_columns_per_data_row;finite_numeric_data;strictly_increasing_frequency;declared_unit_Hz;corrected_frequency_unit_header;numeric_rows_preserved_from_17f0a758
Results/Touchstone_Files/ANT1510H_P2.s1p,dd46d198ad3bdeea6a95087117e6fa18e3393ff0296537cae787c6172a0a5022,7955,touchstone_s1p,canonical_valid,ANT1510H,P2,201,Hz,10000000.0,2000000000.0,77d4455635859a1010e99503ec5864abea880222be1ddd9b49b7490a262e160c,Legacy GHz header corrected to Hz; numeric rows preserved from 17f0a758.,three_columns_per_data_row;finite_numeric_data;strictly_increasing_frequency;declared_unit_Hz;corrected_frequency_unit_header;numeric_rows_preserved_from_17f0a758
Results/Touchstone_Files/ANT1511H_P1.s1p,57a66018f5079fbb6819b1725c8312e1cc0b27ceff863a4b6702448131e790f1,7974,touchstone_s1p,canonical_valid,ANT1511H,P1,201,Hz,10000000.0,2000000000.0,2f2f37aa986684e721f40072658f00f3f78cd8123b76ac576378e9dd644271c8,Legacy GHz header corrected to Hz; numeric rows preserved from 17f0a758.,three_columns_per_data_row;finite_numeric_data;strictly_increasing_frequency;declared_unit_Hz;corrected_frequency_unit_header;numeric_rows_preserved_from_17f0a758
Results/Touchstone_Files/ANT1511H_P2.s1p,33da60124c50bd528819202a59feeeed772947eb2882481034ccc93f774cc83c,7963,touchstone_s1p,canonical_valid,ANT1511H,P2,201,Hz,10000000.0,2000000000.0,34b57e097ea0aad816f4c72c755029904074c78cc87b3c86bf11c849ba7810d1,Legacy GHz header corrected to Hz; numeric rows preserved from 17f0a758.,three_columns_per_data_row;finite_numeric_data;strictly_increasing_frequency;declared_unit_Hz;corrected_frequency_unit_header;numeric_rows_preserved_from_17f0a758
Results/Touchstone_Files/ANT1512H_P1.s1p,aa66d388865c9fe6779a556f36df5daf0cf3e4c6d8f6b3d98ba93b423a801610,7951,touchstone_s1p,canonical_valid,ANT1512H,P1,201,Hz,10000000.0,2000000000.0,1ff750d5adce76913dee6192b331ddfe7d34f94c82f7fa8525c5fa5ec7c174c6,Legacy GHz header corrected to Hz; numeric rows preserved from 17f0a758.,three_columns_per_data_row;finite_numeric_data;strictly_increasing_frequency;declared_unit_Hz;corrected_frequency_unit_header;numeric_rows_preserved_from_17f0a758
Results/Touchstone_Files/ANT1512H_P2.s1p,966969d581d8d45752cd9c98c6eca58e0ef62d06855057aeb2971398c1ffefe0,7959,touchstone_s1p,canonical_valid,ANT1512H,P2,201,Hz,10000000.0,2000000000.0,07dffb031e813ff198162a05903ed76933190e56ec954749fd2f7a15726be34b,Legacy GHz header corrected to Hz; numeric rows preserved from 17f0a758.,three_columns_per_data_row;finite_numeric_data;strictly_increasing_frequency;declared_unit_Hz;corrected_frequency_unit_header;numeric_rows_preserved_from_17f0a758
Results/Touchstone_Files/ANT1513H_P1.s1p,8401cc5f6a75bf8b99625f2b34851416f737f026141073a24edd241f9da778e0,7961,touchstone_s1p,canonical_valid,ANT1513H,P1,201,Hz,10000000.0,2000000000.0,c17b75b4853ab4fb69f70a96245398323d157244b23471521c727c6c32d965d0,Legacy GHz header corrected to Hz; numeric rows preserved from 17f0a758.,three_columns_per_data_row;finite_numeric_data;strictly_increasing_frequency;declared_unit_Hz;corrected_frequency_unit_header;numeric_rows_preserved_from_17f0a758
Results/Touchstone_Files/ANT1513H_P2.s1p,be81f1dd41e609af9881576f3ff25b99efeaf76559b8fe7483c4d58fa257fa7e,7965,touchstone_s1p,canonical_valid,ANT1513H,P2,201,Hz,10000000.0,2000000000.0,2938d38fcfd38a5261594a3f39b7ddb22b3889776b57a311743d112db2331471,Legacy GHz header corrected to Hz; numeric rows preserved from 17f0a758.,three_columns_per_data_row;finite_numeric_data;strictly_increasing_frequency;declared_unit_Hz;corrected_frequency_unit_header;numeric_rows_preserved_from_17f0a758
Results/Touchstone_Files/ANT1514H_P1.s1p,13ac34fdae82e0ffd90608cb2c4f4778cec237bf0881351a9e368737c1513463,7952,touchstone_s1p,canonical_valid,ANT1514H,P1,201,Hz,10000000.0,2000000000.0,dfb83e9091afb0f53ec91b5ba6ce4cae0cf0e25b4807d832d1d3021c4902d2ee,Legacy GHz header corrected to Hz; numeric rows preserved from 17f0a758.,three_columns_per_data_row;finite_numeric_data;strictly_increasing_frequency;declared_unit_Hz;corrected_frequency_unit_header;numeric_rows_preserved_from_17f0a758
Results/Touchstone_Files/ANT1514H_P2.s1p,1aa47b43e95fb8a9a6f7c402521baddcd01327cba79983d548805db49675ece5,7979,touchstone_s1p,canonical_valid,ANT1514H,P2,201,Hz,10000000.0,2000000000.0,5503669f9c23c59cb886a9caa5fc6facfa7feba6d2e3a8083eef144cd4e5c933,Legacy GHz header corrected to Hz; numeric rows preserved from 17f0a758.,three_columns_per_data_row;finite_numeric_data;strictly_increasing_frequency;declared_unit_Hz;corrected_frequency_unit_header;numeric_rows_preserved_from_17f0a758
Results/Touchstone_Files/ANT1515H_P1.s1p,a8617fd78f5e30adcf59fdc196318c1e142cb4501a5ee0fa277d842844303800,7959,touchstone_s1p,canonical_valid,ANT1515H,P1,201,Hz,10000000.0,2000000000.0,fb8d39b4989d3b61b00e446eebd13d1261cc89cb5ead183cdb12127353f81d3b,Legacy GHz header corrected to Hz; numeric rows preserved from 17f0a758.,three_columns_per_data_row;finite_numeric_data;strictly_increasing_frequency;declared_unit_Hz;corrected_frequency_unit_header;numeric_rows_preserved_from_17f0a758
Results/Touchstone_Files/ANT1515H_P2.s1p,6ece2d6e50bbd837df49875a25a42b38f575007540783ba6efaa8fcef35a15c4,7972,touchstone_s1p,canonical_valid,ANT1515H,P2,201,Hz,10000000.0,2000000000.0,e625019929cf5470e525ac314579a777ae352de116474861d88c6d48bdfda807,Legacy GHz header corrected to Hz; numeric rows preserved from 17f0a758.,three_columns_per_data_row;finite_numeric_data;strictly_increasing_frequency;declared_unit_Hz;corrected_frequency_unit_header;numeric_rows_preserved_from_17f0a758
Results/Touchstone_Files/ANT1516H_P1.s1p,11311e22971353d177abaef8d068f7434c2c4300c2eff95e4e01f596730d428f,7959,touchstone_s1p,canonical_valid,ANT1516H,P1,201,Hz,10000000.0,2000000000.0,7ff895d9380dd56186bd91da292d4b7bdc8eaf1c2d10b8b560d1c04f12e276e8,Legacy GHz header corrected to Hz; numeric rows preserved from 17f0a758.,three_columns_per_data_row;finite_numeric_data;strictly_increasing_frequency;declared_unit_Hz;corrected_frequency_unit_header;numeric_rows_preserved_from_17f0a758
Results/Touchstone_Files/ANT1516H_P2.s1p,3b1c0bbfca623dc6ebef2ea7db69fb831ba1e4df1490e1d60b16ca7fe970ad42,7960,touchstone_s1p,canonical_valid,ANT1516H,P2,201,Hz,10000000.0,2000000000.0,97387c9a0ad1b5d38347b3cf4d5466e2185bab499045e5a45d5fc2a96479372f,Legacy GHz header corrected to Hz; numeric rows preserved from 17f0a758.,three_columns_per_data_row;finite_numeric_data;strictly_increasing_frequency;declared_unit_Hz;corrected_frequency_unit_header;numeric_rows_preserved_from_17f0a758
Results/Touchstone_Files/ANT1517H_P1.s1p,2feb311509c15239ed1aa1e2dc513fdfe7ac8a0874c3fb6da4a934323aacbe64,7970,touchstone_s1p,canonical_valid,ANT1517H,P1,201,Hz,10000000.0,2000000000.0,886914f52355cd1382be7f85f92db0e3a31c076acd97a10326f1cfb9075d13a6,Legacy GHz header corrected to Hz; numeric rows preserved from 17f0a758.,three_columns_per_data_row;finite_numeric_data;strictly_increasing_frequency;declared_unit_Hz;corrected_frequency_unit_header;numeric_rows_preserved_from_17f0a758
Results/Touchstone_Files/ANT1517H_P2.s1p,7c796e5809fdd01702ed912dc5638a27e1c910f89fe03f3d690b1d4d5d5f034a,7970,touchstone_s1p,canonical_valid,ANT1517H,P2,201,Hz,10000000.0,2000000000.0,6ec226167eb52442748d982435fe6b10552dd79faea85075b6f7d48e7f795fbe,Legacy GHz header corrected to Hz; numeric rows preserved from 17f0a758.,three_columns_per_data_row;finite_numeric_data;strictly_increasing_frequency;declared_unit_Hz;corrected_frequency_unit_header;numeric_rows_preserved_from_17f0a758
Results/Touchstone_Files/ANT1518H_P1.s1p,1c97ce30b0c865dbfc92478eb3f44a148e990013241c43cdaf1c6d801886e668,7960,touchstone_s1p,canonical_valid,ANT1518H,P1,201,Hz,10000000.0,2000000000.0,19f5996281ccf576963ea96be1bd9468c5ed7fb462ae01656143cd20441f5f19,Legacy GHz header corrected to Hz; numeric rows preserved from 17f0a758.,three_columns_per_data_row;finite_numeric_data;strictly_increasing_frequency;declared_unit_Hz;corrected_frequency_unit_header;numeric_rows_preserved_from_17f0a758
Results/Touchstone_Files/ANT1518H_P2.s1p,c2fb619a8f0724d04e6ef106724f1f63f510cfd86ca6e0d63a835082e56413d0,7958,touchstone_s1p,canonical_valid,ANT1518H,P2,201,Hz,10000000.0,2000000000.0,f95d0e8ed3a181837f918d362cceb49a44d55a18b82231a544fe81acd44a8e00,Legacy GHz header corrected to Hz; numeric rows preserved from 17f0a758.,three_columns_per_data_row;finite_numeric_data;strictly_increasing_frequency;declared_unit_Hz;corrected_frequency_unit_header;numeric_rows_preserved_from_17f0a758
Results/Touchstone_Files/ANT1519H_P1.s1p,370402b57844e2d4ca7b09a16fa7ca24b2b79fd50e4d72d49bb2093ed8b53356,7963,touchstone_s1p,canonical_valid,ANT1519H,P1,201,Hz,10000000.0,2000000000.0,e24c8b9c62a24a5600ea092d63f8bfb294f850a92e4f73049fa06112f601d6d0,Legacy GHz header corrected to Hz; numeric rows preserved from 17f0a758.,three_columns_per_data_row;finite_numeric_data;strictly_increasing_frequency;declared_unit_Hz;corrected_frequency_unit_header;numeric_rows_preserved_from_17f0a758
Results/Touchstone_Files/ANT1519H_P2.s1p,907014d89ef17b126ea63dd62935073533fd36d352ae99f59e4ac733487c6960,7956,touchstone_s1p,canonical_valid,ANT1519H,P2,201,Hz,10000000.0,2000000000.0,3a075fdbffe768fe08e5d8d942db66102ec6ea1097828720d18340b4a875079c,Legacy GHz header corrected to Hz; numeric rows preserved from 17f0a758.,three_columns_per_data_row;finite_numeric_data;strictly_increasing_frequency;declared_unit_Hz;corrected_frequency_unit_header;numeric_rows_preserved_from_17f0a758
Results/Touchstone_Files/ANT1520H_P1.s1p,74332364615dae8132cc8373e19e6dcc7a0b1fdf756e7f3abb43ad72e0c48a1f,7950,touchstone_s1p,canonical_valid,ANT1520H,P1,201,Hz,10000000.0,2000000000.0,4961737ad7ecc33bc2ea380b116786607f65e744b9971740c75384d24a15bd24,Legacy GHz header corrected to Hz; numeric rows preserved from 17f0a758.,three_columns_per_data_row;finite_numeric_data;strictly_increasing_frequency;declared_unit_Hz;corrected_frequency_unit_header;numeric_rows_preserved_from_17f0a758
Results/Touchstone_Files/ANT1520H_P2.s1p,681c0b130c42bd0d022d9d2f30bd256212fffc250bcd69ae5fd4bb05db313019,7962,touchstone_s1p,canonical_valid,ANT1520H,P2,201,Hz,10000000.0,2000000000.0,f765bd1204588de28ab3697dffebbe00f0b5617340d6504c31a77caa051ab09c,Legacy GHz header corrected to Hz; numeric rows preserved from 17f0a758.,three_columns_per_data_row;finite_numeric_data;strictly_increasing_frequency;declared_unit_Hz;corrected_frequency_unit_header;numeric_rows_preserved_from_17f0a758
Results/Touchstone_Files/ANT1521H_P1.s1p,96837483c2f17dbe13a957aa1c82f63e2c2ae328fd4e40424ae5ce3f069073bd,7967,touchstone_s1p,canonical_valid,ANT1521H,P1,201,Hz,10000000.0,2000000000.0,6bc11d3dfbd67eba8f72ed6849606c81f4b821226ca6e7202175ee2004f419c0,Legacy GHz header corrected to Hz; numeric rows preserved from 17f0a758.,three_columns_per_data_row;finite_numeric_data;strictly_increasing_frequency;declared_unit_Hz;corrected_frequency_unit_header;numeric_rows_preserved_from_17f0a758
Results/Touchstone_Files/ANT1521H_P2.s1p,43046ca9aecd404043a3694c18b0590e82a5780dc96865c889df874211ae7729,7955,touchstone_s1p,canonical_valid,ANT1521H,P2,201,Hz,10000000.0,2000000000.0,77eec1c0eaacb0636e696e65cd179d6798912aadb2ea809466e259b94dcdf774,Legacy GHz header corrected to Hz; numeric rows preserved from 17f0a758.,three_columns_per_data_row;finite_numeric_data;strictly_increasing_frequency;declared_unit_Hz;corrected_frequency_unit_header;numeric_rows_preserved_from_17f0a758
Results/Touchstone_Files/ANT1522H_P1.s1p,1e0611268eb8f512178e680827ffc1eaa9a9e3421513fce2781ac49877026152,7949,touchstone_s1p,canonical_valid,ANT1522H,P1,201,Hz,10000000.0,2000000000.0,1425f3433e3823e2588e0f98ee3538d4c7d2a8c53701f54c4c509e5b54e32c96,Legacy GHz header corrected to Hz; numeric rows preserved from 17f0a758.,three_columns_per_data_row;finite_numeric_data;strictly_increasing_frequency;declared_unit_Hz;corrected_frequency_unit_header;numeric_rows_preserved_from_17f0a758
Results/Touchstone_Files/ANT1522H_P2.s1p,f6e993759ce77a29318f500157127a5f068a116996ef1c0ff1bedf9e8bdb40da,7961,touchstone_s1p,canonical_valid,ANT1522H,P2,201,Hz,10000000.0,2000000000.0,88fddcc1c61b03a8ba153abfd8b82bc494bb74259ae594ce83ed8649081c54bd,Legacy GHz header corrected to Hz; numeric rows preserved from 17f0a758.,three_columns_per_data_row;finite_numeric_data;strictly_increasing_frequency;declared_unit_Hz;corrected_frequency_unit_header;numeric_rows_preserved_from_17f0a758
Results/Touchstone_Files/ANT1523H_P1.s1p,e3e4777fc7dac58300f122a269e43317f79b9d9b9b798484a9401eb2c2acdede,7957,touchstone_s1p,canonical_valid,ANT1523H,P1,201,Hz,10000000.0,2000000000.0,883c9cafaa2df25d49e1a723bf3477063ac94b9583eafcdac20eff1a5c9b76c3,Legacy GHz header corrected to Hz; numeric rows preserved from 17f0a758.,three_columns_per_data_row;finite_numeric_data;strictly_increasing_frequency;declared_unit_Hz;corrected_frequency_unit_header;numeric_rows_preserved_from_17f0a758
Results/Touchstone_Files/ANT1523H_P2.s1p,28a680e812edc30e43ff46d00e072c69b1420cd14aa12f1491f69d174fc57228,7963,touchstone_s1p,canonical_valid,ANT1523H,P2,201,Hz,10000000.0,2000000000.0,0464df0255292f3b279d59a4f4ddcef2cc6f528276036ba858d42c8117c06e07,Legacy GHz header corrected to Hz; numeric rows preserved from 17f0a758.,three_columns_per_data_row;finite_numeric_data;strictly_increasing_frequency;declared_unit_Hz;corrected_frequency_unit_header;numeric_rows_preserved_from_17f0a758
Results/Touchstone_Files/ANT1524H_P1.s1p,fa61003c3229540b46e46561c05b61dd999d223219abcbb3282431712759cc3d,7963,touchstone_s1p,canonical_valid,ANT1524H,P1,201,Hz,10000000.0,2000000000.0,8686dd84d1ff2317f2f57bd177361c26bae1914b7ae0ebd7de049dc7cb949b8a,Legacy GHz header corrected to Hz; numeric rows preserved from 17f0a758.,three_columns_per_data_row;finite_numeric_data;strictly_increasing_frequency;declared_unit_Hz;corrected_frequency_unit_header;numeric_rows_preserved_from_17f0a758
Results/Touchstone_Files/ANT1524H_P2.s1p,c5ce24b0640f23c99379eff915aa0415df18adc979e2a070050cdd4763419bc5,7966,touchstone_s1p,canonical_valid,ANT1524H,P2,201,Hz,10000000.0,2000000000.0,7fa291589ad0c12ad4c7d849e1eb9ae8c172f27c9c55459a7f9bd49540c999bb,Legacy GHz header corrected to Hz; numeric rows preserved from 17f0a758.,three_columns_per_data_row;finite_numeric_data;strictly_increasing_frequency;declared_unit_Hz;corrected_frequency_unit_header;numeric_rows_preserved_from_17f0a758
Results/Touchstone_Files/ANT1525H_P1.s1p,6e4a80e6688fdd80061a6ac68a35b855897ca9d3fe21ee65eb3eb4637b105516,7965,touchstone_s1p,canonical_valid,ANT1525H,P1,201,Hz,10000000.0,2000000000.0,2a928e4714018a09ca4da0cc06745434f03e94d15b863f6f18060eca4ecdda6d,Legacy GHz header corrected to Hz; numeric rows preserved from 17f0a758.,three_columns_per_data_row;finite_numeric_data;strictly_increasing_frequency;declared_unit_Hz;corrected_frequency_unit_header;numeric_rows_preserved_from_17f0a758
Results/Touchstone_Files/ANT1525H_P2.s1p,c0725f50e57684cb0c20be6c72c16cc1e8a87752e7a25364631596f29a701bbd,7973,touchstone_s1p,canonical_valid,ANT1525H,P2,201,Hz,10000000.0,2000000000.0,33d4e1db6cc4a71de4824bffcf57dc19877cf988405b23fc05b0fd2b288ede86,Legacy GHz header corrected to Hz; numeric rows preserved from 17f0a758.,three_columns_per_data_row;finite_numeric_data;strictly_increasing_frequency;declared_unit_Hz;corrected_frequency_unit_header;numeric_rows_preserved_from_17f0a758
Results/Touchstone_Files/ANT1526H_P1.s1p,5ad209ef7918ba2c83865370b4bdb331b4b832b0c1673aa5b1b214d8888eee36,7970,touchstone_s1p,canonical_valid,ANT1526H,P1,201,Hz,10000000.0,2000000000.0,2e6b3a34aae315ce905dff03737bc683ae5c221c08d59770625275f01221c37c,Legacy GHz header corrected to Hz; numeric rows preserved from 17f0a758.,three_columns_per_data_row;finite_numeric_data;strictly_increasing_frequency;declared_unit_Hz;corrected_frequency_unit_header;numeric_rows_preserved_from_17f0a758
Results/Touchstone_Files/ANT1526H_P2.s1p,1c4eac40fe07cd9ed84a8e4f578cc28bbb8facc25bb73e3f18b04990ac0fd90b,7962,touchstone_s1p,canonical_valid,ANT1526H,P2,201,Hz,10000000.0,2000000000.0,d6aeb927c2b916a22b062d1537e81f51dd5550a3235e818829c9331e81bf3957,Legacy GHz header corrected to Hz; numeric rows preserved from 17f0a758.,three_columns_per_data_row;finite_numeric_data;strictly_increasing_frequency;declared_unit_Hz;corrected_frequency_unit_header;numeric_rows_preserved_from_17f0a758
Results/Touchstone_Files/ANT1527H_P1.s1p,ce2ed6777750ed037e330beca86554100bb6b102dc3c0274048c79d78c711a18,7959,touchstone_s1p,canonical_valid,ANT1527H,P1,201,Hz,10000000.0,2000000000.0,105184f400dfc657ec33cc72a4aedc09e8e8e55422862eb7fde1e3107b8cfee6,Legacy GHz header corrected to Hz; numeric rows preserved from 17f0a758.,three_columns_per_data_row;finite_numeric_data;strictly_increasing_frequency;declared_unit_Hz;corrected_frequency_unit_header;numeric_rows_preserved_from_17f0a758
Results/Touchstone_Files/ANT1527H_P2.s1p,b068e8d786d3ecd00bec75b193a341f461c9574d586e50d51f0da529172c6eab,7966,touchstone_s1p,canonical_valid,ANT1527H,P2,201,Hz,10000000.0,2000000000.0,b30ad29efe58ef97999ad43985bfc70202353ebf4329f79b61379bcfa1537820,Legacy GHz header corrected to Hz; numeric rows preserved from 17f0a758.,three_columns_per_data_row;finite_numeric_data;strictly_increasing_frequency;declared_unit_Hz;corrected_frequency_unit_header;numeric_rows_preserved_from_17f0a758
Results/Touchstone_Files/ANT1528H_P1.s1p,27e6f874a66af72fe89162f31bb374a002e255bfe3a12a2a015e7010036648bc,7966,touchstone_s1p,canonical_valid,ANT1528H,P1,201,Hz,10000000.0,2000000000.0,11f852bebc34d8a033e1d29976c484a744a2f34c024b9cce339101f2b3bb8eed,Legacy GHz header corrected to Hz; numeric rows preserved from 17f0a758.,three_columns_per_data_row;finite_numeric_data;strictly_increasing_frequency;declared_unit_Hz;corrected_frequency_unit_header;numeric_rows_preserved_from_17f0a758
Results/Touchstone_Files/ANT1528H_P2.s1p,3aec8247e5a82aed708d870aa0275d5cd2a6cca9e90264dc638cdf033aaa7752,7945,touchstone_s1p,canonical_valid,ANT1528H,P2,201,Hz,10000000.0,2000000000.0,1c5caa492c47f362e850f423a744f5ad7e2620d239464a7e0b6945b97c99b3da,Legacy GHz header corrected to Hz; numeric rows preserved from 17f0a758.,three_columns_per_data_row;finite_numeric_data;strictly_increasing_frequency;declared_unit_Hz;corrected_frequency_unit_header;numeric_rows_preserved_from_17f0a758
Results/Touchstone_Files/ANT1529H_P1.s1p,5a94142835a1902b0fdd9c4166eb73504f4088d60be92cec20b162beac218f8b,7958,touchstone_s1p,canonical_valid,ANT1529H,P1,201,Hz,10000000.0,2000000000.0,7c1a6554c38f7b91bb3cb4e51ac3b3574837618736d56d05e2fe586e0470d41e,Legacy GHz header corrected to Hz; numeric rows preserved from 17f0a758.,three_columns_per_data_row;finite_numeric_data;strictly_increasing_frequency;declared_unit_Hz;corrected_frequency_unit_header;numeric_rows_preserved_from_17f0a758
Results/Touchstone_Files/ANT1529H_P2.s1p,234d87df0d0bdffcab207491c8cc92feb816939a898f0bec14c3e7953a47aec7,7954,touchstone_s1p,canonical_valid,ANT1529H,P2,201,Hz,10000000.0,2000000000.0,21ef0e791cc8a18d68126c30893bbb1c00ed12d3065814baca18d04ca3792edf,Legacy GHz header corrected to Hz; numeric rows preserved from 17f0a758.,three_columns_per_data_row;finite_numeric_data;strictly_increasing_frequency;declared_unit_Hz;corrected_frequency_unit_header;numeric_rows_preserved_from_17f0a758
Results/Touchstone_Files/ANT1530H_P1.s1p,edf73b28daee60db5bb6670cfc1de28614f81b2c7453eb71e73e88560b42e2b7,7969,touchstone_s1p,canonical_valid,ANT1530H,P1,201,Hz,10000000.0,2000000000.0,263c6677a6a24e075ff17f19d7e1391558ab2c88f92512b697a4f6494ccc419f,Legacy GHz header corrected to Hz; numeric rows preserved from 17f0a758.,three_columns_per_data_row;finite_numeric_data;strictly_increasing_frequency;declared_unit_Hz;corrected_frequency_unit_header;numeric_rows_preserved_from_17f0a758
Results/Touchstone_Files/ANT1530H_P2.s1p,2ba60abd517f178369ebe91206c2c93cef475d0bdbbb86834253d16ddff122d7,7951,touchstone_s1p,canonical_valid,ANT1530H,P2,201,Hz,10000000.0,2000000000.0,a757e0732ad770a139545b367093fd83bd05321fb4afee8d4394c90d269619ea,Legacy GHz header corrected to Hz; numeric rows preserved from 17f0a758.,three_columns_per_data_row;finite_numeric_data;strictly_increasing_frequency;declared_unit_Hz;corrected_frequency_unit_header;numeric_rows_preserved_from_17f0a758
Results/Touchstone_Files/ANT1531H_P1.s1p,4b04e6d2f50557800fd990a0a91afdb0d410da52da19cb57978ddb7fee15fd9a,7955,touchstone_s1p,canonical_valid,ANT1531H,P1,201,Hz,10000000.0,2000000000.0,c34853e0f26d60f30d9fb092521b768f4e8d1d60de9eb897901f3bf0d495a2a4,Legacy GHz header corrected to Hz; numeric rows preserved from 17f0a758.,three_columns_per_data_row;finite_numeric_data;strictly_increasing_frequency;declared_unit_Hz;corrected_frequency_unit_header;numeric_rows_preserved_from_17f0a758
Results/Touchstone_Files/ANT1531H_P2.s1p,deef788b4a3524e946c1d8123325b7c21d1f7fe6c9bb57b3c6e5ccfa21645f9f,7964,touchstone_s1p,canonical_valid,ANT1531H,P2,201,Hz,10000000.0,2000000000.0,9fe844fe34f32ac90ea0fa51c8721a22452f18c8a7890bc7b96bc0120a05cc97,Legacy GHz header corrected to Hz; numeric rows preserved from 17f0a758.,three_columns_per_data_row;finite_numeric_data;strictly_increasing_frequency;declared_unit_Hz;corrected_frequency_unit_header;numeric_rows_preserved_from_17f0a758
Results/Touchstone_Files/ANT1532H_P1.s1p,afc5715b685c9db08c51791b9ae7853e73867cd3d963649486cfad0e95a401c2,7956,touchstone_s1p,canonical_valid,ANT1532H,P1,201,Hz,10000000.0,2000000000.0,7f93df8074e7e44c5bb3ca62461e5bcb67fe1234b4734587d22ea8b3259c5ff6,Legacy GHz header corrected to Hz; numeric rows preserved from 17f0a758.,three_columns_per_data_row;finite_numeric_data;strictly_increasing_frequency;declared_unit_Hz;corrected_frequency_unit_header;numeric_rows_preserved_from_17f0a758
Results/Touchstone_Files/ANT1532H_P2.s1p,9ec75962c1adb9b9295ca0b126194620c44df848031212cf6d01349124b24194,7956,touchstone_s1p,canonical_valid,ANT1532H,P2,201,Hz,10000000.0,2000000000.0,8c6a4d5bd6b313262b9a7044ae5f3ecf8f54c09bf7eb2f67f1f56cdb2550b432,Legacy GHz header corrected to Hz; numeric rows preserved from 17f0a758.,three_columns_per_data_row;finite_numeric_data;strictly_increasing_frequency;declared_unit_Hz;corrected_frequency_unit_header;numeric_rows_preserved_from_17f0a758
Results/Touchstone_Files/ANT1533H2_P1.s1p,3355d092cbfca20dd2d54e31e9396ea6081f7a3c98b0f017475ad51d102a67b0,7897,touchstone_s1p,canonical_valid,ANT1533H,P1,201,Hz,10000000.0,2000000000.0,516048cb857b983afa3b223a645c6793ae13f7aeaf84e6734db8640005a80ca8,Legacy GHz header corrected to Hz; numeric rows preserved from 17f0a758.,three_columns_per_data_row;finite_numeric_data;strictly_increasing_frequency;declared_unit_Hz;corrected_frequency_unit_header;numeric_rows_preserved_from_17f0a758
Results/Touchstone_Files/ANT1533H2_P2.s1p,eba4cd3b2fc1677b04412bd7563066e33f5dd5084ddee4e6bd656077ebc7edb4,7953,touchstone_s1p,canonical_valid,ANT1533H,P2,201,Hz,10000000.0,2000000000.0,5998086ce202fe8afd080e976797fc512c4972f588032f051ab01564ad5aacef,Legacy GHz header corrected to Hz; numeric rows preserved from 17f0a758.,three_columns_per_data_row;finite_numeric_data;strictly_increasing_frequency;declared_unit_Hz;corrected_frequency_unit_header;numeric_rows_preserved_from_17f0a758
Results/Touchstone_Files/ANT1533H_P1.s1p,722d756716b9f54ddf4264100e5e915bb1a4731808981a218d2ad98deb965e22,7964,touchstone_s1p,canonical_valid,ANT1533H,P1,201,Hz,10000000.0,2000000000.0,55338281104d29ab1bc40106a538921d330942b89ed18dd7101d1335112984fd,Legacy GHz header corrected to Hz; numeric rows preserved from 17f0a758.,three_columns_per_data_row;finite_numeric_data;strictly_increasing_frequency;declared_unit_Hz;corrected_frequency_unit_header;numeric_rows_preserved_from_17f0a758
Results/Touchstone_Files/ANT1533H_P2.s1p,0167ab73324fb8418a76a0d9f85f7358bdbae6a0ce4daf23139d45ddbd84593e,7965,touchstone_s1p,canonical_valid,ANT1533H,P2,201,Hz,10000000.0,2000000000.0,4696aa0913b77c63137240d521e0aa1f43462093d04df64c34614082f15162c2,Legacy GHz header corrected to Hz; numeric rows preserved from 17f0a758.,three_columns_per_data_row;finite_numeric_data;strictly_increasing_frequency;declared_unit_Hz;corrected_frequency_unit_header;numeric_rows_preserved_from_17f0a758
Results/Touchstone_Files/ANT1534H_P1.s1p,aa6a9dbfcb88834b47dfde91304a669b01b29e49b2679f1236825a99f03caa92,7964,touchstone_s1p,canonical_valid,ANT1534H,P1,201,Hz,10000000.0,2000000000.0,b4d7bb92748dd67e3442a8a5d53a2d76a9f29eb991e23bcee6d7da80d259fc6f,Legacy GHz header corrected to Hz; numeric rows preserved from 17f0a758.,three_columns_per_data_row;finite_numeric_data;strictly_increasing_frequency;declared_unit_Hz;corrected_frequency_unit_header;numeric_rows_preserved_from_17f0a758
Results/Touchstone_Files/ANT1534H_P2.s1p,3b19691f3982c58638b6466fd03c502e88f5691bd0974440fea2b4cda266d2e4,7978,touchstone_s1p,canonical_valid,ANT1534H,P2,201,Hz,10000000.0,2000000000.0,c6bf08d66e88e9a4c947269b4ccabe2b40abc0ce22885b99b1f48efc43483082,Legacy GHz header corrected to Hz; numeric rows preserved from 17f0a758.,three_columns_per_data_row;finite_numeric_data;strictly_increasing_frequency;declared_unit_Hz;corrected_frequency_unit_header;numeric_rows_preserved_from_17f0a758
Results/Touchstone_Files/ANT1534Retest_P1.s1p,43af5648d5d7465854c1b8f53adb2a0eeb534dd67601b2ede7f6e9dbb35bef3c,7955,touchstone_s1p,canonical_valid,ANT1534R,P1,201,Hz,10000000.0,2000000000.0,45da1658fb0ee6f4228d992ab73b87466e1904eb469f3a80750258d84b9a8a36,Legacy GHz header corrected to Hz; numeric rows preserved from 17f0a758.,three_columns_per_data_row;finite_numeric_data;strictly_increasing_frequency;declared_unit_Hz;corrected_frequency_unit_header;numeric_rows_preserved_from_17f0a758
Results/Touchstone_Files/ANT1534Retest_P2.s1p,25003db50d545e3e0510519af960359cdabe1589bf774e98f5f1aebc6f3947df,7948,touchstone_s1p,canonical_valid,ANT1534R,P2,201,Hz,10000000.0,2000000000.0,3e35a4123944b72f56d5cc281cfe29b035e2d400613fc7b0a4cb8c3ffc22a524,Legacy GHz header corrected to Hz; numeric rows preserved from 17f0a758.,three_columns_per_data_row;finite_numeric_data;strictly_increasing_frequency;declared_unit_Hz;corrected_frequency_unit_header;numeric_rows_preserved_from_17f0a758
Results/Touchstone_Files/ANT1535H_P1.s1p,70a013919ccf26ba733ef46762180af2037ab9f9d31a3d0e13c39d2ef60a0f0c,7973,touchstone_s1p,canonical_valid,ANT1535H,P1,201,Hz,10000000.0,2000000000.0,476f2d29b16c03e3dbeaad871444dbda038d41c49802b65d63728ad6793d8ffe,Legacy GHz header corrected to Hz; numeric rows preserved from 17f0a758.,three_columns_per_data_row;finite_numeric_data;strictly_increasing_frequency;declared_unit_Hz;corrected_frequency_unit_header;numeric_rows_preserved_from_17f0a758
Results/Touchstone_Files/ANT1535H_P2.s1p,8196d205704d3b86ad7191b6d180c2089bd288310bc8fb5ccbe43687c66cfecf,7962,touchstone_s1p,canonical_valid,ANT1535H,P2,201,Hz,10000000.0,2000000000.0,54b6e451dfbb939a955e2e10e25d7ff15105597b15afccf35e58db6f97bc15da,Legacy GHz header corrected to Hz; numeric rows preserved from 17f0a758.,three_columns_per_data_row;finite_numeric_data;strictly_increasing_frequency;declared_unit_Hz;corrected_frequency_unit_header;numeric_rows_preserved_from_17f0a758
Results/Touchstone_Files/ANT1536H_P1.s1p,f482ea74e9d76b9a20382f03abd310dd4332a891ab818bee21e907e982eac50d,7973,touchstone_s1p,canonical_valid,ANT1536H,P1,201,Hz,10000000.0,2000000000.0,fed74642d251ce0cc75006f00eaf6e40f4de4f361255b852fee69c0e8977829c,Legacy GHz header corrected to Hz; numeric rows preserved from 17f0a758.,three_columns_per_data_row;finite_numeric_data;strictly_increasing_frequency;declared_unit_Hz;corrected_frequency_unit_header;numeric_rows_preserved_from_17f0a758
Results/Touchstone_Files/ANT1536H_P2.s1p,be26d90e72d4bc1856c48998842fb34bde463b61c1d4d92f71309cfabd86a5d7,7970,touchstone_s1p,canonical_valid,ANT1536H,P2,201,Hz,10000000.0,2000000000.0,31c8d320267762ab8791004027307421c6509a431f381be85eb4a741f910ab59,Legacy GHz header corrected to Hz; numeric rows preserved from 17f0a758.,three_columns_per_data_row;finite_numeric_data;strictly_increasing_frequency;declared_unit_Hz;corrected_frequency_unit_header;numeric_rows_preserved_from_17f0a758
Results/Touchstone_Files/ANT1537H_P1.s1p,bea381c03ee4b6f136e3813f7c0141bdacf35d1cfd53d07d40b5f1c624945dc2,7957,touchstone_s1p,canonical_valid,ANT1537H,P1,201,Hz,10000000.0,2000000000.0,069c7a971ab4411f942a5da6d0ce5b0e57fa441c227213411ad7be8543ff7001,Legacy GHz header corrected to Hz; numeric rows preserved from 17f0a758.,three_columns_per_data_row;finite_numeric_data;strictly_increasing_frequency;declared_unit_Hz;corrected_frequency_unit_header;numeric_rows_preserved_from_17f0a758
Results/Touchstone_Files/ANT1537H_P2.s1p,a3b1a5c9a157b4e533428870c20d9548d2b3e419ca3b630218bf24ce2ac77a7b,7971,touchstone_s1p,canonical_valid,ANT1537H,P2,201,Hz,10000000.0,2000000000.0,ab87029bd8a51c5dc13c9c179662c5ab420756632e0fe204f6cd3fb237ab4fdb,Legacy GHz header corrected to Hz; numeric rows preserved from 17f0a758.,three_columns_per_data_row;finite_numeric_data;strictly_increasing_frequency;declared_unit_Hz;corrected_frequency_unit_header;numeric_rows_preserved_from_17f0a758
Results/Touchstone_Files/ANT1538_P1.s1p,608c37aa112ed580b01bd2f661ca067242342372371532b135a3a4c8025d6f3f,7952,touchstone_s1p,canonical_valid,ANT1538,P1,201,Hz,10000000.0,2000000000.0,3e21639a22be97a03f8be9d34f30e9b9116bb0649105fc84e120ea00db91fc71,Legacy GHz header corrected to Hz; numeric rows preserved from 17f0a758.,three_columns_per_data_row;finite_numeric_data;strictly_increasing_frequency;declared_unit_Hz;corrected_frequency_unit_header;numeric_rows_preserved_from_17f0a758
Results/Touchstone_Files/ANT1538_P2.s1p,96b79b37332c9b400146b9174bcf4e65763fd255cd51c7bedaf641af7ea64af7,7967,touchstone_s1p,canonical_valid,ANT1538,P2,201,Hz,10000000.0,2000000000.0,cdf3d6e36f92651b7188d0f0e846a437342fa1942a41447e78b55137e8c76a7d,Legacy GHz header corrected to Hz; numeric rows preserved from 17f0a758.,three_columns_per_data_row;finite_numeric_data;strictly_increasing_frequency;declared_unit_Hz;corrected_frequency_unit_header;numeric_rows_preserved_from_17f0a758
Results/Touchstone_Files/ANT1539_P1.s1p,1c9c3312e9be5d787176e7916a3abc16593a614969beef8d6392839331d1719e,7954,touchstone_s1p,canonical_valid,ANT1539,P1,201,Hz,10000000.0,2000000000.0,a4fbd11396c1e827809afe96cf00423835bcbccd3863b2006fd923a6a45d4be6,Legacy GHz header corrected to Hz; numeric rows preserved from 17f0a758.,three_columns_per_data_row;finite_numeric_data;strictly_increasing_frequency;declared_unit_Hz;corrected_frequency_unit_header;numeric_rows_preserved_from_17f0a758
Results/Touchstone_Files/ANT1539_P2.s1p,fc53e74a403cb00a57eb4a97b5f2a472c9f5be3763fb2cfa50fadd3282c761f4,7959,touchstone_s1p,canonical_valid,ANT1539,P2,201,Hz,10000000.0,2000000000.0,2a6632ea0a5ff18e54e374b91ee2340f63791f9982977c1d4b365c801a90b87e,Legacy GHz header corrected to Hz; numeric rows preserved from 17f0a758.,three_columns_per_data_row;finite_numeric_data;strictly_increasing_frequency;declared_unit_Hz;corrected_frequency_unit_header;numeric_rows_preserved_from_17f0a758
Results/Touchstone_Files/ANT1539h_P1.s1p,ff20c5f6fcfc0c98b5197e8364ebeede41c3875b3f4b2ac02f013d8ae6cb6b7b,7965,touchstone_s1p,canonical_valid,ANT1539h,P1,201,Hz,10000000.0,2000000000.0,d68decbc2d44606e1a44226e3f7c5c72dcb5bdc23d296c413c6ec01436ebdaaa,Legacy GHz header corrected to Hz; numeric rows preserved from 17f0a758.,three_columns_per_data_row;finite_numeric_data;strictly_increasing_frequency;declared_unit_Hz;corrected_frequency_unit_header;numeric_rows_preserved_from_17f0a758
Results/Touchstone_Files/ANT1539h_P2.s1p,c803e81a5bce6f7c64b4ff85b31d83b7f8b581f0c68bf38f480cd11affbc1286,7973,touchstone_s1p,canonical_valid,ANT1539h,P2,201,Hz,10000000.0,2000000000.0,5ab189dd6f6690a342c05fef6ca160ea6efd2780e1ed60a066a7eda0dfda409a,Legacy GHz header corrected to Hz; numeric rows preserved from 17f0a758.,three_columns_per_data_row;finite_numeric_data;strictly_increasing_frequency;declared_unit_Hz;corrected_frequency_unit_header;numeric_rows_preserved_from_17f0a758
Results/Touchstone_Files/ANT1540H_P1.s1p,9331c803186562db4d23f5bf7fc005d4e0e3b21821019553dd2a431fcb535e28,7958,touchstone_s1p,canonical_valid,ANT1540H,P1,201,Hz,10000000.0,2000000000.0,34474c6d2406312c8ed212ddc410ba3167cc9a69c86e54ae33882370b94d226c,Legacy GHz header corrected to Hz; numeric rows preserved from 17f0a758.,three_columns_per_data_row;finite_numeric_data;strictly_increasing_frequency;declared_unit_Hz;corrected_frequency_unit_header;numeric_rows_preserved_from_17f0a758
Results/Touchstone_Files/ANT1540H_P2.s1p,1726168fda603bc443fb1d3fdadd10126fce4791e899c529d03b579cccf36bba,7968,touchstone_s1p,canonical_valid,ANT1540H,P2,201,Hz,10000000.0,2000000000.0,da4e69b410c1b547a5257e8b49d47c874da253b9cf740a9ec11da421ec17f54b,Legacy GHz header corrected to Hz; numeric rows preserved from 17f0a758.,three_columns_per_data_row;finite_numeric_data;strictly_increasing_frequency;declared_unit_Hz;corrected_frequency_unit_header;numeric_rows_preserved_from_17f0a758
Results/Touchstone_Files/ANT1541H_P1.s1p,ff1e03c57b0972d6e5231346ea1e78c5f0173610829986bfb888e3c5849ee74c,8136,touchstone_s1p,canonical_valid,ANT1541H,P1,201,Hz,10000000.0,2000000000.0,442ac8e7696815f58c53778efc03a024820e96075071e5312af353c555f8525d,Legacy GHz header corrected to Hz; numeric rows preserved from 17f0a758.,three_columns_per_data_row;finite_numeric_data;strictly_increasing_frequency;declared_unit_Hz;corrected_frequency_unit_header;numeric_rows_preserved_from_17f0a758
Results/Touchstone_Files/ANT1541H_P2.s1p,f82069e50f9034a2cc93ed6a550e3e10489cb9517abc134219029bbe5a8408f4,8121,touchstone_s1p,canonical_valid,ANT1541H,P2,201,Hz,10000000.0,2000000000.0,d8366d6b6b2d69684e1a82adfbd09f33c3ed8f3af6b773324f49690adde59550,Legacy GHz header corrected to Hz; numeric rows preserved from 17f0a758.,three_columns_per_data_row;finite_numeric_data;strictly_increasing_frequency;declared_unit_Hz;corrected_frequency_unit_header;numeric_rows_preserved_from_17f0a758
Results/Touchstone_Files/ANT1542H_P1.s1p,ff3cb6e50a3e94b9b290d6b2a16f96ac0ce19592f061b714fec76779ee94881f,7961,touchstone_s1p,canonical_valid,ANT1542H,P1,201,Hz,10000000.0,2000000000.0,4f971cf8f3bbc2079668e09fae7bc5ef7acbb0929c0c22f80ad145d7abc0e6c2,Legacy GHz header corrected to Hz; numeric rows preserved from 17f0a758.,three_columns_per_data_row;finite_numeric_data;strictly_increasing_frequency;declared_unit_Hz;corrected_frequency_unit_header;numeric_rows_preserved_from_17f0a758
Results/Touchstone_Files/ANT1542H_P2.s1p,110b494c5b455bcd3fda16cdc27890eece59db5565f0ba45c65ae12667475434,7971,touchstone_s1p,canonical_valid,ANT1542H,P2,201,Hz,10000000.0,2000000000.0,65e0daff4b93eddef289a0c9427ec7c37dfcd979a258f44f53039967f009a5da,Legacy GHz header corrected to Hz; numeric rows preserved from 17f0a758.,three_columns_per_data_row;finite_numeric_data;strictly_increasing_frequency;declared_unit_Hz;corrected_frequency_unit_header;numeric_rows_preserved_from_17f0a758
Results/Touchstone_Files/ANT1543H_P1.s1p,d0c57944a4881200bb0308032170fd3502ead6b26ab2b84d4dad91ceaf5279e9,7965,touchstone_s1p,canonical_valid,ANT1543H,P1,201,Hz,10000000.0,2000000000.0,febeb46a9449983e5980ccbab0aac4c59c298d9b710f8dc0a10d660790dba822,Legacy GHz header corrected to Hz; numeric rows preserved from 17f0a758.,three_columns_per_data_row;finite_numeric_data;strictly_increasing_frequency;declared_unit_Hz;corrected_frequency_unit_header;numeric_rows_preserved_from_17f0a758
Results/Touchstone_Files/ANT1543H_P2.s1p,60739d8e2232b64998e7baa1fa6dd532fb18ee33ddf6854ef4767190b1459cfb,7966,touchstone_s1p,canonical_valid,ANT1543H,P2,201,Hz,10000000.0,2000000000.0,73f75a0a05d0caba518bad9611ef724ef3401f4d5e3956c3ffc287ccadb484f8,Legacy GHz header corrected to Hz; numeric rows preserved from 17f0a758.,three_columns_per_data_row;finite_numeric_data;strictly_increasing_frequency;declared_unit_Hz;corrected_frequency_unit_header;numeric_rows_preserved_from_17f0a758
Results/Touchstone_Files/ANT1544H_P1.s1p,9e213bece8536e0364b0de32dbcfccc7bfd03c5fe154badbe3c3a4adbe6fc279,7965,touchstone_s1p,canonical_valid,ANT1544H,P1,201,Hz,10000000.0,2000000000.0,0c4cd225467e8877355de9538df3ce9d2d9738145752b2e1d9c4bd4d98440756,Legacy GHz header corrected to Hz; numeric rows preserved from 17f0a758.,three_columns_per_data_row;finite_numeric_data;strictly_increasing_frequency;declared_unit_Hz;corrected_frequency_unit_header;numeric_rows_preserved_from_17f0a758
Results/Touchstone_Files/ANT1544H_P2.s1p,f881802a7231c1127e0c3a44cc143abd68b264a4674785cf6cb3d1bedc5e369f,7972,touchstone_s1p,canonical_valid,ANT1544H,P2,201,Hz,10000000.0,2000000000.0,a5c05939b1be1b206e0cae7af1a559bb6eef4fbcd9a0fd6e7943c3cb12ff08a4,Legacy GHz header corrected to Hz; numeric rows preserved from 17f0a758.,three_columns_per_data_row;finite_numeric_data;strictly_increasing_frequency;declared_unit_Hz;corrected_frequency_unit_header;numeric_rows_preserved_from_17f0a758
Results/Touchstone_Files/ANT1545H_P1.s1p,0f0ea29fa287190b57aac797b50924b48637ef668e0c07dc71d65157ccd47438,7959,touchstone_s1p,canonical_valid,ANT1545H,P1,201,Hz,10000000.0,2000000000.0,d4fe8ceec19d709dd0725a9a18a86d1859c2e593a6a2543e7704ce201c20fac0,Legacy GHz header corrected to Hz; numeric rows preserved from 17f0a758.,three_columns_per_data_row;finite_numeric_data;strictly_increasing_frequency;declared_unit_Hz;corrected_frequency_unit_header;numeric_rows_preserved_from_17f0a758
Results/Touchstone_Files/ANT1545H_P2.s1p,13d3bd6ea621b11b0d898152760f809583adaee79d0f2141617110f976b1f4c6,7972,touchstone_s1p,canonical_valid,ANT1545H,P2,201,Hz,10000000.0,2000000000.0,671278fbf4b76ae36db70d7380cf803ead46ee663c9a6473ba2be1e20838607b,Legacy GHz header corrected to Hz; numeric rows preserved from 17f0a758.,three_columns_per_data_row;finite_numeric_data;strictly_increasing_frequency;declared_unit_Hz;corrected_frequency_unit_header;numeric_rows_preserved_from_17f0a758
Results/Touchstone_Files/ANT1546H_P1.s1p,1256f846bd30b908eaf0c7679272fa6052c9445940c00113584524ee19c6f89d,7963,touchstone_s1p,canonical_valid,ANT1546H,P1,201,Hz,10000000.0,2000000000.0,ebc19cca402f003ebce6189d6c332b134a5894be0c82964cb590aa01832a134a,Legacy GHz header corrected to Hz; numeric rows preserved from 17f0a758.,three_columns_per_data_row;finite_numeric_data;strictly_increasing_frequency;declared_unit_Hz;corrected_frequency_unit_header;numeric_rows_preserved_from_17f0a758
Results/Touchstone_Files/ANT1546H_P2.s1p,ceef4372cd7d4b1126154f0df11036c743e51b2af779fa1fb0b0aac8ac4d92ac,7976,touchstone_s1p,canonical_valid,ANT1546H,P2,201,Hz,10000000.0,2000000000.0,73bb1f260637381f7041eef3aeaccbde94f46d189ee72557998cc1043a1a5799,Legacy GHz header corrected to Hz; numeric rows preserved from 17f0a758.,three_columns_per_data_row;finite_numeric_data;strictly_increasing_frequency;declared_unit_Hz;corrected_frequency_unit_header;numeric_rows_preserved_from_17f0a758
Results/Touchstone_Files/ANT1547H_P1.s1p,38e612838aec0e7571c5bf4b4a6e21110b1c78fee405e3b82ed62ead9da3b128,7947,touchstone_s1p,canonical_valid,ANT1547H,P1,201,Hz,10000000.0,2000000000.0,498f2a3616c9e14624821aadec802cb0a7e3dd7f393380c3aa6e31520637da7e,Legacy GHz header corrected to Hz; numeric rows preserved from 17f0a758.,three_columns_per_data_row;finite_numeric_data;strictly_increasing_frequency;declared_unit_Hz;corrected_frequency_unit_header;numeric_rows_preserved_from_17f0a758
Results/Touchstone_Files/ANT1547H_P2.s1p,db7cc6c2530e07bc5fecadd6d8d0aa6e2da597381bd8322b3d50a65a15d314ca,7957,touchstone_s1p,canonical_valid,ANT1547H,P2,201,Hz,10000000.0,2000000000.0,b18f5929f2c843f311c23f44555e3b054c8a6599ddec8ffb5c25fc4f0fb840e9,Legacy GHz header corrected to Hz; numeric rows preserved from 17f0a758.,three_columns_per_data_row;finite_numeric_data;strictly_increasing_frequency;declared_unit_Hz;corrected_frequency_unit_header;numeric_rows_preserved_from_17f0a758
Results/Touchstone_Files/ANT1548H_P1.s1p,c1402fa5b0e0bcb694f43669347bfbc32d22ccdf29182fb7194f72087587ba63,7954,touchstone_s1p,canonical_valid,ANT1548H,P1,201,Hz,10000000.0,2000000000.0,3b35ae05dcc2c1ff6b476df81d519a8cd84431ca35ac6bb45a1be0852562a325,Legacy GHz header corrected to Hz; numeric rows preserved from 17f0a758.,three_columns_per_data_row;finite_numeric_data;strictly_increasing_frequency;declared_unit_Hz;corrected_frequency_unit_header;numeric_rows_preserved_from_17f0a758
Results/Touchstone_Files/ANT1548H_P2.s1p,6a55fb81a661e36b8e95306b7b9d4c909a5dc20536aa79aedb6884c246cef6c1,7965,touchstone_s1p,canonical_valid,ANT1548H,P2,201,Hz,10000000.0,2000000000.0,1c1ae21226792818386ca5931c52c45ae7b080c515c7c191e4d1bff96533e3b5,Legacy GHz header corrected to Hz; numeric rows preserved from 17f0a758.,three_columns_per_data_row;finite_numeric_data;strictly_increasing_frequency;declared_unit_Hz;corrected_frequency_unit_header;numeric_rows_preserved_from_17f0a758
Results/Touchstone_Files/ANT1549H_P1.s1p,0f98cb6f87355530e4e429c6121ec4f6018b04b0d915e873a7c38d6b21c0e009,7955,touchstone_s1p,canonical_valid,ANT1549H,P1,201,Hz,10000000.0,2000000000.0,2b281ef407a647aef70e852f6f02aaab2115945aeeea51a65affeae24b8bbdb9,Legacy GHz header corrected to Hz; numeric rows preserved from 17f0a758.,three_columns_per_data_row;finite_numeric_data;strictly_increasing_frequency;declared_unit_Hz;corrected_frequency_unit_header;numeric_rows_preserved_from_17f0a758
Results/Touchstone_Files/ANT1549H_P2.s1p,c30c5277188c7df80bac0b09cee95d2e5ad357e04b28a75f6039b8692a534600,7966,touchstone_s1p,canonical_valid,ANT1549H,P2,201,Hz,10000000.0,2000000000.0,a78607670591f77690ec23c12e7381d7fa42cf616715eda5b23caf06c8a35aad,Legacy GHz header corrected to Hz; numeric rows preserved from 17f0a758.,three_columns_per_data_row;finite_numeric_data;strictly_increasing_frequency;declared_unit_Hz;corrected_frequency_unit_header;numeric_rows_preserved_from_17f0a758
Results/Touchstone_Files/ANT1550H_P1.s1p,3f7b066956720672d96ccdc5ea455c4b219c118f103af085fe1676d18ea76b20,7972,touchstone_s1p,canonical_valid,ANT1550H,P1,201,Hz,10000000.0,2000000000.0,45b8c24f46e6e674f02d1eb7e2dea81fa0ef9c61e54baebf0834541a25b99cb6,Legacy GHz header corrected to Hz; numeric rows preserved from 17f0a758.,three_columns_per_data_row;finite_numeric_data;strictly_increasing_frequency;declared_unit_Hz;corrected_frequency_unit_header;numeric_rows_preserved_from_17f0a758
Results/Touchstone_Files/ANT1550H_P2.s1p,8a80ff7d7828682922352a0d70dd86785250bd6b1503f0f7a0b87e8c9c804b7f,7959,touchstone_s1p,canonical_valid,ANT1550H,P2,201,Hz,10000000.0,2000000000.0,142a36d28e9e7294d85724eb9db4dee430f1f42338a848f3f08c484e4d1700c9,Legacy GHz header corrected to Hz; numeric rows preserved from 17f0a758.,three_columns_per_data_row;finite_numeric_data;strictly_increasing_frequency;declared_unit_Hz;corrected_frequency_unit_header;numeric_rows_preserved_from_17f0a758
Results/Touchstone_Files/ANT1551H_P1.s1p,81653b6c600f7204584f547886a6246b9e668262332848aabf3bffc688eb6d45,7962,touchstone_s1p,canonical_valid,ANT1551H,P1,201,Hz,10000000.0,2000000000.0,49d5620fd3c500e8aa3324cec4a21884e255b27d8d569039e84e7afe90594a76,Legacy GHz header corrected to Hz; numeric rows preserved from 17f0a758.,three_columns_per_data_row;finite_numeric_data;strictly_increasing_frequency;declared_unit_Hz;corrected_frequency_unit_header;numeric_rows_preserved_from_17f0a758
Results/Touchstone_Files/ANT1551H_P2.s1p,6ea5ea2ea013b76e279ab4e6f545f1c406f962141ac3fca983cd2a48f82fbb43,7960,touchstone_s1p,canonical_valid,ANT1551H,P2,201,Hz,10000000.0,2000000000.0,a10ba25d50c785f844104a7e1a58e6b6b51f6d0a34216d91cd939e8981035300,Legacy GHz header corrected to Hz; numeric rows preserved from 17f0a758.,three_columns_per_data_row;finite_numeric_data;strictly_increasing_frequency;declared_unit_Hz;corrected_frequency_unit_header;numeric_rows_preserved_from_17f0a758
Results/Touchstone_Files/ANT1552H_P1.s1p,a3e22d910fac5ec5818ead5d6723ecd7f371fd54648cd5501f58b452fb8f0e18,7961,touchstone_s1p,canonical_valid,ANT1552H,P1,201,Hz,10000000.0,2000000000.0,d484f3f04c29852ecebfbe0485ca3f748d873ff69c224eb42d24bf234229ab45,Legacy GHz header corrected to Hz; numeric rows preserved from 17f0a758.,three_columns_per_data_row;finite_numeric_data;strictly_increasing_frequency;declared_unit_Hz;corrected_frequency_unit_header;numeric_rows_preserved_from_17f0a758
Results/Touchstone_Files/ANT1552H_P2.s1p,3b9a534520b3893044e4670cb80a336c808663e7aba8e26ad785d3aac199f7b6,7959,touchstone_s1p,canonical_valid,ANT1552H,P2,201,Hz,10000000.0,2000000000.0,df92ebddef53347f5fbbb70f7ce7886b3bd448d656e414da224d54267c23e188,Legacy GHz header corrected to Hz; numeric rows preserved from 17f0a758.,three_columns_per_data_row;finite_numeric_data;strictly_increasing_frequency;declared_unit_Hz;corrected_frequency_unit_header;numeric_rows_preserved_from_17f0a758
Results/Touchstone_Files/ANT1553H_P1.s1p,cc7e987e49154111fbace6a59b811135225dafbfff5675a48af1a919db958e57,7958,touchstone_s1p,canonical_valid,ANT1553H,P1,201,Hz,10000000.0,2000000000.0,93d213d5822d76e71bed45a8d060bcd2b88eb0edaadf21035c7034feea1c6eed,Legacy GHz header corrected to Hz; numeric rows preserved from 17f0a758.,three_columns_per_data_row;finite_numeric_data;strictly_increasing_frequency;declared_unit_Hz;corrected_frequency_unit_header;numeric_rows_preserved_from_17f0a758
Results/Touchstone_Files/ANT1553H_P2.s1p,b4494b75f745289e3c2a412b2f6bdfcf867ddb253e3967d81a5de83312495231,7960,touchstone_s1p,canonical_valid,ANT1553H,P2,201,Hz,10000000.0,2000000000.0,37d20f5fdee0262beee4a4089fc1f75a5e19dff4d40a61429f89788cd1bb76cb,Legacy GHz header corrected to Hz; numeric rows preserved from 17f0a758.,three_columns_per_data_row;finite_numeric_data;strictly_increasing_frequency;declared_unit_Hz;corrected_frequency_unit_header;numeric_rows_preserved_from_17f0a758
Results/Touchstone_Files/ANT1554H_P1.s1p,b0c44929c7a13f5e3932d750cef53d366406cc7077e8d31e95708d4cf7068c16,7962,touchstone_s1p,canonical_valid,ANT1554H,P1,201,Hz,10000000.0,2000000000.0,d6c22b44e2a88c30d4886fed776e3b3669202943b826e9c96944778c22c7b34a,Legacy GHz header corrected to Hz; numeric rows preserved from 17f0a758.,three_columns_per_data_row;finite_numeric_data;strictly_increasing_frequency;declared_unit_Hz;corrected_frequency_unit_header;numeric_rows_preserved_from_17f0a758
Results/Touchstone_Files/ANT1554H_P2.s1p,722621935da627084941be00bccaaaf47ac626540ba6a6167329147346876b1d,7973,touchstone_s1p,canonical_valid,ANT1554H,P2,201,Hz,10000000.0,2000000000.0,b28046ae8a09bdb2cf1849ee8b4d3b7cc38c4b57457c4fd645803289b987be21,Legacy GHz header corrected to Hz; numeric rows preserved from 17f0a758.,three_columns_per_data_row;finite_numeric_data;strictly_increasing_frequency;declared_unit_Hz;corrected_frequency_unit_header;numeric_rows_preserved_from_17f0a758
Results/Touchstone_Files/ANT1555H_P1.s1p,355b0729f4a71e04b5c2614a2be02603bdd479fd7b147a48cfff0d51c056f3a6,7966,touchstone_s1p,canonical_valid,ANT1555H,P1,201,Hz,10000000.0,2000000000.0,e437084925b8e649fbdff07644ca230b680c8183d935f0555c1af01f7259b0a0,Legacy GHz header corrected to Hz; numeric rows preserved from 17f0a758.,three_columns_per_data_row;finite_numeric_data;strictly_increasing_frequency;declared_unit_Hz;corrected_frequency_unit_header;numeric_rows_preserved_from_17f0a758
Results/Touchstone_Files/ANT1555H_P2.s1p,da398bc8b4d03e1211c5116fed05cd965260cba1630fa60d7c5d9cdb53bfc427,7961,touchstone_s1p,canonical_valid,ANT1555H,P2,201,Hz,10000000.0,2000000000.0,a9f53a0a7ac681ec856ae5e4e9ee9b1c54a32d88046f8b8e7a1fc6001577ebda,Legacy GHz header corrected to Hz; numeric rows preserved from 17f0a758.,three_columns_per_data_row;finite_numeric_data;strictly_increasing_frequency;declared_unit_Hz;corrected_frequency_unit_header;numeric_rows_preserved_from_17f0a758
Results/Touchstone_Files/ANT1556H_P1.s1p,85c6e7baa45f73fc3f177c514914adb36895eb9c97613043d21c9262183bab00,7970,touchstone_s1p,canonical_valid,ANT1556H,P1,201,Hz,10000000.0,2000000000.0,8f25304a8844d608789124e307d58cece8f36fc7d6c73426934a17e7267c6ffc,Legacy GHz header corrected to Hz; numeric rows preserved from 17f0a758.,three_columns_per_data_row;finite_numeric_data;strictly_increasing_frequency;declared_unit_Hz;corrected_frequency_unit_header;numeric_rows_preserved_from_17f0a758
Results/Touchstone_Files/ANT1556H_P2.s1p,dbb45920f83c203b63608486a6e98e78bbb1b7a8bc86912a135944fc0a1a3f99,7961,touchstone_s1p,canonical_valid,ANT1556H,P2,201,Hz,10000000.0,2000000000.0,825ec105bfa3184db1aa2e4e8009f9783f4fc38b87b9847f3d9380e8a63f6972,Legacy GHz header corrected to Hz; numeric rows preserved from 17f0a758.,three_columns_per_data_row;finite_numeric_data;strictly_increasing_frequency;declared_unit_Hz;corrected_frequency_unit_header;numeric_rows_preserved_from_17f0a758
Results/Touchstone_Files/ANT1557H_P1.s1p,5a8fda28245a145de41a266dbb28a7a942c841f96700d1ae9eed008b641318c9,7950,touchstone_s1p,canonical_valid,ANT1557H,P1,201,Hz,10000000.0,2000000000.0,822deebf877629f36094599ec0c864497840797828ca3fc4816296dcec805a98,Legacy GHz header corrected to Hz; numeric rows preserved from 17f0a758.,three_columns_per_data_row;finite_numeric_data;strictly_increasing_frequency;declared_unit_Hz;corrected_frequency_unit_header;numeric_rows_preserved_from_17f0a758
Results/Touchstone_Files/ANT1557H_P2.s1p,fbcec49b477c39ff11f869688fa9a2847266528ff1921f38de7b4fd1f91b632e,7962,touchstone_s1p,canonical_valid,ANT1557H,P2,201,Hz,10000000.0,2000000000.0,b6e55d667acf306b8d2a512373eca48e9f44e0d7fb8b1a4d260f05b4bdb3b72c,Legacy GHz header corrected to Hz; numeric rows preserved from 17f0a758.,three_columns_per_data_row;finite_numeric_data;strictly_increasing_frequency;declared_unit_Hz;corrected_frequency_unit_header;numeric_rows_preserved_from_17f0a758
Results/Touchstone_Files/ANT1558H_P1.s1p,501837751ef1aab6343e41304d13b21934c5401f8f852da4081d97228c406763,7981,touchstone_s1p,canonical_valid,ANT1558H,P1,201,Hz,10000000.0,2000000000.0,8ef8982b75376d459ae718a0da9e4ecea324898bbf5d494d594c799910eaa05d,Legacy GHz header corrected to Hz; numeric rows preserved from 17f0a758.,three_columns_per_data_row;finite_numeric_data;strictly_increasing_frequency;declared_unit_Hz;corrected_frequency_unit_header;numeric_rows_preserved_from_17f0a758
Results/Touchstone_Files/ANT1558H_P2.s1p,cc7455871cc4add972dcb77680048edde26f25a9a90be21feeee6cda0e7aa98b,7972,touchstone_s1p,canonical_valid,ANT1558H,P2,201,Hz,10000000.0,2000000000.0,97b283cfbedde18a80ef3900dddc7685bf2199f3250096ada43e9fdb885b481e,Legacy GHz header corrected to Hz; numeric rows preserved from 17f0a758.,three_columns_per_data_row;finite_numeric_data;strictly_increasing_frequency;declared_unit_Hz;corrected_frequency_unit_header;numeric_rows_preserved_from_17f0a758
Results/Touchstone_Files/ANT1559H_P1.s1p,d6b94b04fd60c2bc0f5732e03ec12467bdaea5009e1f8d27fda7ce118840f2ce,7961,touchstone_s1p,canonical_valid,ANT1559H,P1,201,Hz,10000000.0,2000000000.0,21349ebd2130171b46a7a32d64cb86b8547004aeea50af73d083e081f9a41bc8,Legacy GHz header corrected to Hz; numeric rows preserved from 17f0a758.,three_columns_per_data_row;finite_numeric_data;strictly_increasing_frequency;declared_unit_Hz;corrected_frequency_unit_header;numeric_rows_preserved_from_17f0a758
Results/Touchstone_Files/ANT1559H_P2.s1p,629297ea4511acd5c9cd2989f0ab7b7df1945d0ba65197dfc90fd97d8bada913,7951,touchstone_s1p,canonical_valid,ANT1559H,P2,201,Hz,10000000.0,2000000000.0,64071b22b87a7a87c7f90eb954e88de62b7740baba529f5d3939b4117bf795ca,Legacy GHz header corrected to Hz; numeric rows preserved from 17f0a758.,three_columns_per_data_row;finite_numeric_data;strictly_increasing_frequency;declared_unit_Hz;corrected_frequency_unit_header;numeric_rows_preserved_from_17f0a758
Results/Touchstone_Files/ANT1560H_P1.s1p,9dfa343dc9f2faf9fa717ca510198354c61ceb1649cf9a570865d4d578977750,7949,touchstone_s1p,canonical_valid,ANT1560H,P1,201,Hz,10000000.0,2000000000.0,00f5837ade5a0c1bfd365befc0e6ebeca79abea6cb9731d06a01af400a3833eb,Legacy GHz header corrected to Hz; numeric rows preserved from 17f0a758.,three_columns_per_data_row;finite_numeric_data;strictly_increasing_frequency;declared_unit_Hz;corrected_frequency_unit_header;numeric_rows_preserved_from_17f0a758
Results/Touchstone_Files/ANT1560H_P2.s1p,70a5513a41cf0db01d86187ac67898cb5c6dde956cfc268f7f93399184e358ba,7954,touchstone_s1p,canonical_valid,ANT1560H,P2,201,Hz,10000000.0,2000000000.0,424b8ba20632444f426e75be270af1248378a858fdbf45c737da3b211330f0c6,Legacy GHz header corrected to Hz; numeric rows preserved from 17f0a758.,three_columns_per_data_row;finite_numeric_data;strictly_increasing_frequency;declared_unit_Hz;corrected_frequency_unit_header;numeric_rows_preserved_from_17f0a758
Results/Touchstone_Files/ANT1561H_P1.s1p,6a9b8ffe357034572d94d50fbd34cb01bb10129059b1a965da8a88461b1f0579,7964,touchstone_s1p,canonical_valid,ANT1561H,P1,201,Hz,10000000.0,2000000000.0,37f47554690e32471c57ec373063c9fc6440b0f3cd6dcfaf954b6d83dd156494,Legacy GHz header corrected to Hz; numeric rows preserved from 17f0a758.,three_columns_per_data_row;finite_numeric_data;strictly_increasing_frequency;declared_unit_Hz;corrected_frequency_unit_header;numeric_rows_preserved_from_17f0a758
Results/Touchstone_Files/ANT1561H_P2.s1p,43ba5145e38c129aebef45025c4a4fd37841d2678ba862d4b9f2738de64cd40f,7959,touchstone_s1p,canonical_valid,ANT1561H,P2,201,Hz,10000000.0,2000000000.0,861d073f7bfdc8adb8c216b4c52bd99e43803fa3b94278fad517aa44cdadf7f3,Legacy GHz header corrected to Hz; numeric rows preserved from 17f0a758.,three_columns_per_data_row;finite_numeric_data;strictly_increasing_frequency;declared_unit_Hz;corrected_frequency_unit_header;numeric_rows_preserved_from_17f0a758
Results/Touchstone_Files/ANT1562H_P1.s1p,2f870ddd169dcae018cab44658f31f324c86332a4b9a292960abb2db3e9cd70e,7957,touchstone_s1p,canonical_valid,ANT1562H,P1,201,Hz,10000000.0,2000000000.0,67dc0550cbb55577c5a57b881a648aab04bba2125d2ee93070c79cc914a6c051,Legacy GHz header corrected to Hz; numeric rows preserved from 17f0a758.,three_columns_per_data_row;finite_numeric_data;strictly_increasing_frequency;declared_unit_Hz;corrected_frequency_unit_header;numeric_rows_preserved_from_17f0a758
Results/Touchstone_Files/ANT1562H_P2.s1p,d0eb4a75d406c5f4a6c046cfdd1a0c75f2f50d88cec20d555ce19b88948d2205,7968,touchstone_s1p,canonical_valid,ANT1562H,P2,201,Hz,10000000.0,2000000000.0,2caae5d47c1e13817d94f916987e09a324ac21d275f469295015a737df1ec405,Legacy GHz header corrected to Hz; numeric rows preserved from 17f0a758.,three_columns_per_data_row;finite_numeric_data;strictly_increasing_frequency;declared_unit_Hz;corrected_frequency_unit_header;numeric_rows_preserved_from_17f0a758
Results/Touchstone_Files/ANT1563_P1.s1p,8a1de984a71c05cbfc2bf1eeaaf83dafd9acdeccce1dcb754c65baa89b1a6081,7965,touchstone_s1p,canonical_valid,ANT1563,P1,201,Hz,10000000.0,2000000000.0,f4147dbd3c281a3946c9ac9bc95c2d2e475f3e309364bf3adcbf08d8b737bcf3,Legacy GHz header corrected to Hz; numeric rows preserved from 17f0a758.,three_columns_per_data_row;finite_numeric_data;strictly_increasing_frequency;declared_unit_Hz;corrected_frequency_unit_header;numeric_rows_preserved_from_17f0a758
Results/Touchstone_Files/ANT1563_P2.s1p,75a8f1eacdc44ef0ffd65605f41aecca29c3cd900e731995f89c979241f05f9f,7962,touchstone_s1p,canonical_valid,ANT1563,P2,201,Hz,10000000.0,2000000000.0,8635cac07b8fe31a9ac451de1d31cc7a34e29be63c312abdd46c5b8ef2d17947,Legacy GHz header corrected to Hz; numeric rows preserved from 17f0a758.,three_columns_per_data_row;finite_numeric_data;strictly_increasing_frequency;declared_unit_Hz;corrected_frequency_unit_header;numeric_rows_preserved_from_17f0a758
Results/Touchstone_Files/ANT1564H_P1.s1p,08f6f2ad43c06466bc6341f21d7a555df56dc90610dbc46608cc48e0d3cd9a80,7952,touchstone_s1p,canonical_valid,ANT1564H,P1,201,Hz,10000000.0,2000000000.0,fcf681b0696bf70a5efb8f3309553af25128e0c207e14365fa8eb00039b1d00b,Legacy GHz header corrected to Hz; numeric rows preserved from 17f0a758.,three_columns_per_data_row;finite_numeric_data;strictly_increasing_frequency;declared_unit_Hz;corrected_frequency_unit_header;numeric_rows_preserved_from_17f0a758
Results/Touchstone_Files/ANT1564H_P2.s1p,e672f3fd149b08bfbc36509416b823fb5a230a5316d3d4112cc6e60c38f4591d,7958,touchstone_s1p,canonical_valid,ANT1564H,P2,201,Hz,10000000.0,2000000000.0,04507c60cf9ff84641a1b238c4e0ff9531827e9ddfeafcdd80412dfcfd80a42a,Legacy GHz header corrected to Hz; numeric rows preserved from 17f0a758.,three_columns_per_data_row;finite_numeric_data;strictly_increasing_frequency;declared_unit_Hz;corrected_frequency_unit_header;numeric_rows_preserved_from_17f0a758
Results/Touchstone_Files/ANT1565H_P1.s1p,033f959e47261d09b20ea678f49bb4f734c784e555f999072c0c989032910335,7951,touchstone_s1p,canonical_valid,ANT1565H,P1,201,Hz,10000000.0,2000000000.0,967d8860674a0ae1f708da69ad249ada06906435045c35973bd0ed01b87ae83b,Legacy GHz header corrected to Hz; numeric rows preserved from 17f0a758.,three_columns_per_data_row;finite_numeric_data;strictly_increasing_frequency;declared_unit_Hz;corrected_frequency_unit_header;numeric_rows_preserved_from_17f0a758
Results/Touchstone_Files/ANT1565H_P2.s1p,4171ddfd37491b52e3447f6f9075712c2c81a0f8e9947752d42d9a7f3051e06b,7967,touchstone_s1p,canonical_valid,ANT1565H,P2,201,Hz,10000000.0,2000000000.0,2410df86cf238a87ffff83d9dc4b5ca07442848a6ebf2f870b1d58320900c644,Legacy GHz header corrected to Hz; numeric rows preserved from 17f0a758.,three_columns_per_data_row;finite_numeric_data;strictly_increasing_frequency;declared_unit_Hz;corrected_frequency_unit_header;numeric_rows_preserved_from_17f0a758
Results/Touchstone_Files/ANT1566H_P1.s1p,1a17e951f1b87f98c47a111d0ea2c5a9993b87fbbaf4901c790ee4663e580e48,7967,touchstone_s1p,canonical_valid,ANT1566H,P1,201,Hz,10000000.0,2000000000.0,cff63179adf09ac99b185c775f6283a6b1bae0ef9a533ea7f1516f7d29427afc,Legacy GHz header corrected to Hz; numeric rows preserved from 17f0a758.,three_columns_per_data_row;finite_numeric_data;strictly_increasing_frequency;declared_unit_Hz;corrected_frequency_unit_header;numeric_rows_preserved_from_17f0a758
Results/Touchstone_Files/ANT1566H_P2.s1p,cc347ea5a6fa514308af2eaf8cd94a1d47a27c80ed57fd6542df5b1cb16f761b,7966,touchstone_s1p,canonical_valid,ANT1566H,P2,201,Hz,10000000.0,2000000000.0,ed584041f615d9ae5ec37d3bb08bcab3c307ef7eb8ea538c26fa509e7d031498,Legacy GHz header corrected to Hz; numeric rows preserved from 17f0a758.,three_columns_per_data_row;finite_numeric_data;strictly_increasing_frequency;declared_unit_Hz;corrected_frequency_unit_header;numeric_rows_preserved_from_17f0a758
Results/Touchstone_Files/ANT1567_P1.s1p,6444e2de3b17c800903b80cec20e552ea87ed93fc55590489ccf7ef4c5fc6704,7963,touchstone_s1p,canonical_valid,ANT1567,P1,201,Hz,10000000.0,2000000000.0,479307a67cd72a6cc65f831c3dddea041e1029c2bde2756e10433a694c58f535,Legacy GHz header corrected to Hz; numeric rows preserved from 17f0a758.,three_columns_per_data_row;finite_numeric_data;strictly_increasing_frequency;declared_unit_Hz;corrected_frequency_unit_header;numeric_rows_preserved_from_17f0a758
Results/Touchstone_Files/ANT1567_P2.s1p,a5a6747d3a0417e7c71f04195cf935a002c0185cd71babf372855563a69aaa93,7953,touchstone_s1p,canonical_valid,ANT1567,P2,201,Hz,10000000.0,2000000000.0,0f7f183191de7d0bc6f33d86323e5a4622f4670b335a6b9a8b6e19b92164153c,Legacy GHz header corrected to Hz; numeric rows preserved from 17f0a758.,three_columns_per_data_row;finite_numeric_data;strictly_increasing_frequency;declared_unit_Hz;corrected_frequency_unit_header;numeric_rows_preserved_from_17f0a758
Results/Touchstone_Files/ANT1568H_P1.s1p,9c8b77c0bb6c4ae1e4aab6f2608ba09b5148f2d7e8311f910091d34b0ac85057,7974,touchstone_s1p,canonical_valid,ANT1568H,P1,201,Hz,10000000.0,2000000000.0,5441e2e28187d67d986447327ddee8020a07477d0fbb26c411b0702cb4e62f81,Legacy GHz header corrected to Hz; numeric rows preserved from 17f0a758.,three_columns_per_data_row;finite_numeric_data;strictly_increasing_frequency;declared_unit_Hz;corrected_frequency_unit_header;numeric_rows_preserved_from_17f0a758
Results/Touchstone_Files/ANT1568H_P2.s1p,43ed9cdeaf140cb037b3b9872b9491e0afeb0365c1d5f9b825fe213b00bf3b6d,7972,touchstone_s1p,canonical_valid,ANT1568H,P2,201,Hz,10000000.0,2000000000.0,123eb5ce941d69417ec70640d9714bb40a08b2025564c9e008f801ac7683261c,Legacy GHz header corrected to Hz; numeric rows preserved from 17f0a758.,three_columns_per_data_row;finite_numeric_data;strictly_increasing_frequency;declared_unit_Hz;corrected_frequency_unit_header;numeric_rows_preserved_from_17f0a758
Results/Touchstone_Files/ANT1569H_P1.s1p,391ee6099cbd64d504c75f68de95c176bbaf9173f2b8f870091dedfdd0bccdb6,8149,touchstone_s1p,canonical_valid,ANT1569H,P1,201,Hz,10000000.0,2000000000.0,8a7862fb49e5f6946f4996506127ad953132d3ed961bf4d38c9a2dd81bdf2433,Legacy GHz header corrected to Hz; numeric rows preserved from 17f0a758.,three_columns_per_data_row;finite_numeric_data;strictly_increasing_frequency;declared_unit_Hz;corrected_frequency_unit_header;numeric_rows_preserved_from_17f0a758
Results/Touchstone_Files/ANT1569H_P2.s1p,8b34de14cc4d788d2645d6ba99eaa2eff4f28eada3f0406bd36acb1272742120,8139,touchstone_s1p,canonical_valid,ANT1569H,P2,201,Hz,10000000.0,2000000000.0,5a00bd36257a6ea59794f559134a3ab64032f516bcbb9622b4a1c8384905bbb8,Legacy GHz header corrected to Hz; numeric rows preserved from 17f0a758.,three_columns_per_data_row;finite_numeric_data;strictly_increasing_frequency;declared_unit_Hz;corrected_frequency_unit_header;numeric_rows_preserved_from_17f0a758
Results/Touchstone_Files/ANT1570H_P1.s1p,a58302ec3256e4699d0fe14305c0e31f8f837b7f53bbde339afa208f92b3db83,7960,touchstone_s1p,canonical_valid,ANT1570H,P1,201,Hz,10000000.0,2000000000.0,91869a6ef4ba6e8b1f738d8553e6e26bc08c0e8ac9ed4b4afbd0b67a029bb523,Legacy GHz header corrected to Hz; numeric rows preserved from 17f0a758.,three_columns_per_data_row;finite_numeric_data;strictly_increasing_frequency;declared_unit_Hz;corrected_frequency_unit_header;numeric_rows_preserved_from_17f0a758
Results/Touchstone_Files/ANT1570H_P2.s1p,8c8366a3213ef054d27300d54fb743cbed980800377db3075eba713887a61c46,7964,touchstone_s1p,canonical_valid,ANT1570H,P2,201,Hz,10000000.0,2000000000.0,8058bdb7a30b16c6eb3361f6fc37c6be02cfd1d27508bb9b8a7371523754f7ee,Legacy GHz header corrected to Hz; numeric rows preserved from 17f0a758.,three_columns_per_data_row;finite_numeric_data;strictly_increasing_frequency;declared_unit_Hz;corrected_frequency_unit_header;numeric_rows_preserved_from_17f0a758
Results/Touchstone_Files/ANT1571H_P1.s1p,b4d459cc70eba844845af1eb23271790e9dfc305dbf6d2a0b61640b3d8640d90,7956,touchstone_s1p,canonical_valid,ANT1571H,P1,201,Hz,10000000.0,2000000000.0,530e0e47c54de0927cc28b0c10d1c807a1668d26884a8c384c85fc953b7dd1b5,Legacy GHz header corrected to Hz; numeric rows preserved from 17f0a758.,three_columns_per_data_row;finite_numeric_data;strictly_increasing_frequency;declared_unit_Hz;corrected_frequency_unit_header;numeric_rows_preserved_from_17f0a758
Results/Touchstone_Files/ANT1571H_P2.s1p,75fd0df581d5e79479d8c050b72e3789949d8aa3f583a740f448b106735ee3f8,7977,touchstone_s1p,canonical_valid,ANT1571H,P2,201,Hz,10000000.0,2000000000.0,0700b68bf6b44396f5308ea86777cf28fb5c8134f9c15784c0ecb5fd426ed887,Legacy GHz header corrected to Hz; numeric rows preserved from 17f0a758.,three_columns_per_data_row;finite_numeric_data;strictly_increasing_frequency;declared_unit_Hz;corrected_frequency_unit_header;numeric_rows_preserved_from_17f0a758
Results/Touchstone_Files/ANT1572H_P1.s1p,01b3424f9c7a9cb3680da7dcfe8b82f18a3533b2ba58d33bffddcb48de831ab8,8141,touchstone_s1p,canonical_valid,ANT1572H,P1,201,Hz,10000000.0,2000000000.0,ea25ae3395c0e51b5aa0b0ea38c641cabd6e0283d6288113d6884412ddaf199c,Legacy GHz header corrected to Hz; numeric rows preserved from 17f0a758.,three_columns_per_data_row;finite_numeric_data;strictly_increasing_frequency;declared_unit_Hz;corrected_frequency_unit_header;numeric_rows_preserved_from_17f0a758
Results/Touchstone_Files/ANT1572H_P2.s1p,c8db9ed91dc4fa04189d67faca0f234a4a58f7ce0716b660d97ef2f9b1d54eb1,8122,touchstone_s1p,canonical_valid,ANT1572H,P2,201,Hz,10000000.0,2000000000.0,90a53e8066cddca63f6506c967de9143e78c1f4aa5c7ec55120906ec3f110cc8,Legacy GHz header corrected to Hz; numeric rows preserved from 17f0a758.,three_columns_per_data_row;finite_numeric_data;strictly_increasing_frequency;declared_unit_Hz;corrected_frequency_unit_header;numeric_rows_preserved_from_17f0a758
Results/Touchstone_Files/ANT1573H_P1.s1p,c9b0610b6718cad6b2d3d2c9e8e25d4ebefb3beabe6478ef396516da941e7a61,7973,touchstone_s1p,canonical_valid,ANT1573H,P1,201,Hz,10000000.0,2000000000.0,398749097ba63a9ad7729f504de28d7c77f900612c37ea01a3a716fc08cd9eb1,Legacy GHz header corrected to Hz; numeric rows preserved from 17f0a758.,three_columns_per_data_row;finite_numeric_data;strictly_increasing_frequency;declared_unit_Hz;corrected_frequency_unit_header;numeric_rows_preserved_from_17f0a758
Results/Touchstone_Files/ANT1573H_P2.s1p,8acf83f2fd62143fce236acaf9c6eb1377fe94fe61fb7417bb270aeb91fc2c39,7967,touchstone_s1p,canonical_valid,ANT1573H,P2,201,Hz,10000000.0,2000000000.0,85b36131a21314cf3e54e642ca2bf2ed727be67b06904d9e5806a4c2341a09bd,Legacy GHz header corrected to Hz; numeric rows preserved from 17f0a758.,three_columns_per_data_row;finite_numeric_data;strictly_increasing_frequency;declared_unit_Hz;corrected_frequency_unit_header;numeric_rows_preserved_from_17f0a758
Results/Touchstone_Files/ANT1574H_P1.s1p,5b0628ef51be3338d4de080fcbc6e401db82bf0375a9dc577c710468999dc293,7945,touchstone_s1p,canonical_valid,ANT1574H,P1,201,Hz,10000000.0,2000000000.0,34645d1ba8cceb345dea0422ed5cd7f5b8c0361929e0699f4c1998eb6581bf85,Legacy GHz header corrected to Hz; numeric rows preserved from 17f0a758.,three_columns_per_data_row;finite_numeric_data;strictly_increasing_frequency;declared_unit_Hz;corrected_frequency_unit_header;numeric_rows_preserved_from_17f0a758
Results/Touchstone_Files/ANT1574H_P2.s1p,6b8ffa41d9e040810126b4ac04e34bed995e8c3b11c5be7dfe0b6eb92916ef34,7957,touchstone_s1p,canonical_valid,ANT1574H,P2,201,Hz,10000000.0,2000000000.0,f591f3a812958844274f94736ed1bb54d313fb8182a9671182ffaab584dd04cb,Legacy GHz header corrected to Hz; numeric rows preserved from 17f0a758.,three_columns_per_data_row;finite_numeric_data;strictly_increasing_frequency;declared_unit_Hz;corrected_frequency_unit_header;numeric_rows_preserved_from_17f0a758
Results/Touchstone_Files/ANT1575H_P1.s1p,3ee2131488a8461eabba0699c407b2bdfc3359e70c5186fb45cc7285920a4203,7975,touchstone_s1p,canonical_valid,ANT1575H,P1,201,Hz,10000000.0,2000000000.0,068860f16960d16dc8ddaa20d8196988099a384c32cfcd5c1a8b356ae9b94cae,Legacy GHz header corrected to Hz; numeric rows preserved from 17f0a758.,three_columns_per_data_row;finite_numeric_data;strictly_increasing_frequency;declared_unit_Hz;corrected_frequency_unit_header;numeric_rows_preserved_from_17f0a758
Results/Touchstone_Files/ANT1575H_P2.s1p,f709f8bbbc0cff642d358a46b16872bfc49ca302861ef9dd7fcae4e74186bcd1,7967,touchstone_s1p,canonical_valid,ANT1575H,P2,201,Hz,10000000.0,2000000000.0,f61bdb2b48352b1e65f7533b8d78e4041377dcb0599ec91b3af226ddd6461f37,Legacy GHz header corrected to Hz; numeric rows preserved from 17f0a758.,three_columns_per_data_row;finite_numeric_data;strictly_increasing_frequency;declared_unit_Hz;corrected_frequency_unit_header;numeric_rows_preserved_from_17f0a758
Results/Touchstone_Files/ANT1576H_P1.s1p,5609d27242849cde2ee5c87be9f9ae48551bc31884462e0ce4289ba51f00b5ae,7974,touchstone_s1p,canonical_valid,ANT1576H,P1,201,Hz,10000000.0,2000000000.0,7d8cf2a2b22e46cfd713f0a8ee1956eb2da6e59189ede21f3ff5720efcec6cd5,Legacy GHz header corrected to Hz; numeric rows preserved from 17f0a758.,three_columns_per_data_row;finite_numeric_data;strictly_increasing_frequency;declared_unit_Hz;corrected_frequency_unit_header;numeric_rows_preserved_from_17f0a758
Results/Touchstone_Files/ANT1576H_P2.s1p,8a5849e02d7ec12da054b0469d2b1ecdf88876267834e5a11fcaad8d9c646a43,7971,touchstone_s1p,canonical_valid,ANT1576H,P2,201,Hz,10000000.0,2000000000.0,995ecc1cfaef1d4276d106cbc5247305cccb9d1369553c1480bc7bd28c2c6d55,Legacy GHz header corrected to Hz; numeric rows preserved from 17f0a758.,three_columns_per_data_row;finite_numeric_data;strictly_increasing_frequency;declared_unit_Hz;corrected_frequency_unit_header;numeric_rows_preserved_from_17f0a758
Results/Touchstone_Files/ANT1577H_P1.s1p,75600b87ee4197f083e2e515d6d54863372afbff900822aace793300fe354753,7952,touchstone_s1p,canonical_valid,ANT1577H,P1,201,Hz,10000000.0,2000000000.0,737d04a0562a64e68904607b89607de2aff449372af6806db76e2cba949f2d3c,Legacy GHz header corrected to Hz; numeric rows preserved from 17f0a758.,three_columns_per_data_row;finite_numeric_data;strictly_increasing_frequency;declared_unit_Hz;corrected_frequency_unit_header;numeric_rows_preserved_from_17f0a758
Results/Touchstone_Files/ANT1577H_P2.s1p,2fd3f7a16dfe45b7a585217a59a8a0246bd1d9857620512f8769912a5b13e05c,7955,touchstone_s1p,canonical_valid,ANT1577H,P2,201,Hz,10000000.0,2000000000.0,6c7f52e157a9d2df3516e569387a9854721c80cb9d665069426cda314f5c1df0,Legacy GHz header corrected to Hz; numeric rows preserved from 17f0a758.,three_columns_per_data_row;finite_numeric_data;strictly_increasing_frequency;declared_unit_Hz;corrected_frequency_unit_header;numeric_rows_preserved_from_17f0a758
Results/Touchstone_Files/ANT1578H_P1.s1p,89343a1c29794fdf6d3a1f498793f4d8a8fe52b83daf3d4aec607de9d2baabcc,7962,touchstone_s1p,canonical_valid,ANT1578H,P1,201,Hz,10000000.0,2000000000.0,51b2768a9593b55197d458063185e80a1d1098143957bbce141011baa9b420f5,Legacy GHz header corrected to Hz; numeric rows preserved from 17f0a758.,three_columns_per_data_row;finite_numeric_data;strictly_increasing_frequency;declared_unit_Hz;corrected_frequency_unit_header;numeric_rows_preserved_from_17f0a758
Results/Touchstone_Files/ANT1578H_P2.s1p,764a09c1a91c2b18a37b0d6ddca87add12d4b8a8c9f1c216067469671c8a33e6,7963,touchstone_s1p,canonical_valid,ANT1578H,P2,201,Hz,10000000.0,2000000000.0,ee2f79cad43bb1e8200087e96de8b061c5926258e63a3779f5df893aa3767927,Legacy GHz header corrected to Hz; numeric rows preserved from 17f0a758.,three_columns_per_data_row;finite_numeric_data;strictly_increasing_frequency;declared_unit_Hz;corrected_frequency_unit_header;numeric_rows_preserved_from_17f0a758
Results/Touchstone_Files/ANT1579H_P1.s1p,f11ba80e60700cdde9a423a45b6987ce39f2af3f9c36fafa4fa9b7f6f6ed6c72,7949,touchstone_s1p,canonical_valid,ANT1579H,P1,201,Hz,10000000.0,2000000000.0,64a1a9edb01c0a95c80d781bcb7a3dce4d18696515d23d0c383b786e955362a3,Legacy GHz header corrected to Hz; numeric rows preserved from 17f0a758.,three_columns_per_data_row;finite_numeric_data;strictly_increasing_frequency;declared_unit_Hz;corrected_frequency_unit_header;numeric_rows_preserved_from_17f0a758
Results/Touchstone_Files/ANT1579H_P2.s1p,8432a1dd0e565c5bca64cba85777a1e3a8cdf9eb43cde2f04dc8901ef1e1ee0c,7978,touchstone_s1p,canonical_valid,ANT1579H,P2,201,Hz,10000000.0,2000000000.0,6e92ac3b40401f7bea703a7d0f2c805fc934aaa3f8042f4b2335f1c5305f316b,Legacy GHz header corrected to Hz; numeric rows preserved from 17f0a758.,three_columns_per_data_row;finite_numeric_data;strictly_increasing_frequency;declared_unit_Hz;corrected_frequency_unit_header;numeric_rows_preserved_from_17f0a758
Results/Touchstone_Files/ANT1580H_P1.s1p,ba6f3db5fee72a88135ecdc558be7bcb30e4a7b45c4d05ce9945e6a63e33b531,7965,touchstone_s1p,canonical_valid,ANT1580H,P1,201,Hz,10000000.0,2000000000.0,f9c5a73e591746428e0a5541da1804cb986bfa755511c3f6b7296a88921a7fc2,Legacy GHz header corrected to Hz; numeric rows preserved from 17f0a758.,three_columns_per_data_row;finite_numeric_data;strictly_increasing_frequency;declared_unit_Hz;corrected_frequency_unit_header;numeric_rows_preserved_from_17f0a758
Results/Touchstone_Files/ANT1580H_P2.s1p,c90571c756b1c7de9e9804e647effc0cca5d5e57335d34a6425d6064c16bc46c,7951,touchstone_s1p,canonical_valid,ANT1580H,P2,201,Hz,10000000.0,2000000000.0,925f9b7391dd5d5f9cf6cb4e0b63450098b144c4253ae6581960c98751b83d09,Legacy GHz header corrected to Hz; numeric rows preserved from 17f0a758.,three_columns_per_data_row;finite_numeric_data;strictly_increasing_frequency;declared_unit_Hz;corrected_frequency_unit_header;numeric_rows_preserved_from_17f0a758
Results/Touchstone_Files/ANT1581H_P1.s1p,8031a06e99bdcb9de3296075b2aa05ecd7882fa6cc1308b9aab0564c87f88bff,7953,touchstone_s1p,canonical_valid,ANT1581H,P1,201,Hz,10000000.0,2000000000.0,441586524c083710fb143340d1c12d3d85761516cb6759306ae88e3f4c76bf0a,Legacy GHz header corrected to Hz; numeric rows preserved from 17f0a758.,three_columns_per_data_row;finite_numeric_data;strictly_increasing_frequency;declared_unit_Hz;corrected_frequency_unit_header;numeric_rows_preserved_from_17f0a758
Results/Touchstone_Files/ANT1581H_P2.s1p,b79358c03c481d96c9df673b3d7ac921b855d4bfbef2269a61fb1347ac3dc216,7968,touchstone_s1p,canonical_valid,ANT1581H,P2,201,Hz,10000000.0,2000000000.0,3885e88b4525ef74164eb08638504af7973e075c1a9837ce14f55dc91ff03846,Legacy GHz header corrected to Hz; numeric rows preserved from 17f0a758.,three_columns_per_data_row;finite_numeric_data;strictly_increasing_frequency;declared_unit_Hz;corrected_frequency_unit_header;numeric_rows_preserved_from_17f0a758
Results/Touchstone_Files/ANT1583H_P1.s1p,da4e4951b5c037b1b5d18812231522752bbfb7b4882b7c6b3b449db8afedba28,7967,touchstone_s1p,canonical_valid,ANT1583H,P1,201,Hz,10000000.0,2000000000.0,f0019bcafbb1202cb208466268f60ac5d3d3c0827011097e6a0d8e8471105d3e,Legacy GHz header corrected to Hz; numeric rows preserved from 17f0a758.,three_columns_per_data_row;finite_numeric_data;strictly_increasing_frequency;declared_unit_Hz;corrected_frequency_unit_header;numeric_rows_preserved_from_17f0a758
Results/Touchstone_Files/ANT1583H_P2.s1p,9c83c03414651bf6dc28fb40466d86a9d87c750f8321e385b7fa3cfcdefe532f,7958,touchstone_s1p,canonical_valid,ANT1583H,P2,201,Hz,10000000.0,2000000000.0,77311a2288094d3e4abd5dabf6397cbbc39edb96c86fb0a1d227fd4acbd0c162,Legacy GHz header corrected to Hz; numeric rows preserved from 17f0a758.,three_columns_per_data_row;finite_numeric_data;strictly_increasing_frequency;declared_unit_Hz;corrected_frequency_unit_header;numeric_rows_preserved_from_17f0a758
Results/Touchstone_Files/ANT1584H_P1.s1p,889bc97623d7e9b5007cbe489c67e9c0c9d5c8169343737f685adf2cf65d8333,15747,touchstone_s1p,canonical_valid,ANT1584H,P1,401,Hz,10000000.0,2000000000.0,156ef83dddcda4f386f5648c10ff3b2f813c3d49f51c741285b53fda79ba4670,Legacy GHz header corrected to Hz; numeric rows preserved from 17f0a758.,three_columns_per_data_row;finite_numeric_data;strictly_increasing_frequency;declared_unit_Hz;corrected_frequency_unit_header;numeric_rows_preserved_from_17f0a758
Results/Touchstone_Files/ANT1584H_P2.s1p,cc6ba19546884234453c320854a622ad64eadb3fab1a9692736afc0231f2083e,15735,touchstone_s1p,canonical_valid,ANT1584H,P2,401,Hz,10000000.0,2000000000.0,81965988eb3719cebe1a122be8f9fd3482beb31bc07b87a10e24b7702d6c42d1,Legacy GHz header corrected to Hz; numeric rows preserved from 17f0a758.,three_columns_per_data_row;finite_numeric_data;strictly_increasing_frequency;declared_unit_Hz;corrected_frequency_unit_header;numeric_rows_preserved_from_17f0a758
Results/Touchstone_Files/ANT1585H_P1.s1p,7afaa91c22143e33cf4ad8504c868b029ef466e3ea79b3f78794688164bfde9c,15773,touchstone_s1p,canonical_valid,ANT1585H,P1,401,Hz,10000000.0,2000000000.0,16d5e6d650565be927c6753d0ba4267ce9e07e3cbbeeb290b8fb755365ffe3a4,Legacy GHz header corrected to Hz; numeric rows preserved from 17f0a758.,three_columns_per_data_row;finite_numeric_data;strictly_increasing_frequency;declared_unit_Hz;corrected_frequency_unit_header;numeric_rows_preserved_from_17f0a758
Results/Touchstone_Files/ANT1585H_P2.s1p,a2e89944f6ac9f555419826ff40ed0e15de5fed4272a02f4f16d328eef1e049b,15720,touchstone_s1p,canonical_valid,ANT1585H,P2,401,Hz,10000000.0,2000000000.0,b6be6eb0f5169031c455bfde2e0cfae1dc38c270cb42b24422ed3f04ebc9fd71,Legacy GHz header corrected to Hz; numeric rows preserved from 17f0a758.,three_columns_per_data_row;finite_numeric_data;strictly_increasing_frequency;declared_unit_Hz;corrected_frequency_unit_header;numeric_rows_preserved_from_17f0a758
Results/Touchstone_Files/ANT1585H_Retest_P1.s1p,ba0442e1772e5e00fa31e1f504034d53f23bea7a6c3b76266810d093dcee07cf,15778,touchstone_s1p,canonical_valid,ANT1585H,P1,401,Hz,10000000.0,2000000000.0,fc208f5e19cbc12131ed81f3e6c38ae04206f8f5954c493fc841faacbdbe0191,Legacy GHz header corrected to Hz; numeric rows preserved from 17f0a758.,three_columns_per_data_row;finite_numeric_data;strictly_increasing_frequency;declared_unit_Hz;corrected_frequency_unit_header;numeric_rows_preserved_from_17f0a758
Results/Touchstone_Files/ANT1585H_Retest_P2.s1p,4bdb14a140da6f1d3c27a73e39f15df1f6b7d5f27d420820abde7ff898c5d3fe,15810,touchstone_s1p,canonical_valid,ANT1585H,P2,401,Hz,10000000.0,2000000000.0,df4f39a23346e6b8c25a175d6c5e15b35b5427bd07d8695d573526ee121050c4,Legacy GHz header corrected to Hz; numeric rows preserved from 17f0a758.,three_columns_per_data_row;finite_numeric_data;strictly_increasing_frequency;declared_unit_Hz;corrected_frequency_unit_header;numeric_rows_preserved_from_17f0a758
Results/Touchstone_Files/ANT1586H_P1.s1p,221ee1afaa15687873b3d5c7e8f48add50a69e1db5b6d9c4f6e955d4c7f76ddb,15767,touchstone_s1p,canonical_valid,ANT1586H,P1,401,Hz,10000000.0,2000000000.0,12f6cf473612a1b4aa726ff83ee694ce584d9e4151d8b1b3a3e55bb14c514c39,Legacy GHz header corrected to Hz; numeric rows preserved from 17f0a758.,three_columns_per_data_row;finite_numeric_data;strictly_increasing_frequency;declared_unit_Hz;corrected_frequency_unit_header;numeric_rows_preserved_from_17f0a758
Results/Touchstone_Files/ANT1586H_P2.s1p,da157b4d05d0ed79450036c91276bf8563747652a5e49e0d1ce177043c37fc6a,15770,touchstone_s1p,canonical_valid,ANT1586H,P2,401,Hz,10000000.0,2000000000.0,7fe45e937b2ea786888b5c8cf0cdc471043192cd7139459ca1006327bb2fc53b,Legacy GHz header corrected to Hz; numeric rows preserved from 17f0a758.,three_columns_per_data_row;finite_numeric_data;strictly_increasing_frequency;declared_unit_Hz;corrected_frequency_unit_header;numeric_rows_preserved_from_17f0a758
Results/Touchstone_Files/ANT1587H_P1.s1p,f3c0debdaccd83c954c1db859739c4541e249bdca54add50a7017e79ef830732,15754,touchstone_s1p,canonical_valid,ANT1587H,P1,401,Hz,10000000.0,2000000000.0,b35c9c2d181488c9af106a031d848253cbf71172848a57f4242caabb34561a59,Legacy GHz header corrected to Hz; numeric rows preserved from 17f0a758.,three_columns_per_data_row;finite_numeric_data;strictly_increasing_frequency;declared_unit_Hz;corrected_frequency_unit_header;numeric_rows_preserved_from_17f0a758
Results/Touchstone_Files/ANT1587H_P2.s1p,426b0dab3852f033b24981fc5a8923db5673713b1a65367d0698f3c97e88adbd,15744,touchstone_s1p,canonical_valid,ANT1587H,P2,401,Hz,10000000.0,2000000000.0,57bc1c73c8a114cd2f2cbd388ce32f573952871d5b42eb6482e6846fdeddebae,Legacy GHz header corrected to Hz; numeric rows preserved from 17f0a758.,three_columns_per_data_row;finite_numeric_data;strictly_increasing_frequency;declared_unit_Hz;corrected_frequency_unit_header;numeric_rows_preserved_from_17f0a758
Results/Touchstone_Files/ANT1588H_P1.s1p,89b1cdf2e23c6b93d2b6ed054a60a1c34d593aaaa1c55b6ab5d6843fc9c31932,15766,touchstone_s1p,canonical_valid,ANT1588H,P1,401,Hz,10000000.0,2000000000.0,c120df1c098bbfed2de004739a40573c4fbf9ded46335523a784866f60f7d3e2,Legacy GHz header corrected to Hz; numeric rows preserved from 17f0a758.,three_columns_per_data_row;finite_numeric_data;strictly_increasing_frequency;declared_unit_Hz;corrected_frequency_unit_header;numeric_rows_preserved_from_17f0a758
Results/Touchstone_Files/ANT1588H_P2.s1p,b1c0e33213c10c808f81e7a1030a77b12a99323a0cb16e01f2168d22fd954720,15716,touchstone_s1p,canonical_valid,ANT1588H,P2,401,Hz,10000000.0,2000000000.0,6065bf7166adee8b3ecbc208749b9c09761325a1e169803487e3c422e7488b4b,Legacy GHz header corrected to Hz; numeric rows preserved from 17f0a758.,three_columns_per_data_row;finite_numeric_data;strictly_increasing_frequency;declared_unit_Hz;corrected_frequency_unit_header;numeric_rows_preserved_from_17f0a758
Results/Touchstone_Files/ANT1589H_P1.s1p,5e4f0039c0ce5bd15acc2cc7732b480773ad26453930673203ba894fb6da9b44,15786,touchstone_s1p,canonical_valid,ANT1589H,P1,401,Hz,10000000.0,2000000000.0,7e8bd262a9501e2e95d72a7ae32022135247c1664592c5dfcc201aba28074814,Legacy GHz header corrected to Hz; numeric rows preserved from 17f0a758.,three_columns_per_data_row;finite_numeric_data;strictly_increasing_frequency;declared_unit_Hz;corrected_frequency_unit_header;numeric_rows_preserved_from_17f0a758
Results/Touchstone_Files/ANT1589H_P2.s1p,eb5df9f937a70e0419acd700911e07f8c012d81fd98d52696767b4bb9cf5563e,15740,touchstone_s1p,canonical_valid,ANT1589H,P2,401,Hz,10000000.0,2000000000.0,6f5698c95def3c1d589ede8e7d40cca249fdb013be4c8253c164aebcd6113a30,Legacy GHz header corrected to Hz; numeric rows preserved from 17f0a758.,three_columns_per_data_row;finite_numeric_data;strictly_increasing_frequency;declared_unit_Hz;corrected_frequency_unit_header;numeric_rows_preserved_from_17f0a758
Results/Touchstone_Files/ANT1590H_P1.s1p,21922b13ae110e01e357f9eebdef26c53542b25068c7994da671f2c3f3e40aca,15774,touchstone_s1p,canonical_valid,ANT1590H,P1,401,Hz,10000000.0,2000000000.0,a5e3cb64bdbfac5375554fdec9392de578ab6b304f0ba0ab126f24eb9af3dc19,Legacy GHz header corrected to Hz; numeric rows preserved from 17f0a758.,three_columns_per_data_row;finite_numeric_data;strictly_increasing_frequency;declared_unit_Hz;corrected_frequency_unit_header;numeric_rows_preserved_from_17f0a758
Results/Touchstone_Files/ANT1590H_P2.s1p,22c579fc8b47255ce9474dd459d31bacf17ef7c8a8926800b428340e9edcbe95,15773,touchstone_s1p,canonical_valid,ANT1590H,P2,401,Hz,10000000.0,2000000000.0,2499f1581544980729f27602376bbb1bfdd4dcf8f24cc743da5c6b742d702a03,Legacy GHz header corrected to Hz; numeric rows preserved from 17f0a758.,three_columns_per_data_row;finite_numeric_data;strictly_increasing_frequency;declared_unit_Hz;corrected_frequency_unit_header;numeric_rows_preserved_from_17f0a758
Results/Touchstone_Files/ANT1591H_P1.s1p,04c1867e9c34d46c28767a0801399dbe1e3e7bc16edb1791620dfd69bde97c33,15778,touchstone_s1p,canonical_valid,ANT1591H,P1,401,Hz,10000000.0,2000000000.0,99f4471d4f3f8cf0f3b03fb1156279ea46c4e960fb40d63e6591e85777909c51,Legacy GHz header corrected to Hz; numeric rows preserved from 17f0a758.,three_columns_per_data_row;finite_numeric_data;strictly_increasing_frequency;declared_unit_Hz;corrected_frequency_unit_header;numeric_rows_preserved_from_17f0a758
Results/Touchstone_Files/ANT1591H_P2.s1p,4443d33d439e9eae4ef512c4c89ebeb2fee8bc01f617e038c560fbeb6654a031,15736,touchstone_s1p,canonical_valid,ANT1591H,P2,401,Hz,10000000.0,2000000000.0,1336d8f475edb2a96bdc1ce5ba8e98c54d0d1977af9b4ac9aaf1905e878be570,Legacy GHz header corrected to Hz; numeric rows preserved from 17f0a758.,three_columns_per_data_row;finite_numeric_data;strictly_increasing_frequency;declared_unit_Hz;corrected_frequency_unit_header;numeric_rows_preserved_from_17f0a758
Results/Touchstone_Files/ANT1592H_P1.s1p,64ec7070c21396b47e036353621748b396918dfe294920010378698abd3a44a4,15769,touchstone_s1p,canonical_valid,ANT1592H,P1,401,Hz,10000000.0,2000000000.0,9de76784102f0e39cfece7c602fcc511350469a8e3d8ea876ac5c60dff9a2ea4,Legacy GHz header corrected to Hz; numeric rows preserved from 17f0a758.,three_columns_per_data_row;finite_numeric_data;strictly_increasing_frequency;declared_unit_Hz;corrected_frequency_unit_header;numeric_rows_preserved_from_17f0a758
Results/Touchstone_Files/ANT1592H_P2.s1p,d4a7bb1ac4994907511bd66b5164fc4673087f7aad637477878e319794426df6,15725,touchstone_s1p,canonical_valid,ANT1592H,P2,401,Hz,10000000.0,2000000000.0,0786551e14bb5733545a1ef6199de79980a35e4d48332db40896334ca23548b4,Legacy GHz header corrected to Hz; numeric rows preserved from 17f0a758.,three_columns_per_data_row;finite_numeric_data;strictly_increasing_frequency;declared_unit_Hz;corrected_frequency_unit_header;numeric_rows_preserved_from_17f0a758
Results/Touchstone_Files/ANT1594H_P1.s1p,fcc56c5f63d03bca28101595dab4ace8caff825c1822814ebdb6546d1a27c275,15773,touchstone_s1p,canonical_valid,ANT1594H,P1,401,Hz,10000000.0,2000000000.0,026cad6ebb7a100f3d64e0405e41e0b50be4b30099455408d93e1e66aa209974,Legacy GHz header corrected to Hz; numeric rows preserved from 17f0a758.,three_columns_per_data_row;finite_numeric_data;strictly_increasing_frequency;declared_unit_Hz;corrected_frequency_unit_header;numeric_rows_preserved_from_17f0a758
Results/Touchstone_Files/ANT1594H_P2.s1p,c6d6c9c79e132ed6bb81a885030962305c8d27ac0c5a43721162e9308fcde815,15746,touchstone_s1p,canonical_valid,ANT1594H,P2,401,Hz,10000000.0,2000000000.0,b70637bdaa3afddc26f5172135b9d02be5e26e8a6cf27e1ec27763cea0cc0eff,Legacy GHz header corrected to Hz; numeric rows preserved from 17f0a758.,three_columns_per_data_row;finite_numeric_data;strictly_increasing_frequency;declared_unit_Hz;corrected_frequency_unit_header;numeric_rows_preserved_from_17f0a758
Results/Touchstone_Files/ANT1595H_P1.s1p,fc28f6cddf104da3cd2f0cfafe9cba9e38e9656bd098b26f2996da18a405c08a,15759,touchstone_s1p,canonical_valid,ANT1595H,P1,401,Hz,10000000.0,2000000000.0,d2a5dd834334b4e6bb59320f848d0a7e5911a25c3cf31ae488ba41f7f5d46231,Legacy GHz header corrected to Hz; numeric rows preserved from 17f0a758.,three_columns_per_data_row;finite_numeric_data;strictly_increasing_frequency;declared_unit_Hz;corrected_frequency_unit_header;numeric_rows_preserved_from_17f0a758
Results/Touchstone_Files/ANT1595H_P2.s1p,03c49c1931d39ff7a237da494cd54beb2c7b19c8cb4ec41d97006927ba3fe948,15741,touchstone_s1p,canonical_valid,ANT1595H,P2,401,Hz,10000000.0,2000000000.0,4b545207e41b076513cfafeeaff93c65f132a2a589926833c05ce64b95bace73,Legacy GHz header corrected to Hz; numeric rows preserved from 17f0a758.,three_columns_per_data_row;finite_numeric_data;strictly_increasing_frequency;declared_unit_Hz;corrected_frequency_unit_header;numeric_rows_preserved_from_17f0a758
Results/Touchstone_Files/ANT1596H_P1.s1p,572a32810feb8a1d93f4df25aa19041ac4f332d5ae10a9452007c940b9ab7f1c,8130,touchstone_s1p,canonical_valid,ANT1596H,P1,201,Hz,10000000.0,2000000000.0,1a8b45a2554763f53651312f62f7b093efba32cfd4818a9833b2b540bf0b1205,Legacy GHz header corrected to Hz; numeric rows preserved from 17f0a758.,three_columns_per_data_row;finite_numeric_data;strictly_increasing_frequency;declared_unit_Hz;corrected_frequency_unit_header;numeric_rows_preserved_from_17f0a758
Results/Touchstone_Files/ANT1596H_P2.s1p,4e8b2246c001275b37b9a5f6bfd13435de08d3fac3889af70d15b4a91ef1bfec,8134,touchstone_s1p,canonical_valid,ANT1596H,P2,201,Hz,10000000.0,2000000000.0,cefe5e735646d21fceaaa1fae8a8bec83491f130a44f48074af7fd8bf28d63ea,Legacy GHz header corrected to Hz; numeric rows preserved from 17f0a758.,three_columns_per_data_row;finite_numeric_data;strictly_increasing_frequency;declared_unit_Hz;corrected_frequency_unit_header;numeric_rows_preserved_from_17f0a758
Results/Touchstone_Files/ANT1598H_P1.s1p,4669a0174bf1521e168b87aa23baaeb2721a8359911938f8fb29b5636fdc9ede,8121,touchstone_s1p,canonical_valid,ANT1598H,P1,201,Hz,10000000.0,2000000000.0,0b38b0054a7c3b8f7adc1d7c0e5d56ad1b3a23dafef752b4323ff14b68021939,Legacy GHz header corrected to Hz; numeric rows preserved from 17f0a758.,three_columns_per_data_row;finite_numeric_data;strictly_increasing_frequency;declared_unit_Hz;corrected_frequency_unit_header;numeric_rows_preserved_from_17f0a758
Results/Touchstone_Files/ANT1598H_P2.s1p,4e513ecd914e3244d2704c718368cde48dcd3eeff78fdfd46e707c3c4f34c664,8138,touchstone_s1p,canonical_valid,ANT1598H,P2,201,Hz,10000000.0,2000000000.0,089e009f85a0cd4c7758535786034fad2c591b357b2a22ee97dabbb6a0145a03,Legacy GHz header corrected to Hz; numeric rows preserved from 17f0a758.,three_columns_per_data_row;finite_numeric_data;strictly_increasing_frequency;declared_unit_Hz;corrected_frequency_unit_header;numeric_rows_preserved_from_17f0a758
Results/Touchstone_Files/ANT1600H_P1.s1p,9bc536b534a6bf981ca5be00b954c50ed652c4ea74209b6972e984095c1cc49a,15771,touchstone_s1p,canonical_valid,ANT1600H,P1,401,Hz,10000000.0,2000000000.0,78208b9e185c28ebbc230c63134da68839dfb5f405c39670f4a936c170695bd1,Legacy GHz header corrected to Hz; numeric rows preserved from 17f0a758.,three_columns_per_data_row;finite_numeric_data;strictly_increasing_frequency;declared_unit_Hz;corrected_frequency_unit_header;numeric_rows_preserved_from_17f0a758
Results/Touchstone_Files/ANT1600H_P2.s1p,238c840a483b76e30b1fbe520c73191136523bfa283da392b9cdc74b2de28743,15781,touchstone_s1p,canonical_valid,ANT1600H,P2,401,Hz,10000000.0,2000000000.0,bc15b1ae0443ba04f6220ce6f72fdde7a9f5d98610e1db61dc8669da87bb502c,Legacy GHz header corrected to Hz; numeric rows preserved from 17f0a758.,three_columns_per_data_row;finite_numeric_data;strictly_increasing_frequency;declared_unit_Hz;corrected_frequency_unit_header;numeric_rows_preserved_from_17f0a758
Results/Touchstone_Files/ANT1601H_P1.s1p,2949fabb7146bb573de5124f3b9863ba9aae9c84c34cba769a868cc134c47070,8132,touchstone_s1p,canonical_valid,ANT1601H,P1,201,Hz,10000000.0,2000000000.0,b37860dafebfa87d6952cb8c17d608fb07f2dfd88f57f80fe5e9c8b71b6481b1,Legacy GHz header corrected to Hz; numeric rows preserved from 17f0a758.,three_columns_per_data_row;finite_numeric_data;strictly_increasing_frequency;declared_unit_Hz;corrected_frequency_unit_header;numeric_rows_preserved_from_17f0a758
Results/Touchstone_Files/ANT1601H_P2.s1p,db6d0a99e36467be4edf82494f52133980be34074d8eadeb69469abf36ad5ff2,8127,touchstone_s1p,canonical_valid,ANT1601H,P2,201,Hz,10000000.0,2000000000.0,994ccde66bd0dfb597b374a4ad017bb7b11ce37df8fd993b36426af650784674,Legacy GHz header corrected to Hz; numeric rows preserved from 17f0a758.,three_columns_per_data_row;finite_numeric_data;strictly_increasing_frequency;declared_unit_Hz;corrected_frequency_unit_header;numeric_rows_preserved_from_17f0a758
Results/Touchstone_Files/ANT1602H_P1.s1p,7cb848e3544c4777c0bfa87163983da714157705b0f421ca0f69e837b30bae6c,8127,touchstone_s1p,canonical_valid,ANT1602H,P1,201,Hz,10000000.0,2000000000.0,26da4a69ec55bde774a81a041359b6dc40c6927cf51cff7f6be402414b66a591,Legacy GHz header corrected to Hz; numeric rows preserved from 17f0a758.,three_columns_per_data_row;finite_numeric_data;strictly_increasing_frequency;declared_unit_Hz;corrected_frequency_unit_header;numeric_rows_preserved_from_17f0a758
Results/Touchstone_Files/ANT1602H_P2.s1p,e4c4931ec307b5dd5ddf891a069a9ba5ce1180ae4629c362f705fc3b84059abd,8127,touchstone_s1p,canonical_valid,ANT1602H,P2,201,Hz,10000000.0,2000000000.0,dc2dac42998b8ecc7b6dbbf097cc6e7722d0a747653f3e47bfadcabc7ad9adfa,Legacy GHz header corrected to Hz; numeric rows preserved from 17f0a758.,three_columns_per_data_row;finite_numeric_data;strictly_increasing_frequency;declared_unit_Hz;corrected_frequency_unit_header;numeric_rows_preserved_from_17f0a758
Results/Touchstone_Files/ANT1603H_P1.s1p,5f2ace69661ae00634b5ab5b1b4a84a3fb5a74624ad32578fc2a5c711afc6ed5,15767,touchstone_s1p,canonical_valid,ANT1603H,P1,401,Hz,10000000.0,2000000000.0,9facfc56a548681c25f9d67bdb509741c29b9328671023c71f3bf0c839dfb119,Legacy GHz header corrected to Hz; numeric rows preserved from 17f0a758.,three_columns_per_data_row;finite_numeric_data;strictly_increasing_frequency;declared_unit_Hz;corrected_frequency_unit_header;numeric_rows_preserved_from_17f0a758
Results/Touchstone_Files/ANT1603H_P2.s1p,0488783624b6f437bc34e32199522b814b874fb0093c4f7ae85718cf76ec7a97,15741,touchstone_s1p,canonical_valid,ANT1603H,P2,401,Hz,10000000.0,2000000000.0,eae54c98f8a27bc09258b8d2b2ef7580374bccc3b6dc1097855faff284d3de34,Legacy GHz header corrected to Hz; numeric rows preserved from 17f0a758.,three_columns_per_data_row;finite_numeric_data;strictly_increasing_frequency;declared_unit_Hz;corrected_frequency_unit_header;numeric_rows_preserved_from_17f0a758
Results/Touchstone_Files/ANT1604H_P1.s1p,4795a3b1a8766ed432fadbcaa0309d5692f23c6cd7b286694bbab3c48cd021b8,8128,touchstone_s1p,canonical_valid,ANT1604H,P1,201,Hz,10000000.0,2000000000.0,3f043899a9408ac8af1898b90328f5521d0f2977a7842e6de46b6017a5dfbe21,Legacy GHz header corrected to Hz; numeric rows preserved from 17f0a758.,three_columns_per_data_row;finite_numeric_data;strictly_increasing_frequency;declared_unit_Hz;corrected_frequency_unit_header;numeric_rows_preserved_from_17f0a758
Results/Touchstone_Files/ANT1604H_P2.s1p,bdef37976a89347e8e6797b1d80e77cb146b3c01d9382055cdabb036cd7b3244,8143,touchstone_s1p,canonical_valid,ANT1604H,P2,201,Hz,10000000.0,2000000000.0,5d035468d4504bf64b6d9d696ad592cf6a0d9493abd17bac221934c1c420f59f,Legacy GHz header corrected to Hz; numeric rows preserved from 17f0a758.,three_columns_per_data_row;finite_numeric_data;strictly_increasing_frequency;declared_unit_Hz;corrected_frequency_unit_header;numeric_rows_preserved_from_17f0a758
Results/Touchstone_Files/ANT1606H_P1.s1p,8254665e9a1eb8e2caeec3e0ecbeea2b177161d69a880f45f4238b3339a73ee8,8135,touchstone_s1p,canonical_valid,ANT1606H,P1,201,Hz,10000000.0,2000000000.0,dfff1e2db745e532dbddc143b25e87bdc4d07b42229d03f071b462088c8ed922,Legacy GHz header corrected to Hz; numeric rows preserved from 17f0a758.,three_columns_per_data_row;finite_numeric_data;strictly_increasing_frequency;declared_unit_Hz;corrected_frequency_unit_header;numeric_rows_preserved_from_17f0a758
Results/Touchstone_Files/ANT1606H_P2.s1p,5638237b203144a1798c3c35e0c72cc232085f03355cdcc9f472f8ab1a6567d7,8124,touchstone_s1p,canonical_valid,ANT1606H,P2,201,Hz,10000000.0,2000000000.0,ecb6b4aae5de7cb3d20936be4ddb1d3caea6484cac3aaf35abeb754dbd556426,Legacy GHz header corrected to Hz; numeric rows preserved from 17f0a758.,three_columns_per_data_row;finite_numeric_data;strictly_increasing_frequency;declared_unit_Hz;corrected_frequency_unit_header;numeric_rows_preserved_from_17f0a758
Results/Touchstone_Files/ANt1443H_P1.s1p,9d2bb91f113a126e622ce832500d730e6efb61b9775394fea67695248d4b3196,8183,touchstone_s1p,canonical_valid,ANt1443H,P1,201,Hz,10000000.0,2000000000.0,ae706a04db02812bc25d2fed4d1d84cb93f200b616fdb02b442bc89eb6e1671c,Legacy GHz header corrected to Hz; numeric rows preserved from 17f0a758.,three_columns_per_data_row;finite_numeric_data;strictly_increasing_frequency;declared_unit_Hz;corrected_frequency_unit_header;numeric_rows_preserved_from_17f0a758
Results/Touchstone_Files/ANt1443H_P2.s1p,4aae9f7d2cd251b207ec9471f669b40b8184a183c2376323f696f527f86b6036,8194,touchstone_s1p,canonical_valid,ANt1443H,P2,201,Hz,10000000.0,2000000000.0,3b9007b47be63a0ae332c66bfdbd13e8391bfa8c285c834457f31de6d519c665,Legacy GHz header corrected to Hz; numeric rows preserved from 17f0a758.,three_columns_per_data_row;finite_numeric_data;strictly_increasing_frequency;declared_unit_Hz;corrected_frequency_unit_header;numeric_rows_preserved_from_17f0a758
Results/Touchstone_Files/ANt1593H_P1.s1p,8d6100b6500521b0f4c4e55d3f882ec277433c45a8b5052687cbc20a26001ee5,8132,touchstone_s1p,canonical_valid,ANt1593H,P1,201,Hz,10000000.0,2000000000.0,fe2c3b5316db1e2f360e209f95ddaa03ef17e33a1863726a3b82dcdcd7275d56,Legacy GHz header corrected to Hz; numeric rows preserved from 17f0a758.,three_columns_per_data_row;finite_numeric_data;strictly_increasing_frequency;declared_unit_Hz;corrected_frequency_unit_header;numeric_rows_preserved_from_17f0a758
Results/Touchstone_Files/ANt1593H_P2.s1p,1f11461d39d3d9c270c0bb28d3da73c2f4a65adf1635983aecaa0a562409d0f3,8131,touchstone_s1p,canonical_valid,ANt1593H,P2,201,Hz,10000000.0,2000000000.0,e2783d3ad062a05e715974bf0ebc7c938dbb285fb6fcc697cc22d4b1e147abba,Legacy GHz header corrected to Hz; numeric rows preserved from 17f0a758.,three_columns_per_data_row;finite_numeric_data;strictly_increasing_frequency;declared_unit_Hz;corrected_frequency_unit_header;numeric_rows_preserved_from_17f0a758
Results/Touchstone_Files/ANt1597H_P1.s1p,f12b914373bdba06109210a2bd75a497c983625e01440e6892dcbd57231a65c3,15739,touchstone_s1p,canonical_valid,ANt1597H,P1,401,Hz,10000000.0,2000000000.0,60869344b5041fd16961cbe60a628adc89704b62c48a11501cd1aede77a4b53b,Legacy GHz header corrected to Hz; numeric rows preserved from 17f0a758.,three_columns_per_data_row;finite_numeric_data;strictly_increasing_frequency;declared_unit_Hz;corrected_frequency_unit_header;numeric_rows_preserved_from_17f0a758
Results/Touchstone_Files/ANt1597H_P2.s1p,c044a348fbe543b301d39b729b196e952ecb3979c8fb2c7fde1abede695d3c80,15725,touchstone_s1p,canonical_valid,ANt1597H,P2,401,Hz,10000000.0,2000000000.0,c2c562afecab5e1ac0ce9640ba34b98c68094ffe5e311dd511b7ce9573d43c87,Legacy GHz header corrected to Hz; numeric rows preserved from 17f0a758.,three_columns_per_data_row;finite_numeric_data;strictly_increasing_frequency;declared_unit_Hz;corrected_frequency_unit_header;numeric_rows_preserved_from_17f0a758
Results/Touchstone_Files/ANt1599H_P1.s1p,fc51c1d103b106ec4798bc51b4c14e80517c5e550c34f1beab8332f4976871a7,8123,touchstone_s1p,canonical_valid,ANt1599H,P1,201,Hz,10000000.0,2000000000.0,4b37401a676a9ef4d6045d01ba72c39a85445193c9f36d4e57f3b4f040dd4bc9,Legacy GHz header corrected to Hz; numeric rows preserved from 17f0a758.,three_columns_per_data_row;finite_numeric_data;strictly_increasing_frequency;declared_unit_Hz;corrected_frequency_unit_header;numeric_rows_preserved_from_17f0a758
Results/Touchstone_Files/ANt1599H_P2.s1p,378e0c75d2f4c33ebe02e7bb19209abc2dce02a33c15aa7f2e6b35cc112ac951,8129,touchstone_s1p,canonical_valid,ANt1599H,P2,201,Hz,10000000.0,2000000000.0,115421c46ca17edd590b055ca0dfd899c33819fd0b0a1de0c37626ded397682b,Legacy GHz header corrected to Hz; numeric rows preserved from 17f0a758.,three_columns_per_data_row;finite_numeric_data;strictly_increasing_frequency;declared_unit_Hz;corrected_frequency_unit_header;numeric_rows_preserved_from_17f0a758
Results/Touchstone_Files/Covered_1_P1.s1p,f838d863c4a9994ff57dab210c8f27e79b8a3a9231969e89b34c0c7859aa624d,8183,touchstone_s1p,canonical_valid,,P1,201,Hz,10000000.0,2000000000.0,35b5a265112d3fc868579e5445d941069ebc9e9594437063efdc6fbd2fbc0264,Legacy GHz header corrected to Hz; numeric rows preserved from 17f0a758.,three_columns_per_data_row;finite_numeric_data;strictly_increasing_frequency;declared_unit_Hz;corrected_frequency_unit_header;numeric_rows_preserved_from_17f0a758
Results/Touchstone_Files/Covered_1_P2.s1p,9bc7724f9b44739436711f6da20f1bef69c0a4f595e4a4804817cb4090d80e30,8173,touchstone_s1p,canonical_valid,,P2,201,Hz,10000000.0,2000000000.0,af26f6786832dec4bef832c2b90eecdf12d9bf10a7ac60608c14935e70a8a0e5,Legacy GHz header corrected to Hz; numeric rows preserved from 17f0a758.,three_columns_per_data_row;finite_numeric_data;strictly_increasing_frequency;declared_unit_Hz;corrected_frequency_unit_header;numeric_rows_preserved_from_17f0a758
Results/Touchstone_Files/Covered_2_P1.s1p,6b21cbce1e3d4a0e6d813b65c35cf2be558f73c3042aaca94323ac116a4b7c70,8178,touchstone_s1p,canonical_valid,,P1,201,Hz,10000000.0,2000000000.0,d7893aabf2bbec11c8d17ddcb82855c6bcb31ffc81875998a02348d3d432de22,Legacy GHz header corrected to Hz; numeric rows preserved from 17f0a758.,three_columns_per_data_row;finite_numeric_data;strictly_increasing_frequency;declared_unit_Hz;corrected_frequency_unit_header;numeric_rows_preserved_from_17f0a758
Results/Touchstone_Files/Covered_2_P2.s1p,846aa4c17d5f7ba02919f0ae44e10ba909046e3f683976ef0b5b94e7ce2eb419,8181,touchstone_s1p,canonical_valid,,P2,201,Hz,10000000.0,2000000000.0,da12c99e7039d9fa14bb98e5293112b54b5ddc33620558a34d2696aadbdcfd57,Legacy GHz header corrected to Hz; numeric rows preserved from 17f0a758.,three_columns_per_data_row;finite_numeric_data;strictly_increasing_frequency;declared_unit_Hz;corrected_frequency_unit_header;numeric_rows_preserved_from_17f0a758
Results/Touchstone_Files/Covered_3_P1.s1p,3227414121dac18d677795117de891ca7bf3b09ded6c5d8c860532a8383de4bb,8165,touchstone_s1p,canonical_valid,,P1,201,Hz,10000000.0,2000000000.0,2bc4fc9a1a2e4833bc168d036271ee648f0db5796ec6054f0bc75f91727bb0ae,Legacy GHz header corrected to Hz; numeric rows preserved from 17f0a758.,three_columns_per_data_row;finite_numeric_data;strictly_increasing_frequency;declared_unit_Hz;corrected_frequency_unit_header;numeric_rows_preserved_from_17f0a758
Results/Touchstone_Files/Covered_3_P2.s1p,7804b28a0aaf6095e59b86fab2565f8749adf01a6ac2d6ee23cbffe17dce8b20,8168,touchstone_s1p,canonical_valid,,P2,201,Hz,10000000.0,2000000000.0,65913fcb604cbbad06562b30c5c199d0c50497e23e6fd6c5789d78a1ea8effae,Legacy GHz header corrected to Hz; numeric rows preserved from 17f0a758.,three_columns_per_data_row;finite_numeric_data;strictly_increasing_frequency;declared_unit_Hz;corrected_frequency_unit_header;numeric_rows_preserved_from_17f0a758
Results/Touchstone_Files/Covered_4_P1.s1p,be782ac0ca9dbd7a1f0ed791ededb871bc830ad42a0c9d7a978eeceaf34f5044,8180,touchstone_s1p,canonical_valid,,P1,201,Hz,10000000.0,2000000000.0,923af22c68ccc6d46117f9f157e246e2807796d6d6c549937ed25b4afa1102f5,Legacy GHz header corrected to Hz; numeric rows preserved from 17f0a758.,three_columns_per_data_row;finite_numeric_data;strictly_increasing_frequency;declared_unit_Hz;corrected_frequency_unit_header;numeric_rows_preserved_from_17f0a758
Results/Touchstone_Files/Covered_4_P2.s1p,5df81cce890a2bc88eb08538c132a99a69e314a17c4bdb94ee435ebe08513e7e,8187,touchstone_s1p,canonical_valid,,P2,201,Hz,10000000.0,2000000000.0,db4081fe4ada8fe1a9d80b892486b28a0d4883ceec274176e990087993a607d9,Legacy GHz header corrected to Hz; numeric rows preserved from 17f0a758.,three_columns_per_data_row;finite_numeric_data;strictly_increasing_frequency;declared_unit_Hz;corrected_frequency_unit_header;numeric_rows_preserved_from_17f0a758
Results/Touchstone_Files/ant324049804957954387945876_P1.s1p,e04712ad9a9bff67d181c804444394e101f000556a168b68793ded589cdc19e5,15655,touchstone_s1p,canonical_valid,ant324049804957954387945876,P1,401,Hz,10000000.0,2000000000.0,9749ef8cddb0189d87552e8e42896033f1789b5e32b9d7f0f3fa037baf814253,Legacy GHz header corrected to Hz; numeric rows preserved from 17f0a758.,three_columns_per_data_row;finite_numeric_data;strictly_increasing_frequency;declared_unit_Hz;corrected_frequency_unit_header;numeric_rows_preserved_from_17f0a758
Results/Touchstone_Files/ant324049804957954387945876_P2.s1p,863785e479ac88ccc2394206df2d1b8c619b77ba01f1556b331ae10be4b815fe,15669,touchstone_s1p,canonical_valid,ant324049804957954387945876,P2,401,Hz,10000000.0,2000000000.0,12af5e56e79f06b7c52cf5bef623fa57d0cae23b5b69b9af1e18132f1bee2155,Legacy GHz header corrected to Hz; numeric rows preserved from 17f0a758.,three_columns_per_data_row;finite_numeric_data;strictly_increasing_frequency;declared_unit_Hz;corrected_frequency_unit_header;numeric_rows_preserved_from_17f0a758
Results/Touchstone_Files/labtest1_P1.s1p,6b9d2978c2880c8c0c2257361ed497cba4f8a73b79412fc5dfccd329ca9d0365,15669,touchstone_s1p,canonical_valid,,P1,401,Hz,10000000.0,2000000000.0,d50a0c783348d95f418892f738fc42732c48033b9797981bee6f8ae6fc731fe3,Legacy GHz header corrected to Hz; numeric rows preserved from 17f0a758.,three_columns_per_data_row;finite_numeric_data;strictly_increasing_frequency;declared_unit_Hz;corrected_frequency_unit_header;numeric_rows_preserved_from_17f0a758
Results/Touchstone_Files/labtest1_P2.s1p,eb224837787eb15f215f3e2f2f042264ff325a26e6dc904c93fc888f387edec5,15653,touchstone_s1p,canonical_valid,,P2,401,Hz,10000000.0,2000000000.0,b29e06126a6a0e8147c76b5ad1c96d41612d154beba93c4f8939797a08a52a29,Legacy GHz header corrected to Hz; numeric rows preserved from 17f0a758.,three_columns_per_data_row;finite_numeric_data;strictly_increasing_frequency;declared_unit_Hz;corrected_frequency_unit_header;numeric_rows_preserved_from_17f0a758
Results/Touchstone_Files/testagain_P1.s1p,951cf2391b412d9f4a6626f0f7a883bd931742a3cd7910556df9a9c0c39f400a,7971,touchstone_s1p,canonical_valid,,P1,201,Hz,10000000.0,2000000000.0,aad820032773282b70a62386be3415bc9ddd7eb8a282e7dc3372afb9a028855c,Legacy GHz header corrected to Hz; numeric rows preserved from 17f0a758.,three_columns_per_data_row;finite_numeric_data;strictly_increasing_frequency;declared_unit_Hz;corrected_frequency_unit_header;numeric_rows_preserved_from_17f0a758
